2025-06-28 00:11:14 - HikariPool-1 - Thread starvation or clock leap detected (housekeeper delta=51m2s35ms718µs400ns).
2025-06-28 07:49:15 - HikariPool-1 - Thread starvation or clock leap detected (housekeeper delta=7h38m436ms377µs700ns).
2025-06-28 07:51:15 - Resolving eureka endpoints via configuration
2025-06-28 07:51:47 - Request execution error. endpoint=DefaultEndpoint{ serviceUrl='http://localhost:8761/eureka/} exception=I/O error on PUT request for "http://localhost:8761/eureka/apps/ORDERSERVICE/LTIN556294.cts.com:orderService:9997": Connect to http://localhost:8761 [localhost/127.0.0.1, localhost/0:0:0:0:0:0:0:1] failed: Connection refused: getsockopt stacktrace=org.springframework.web.client.ResourceAccessException: I/O error on PUT request for "http://localhost:8761/eureka/apps/ORDERSERVICE/LTIN556294.cts.com:orderService:9997": Connect to http://localhost:8761 [localhost/127.0.0.1, localhost/0:0:0:0:0:0:0:1] failed: Connection refused: getsockopt
	at org.springframework.web.client.RestTemplate.createResourceAccessException(RestTemplate.java:926)
	at org.springframework.web.client.RestTemplate.doExecute(RestTemplate.java:906)
	at org.springframework.web.client.RestTemplate.execute(RestTemplate.java:841)
	at org.springframework.web.client.RestTemplate.exchange(RestTemplate.java:702)
	at org.springframework.cloud.netflix.eureka.http.RestTemplateEurekaHttpClient.sendHeartBeat(RestTemplateEurekaHttpClient.java:119)
	at com.netflix.discovery.shared.transport.decorator.EurekaHttpClientDecorator$3.execute(EurekaHttpClientDecorator.java:92)
	at com.netflix.discovery.shared.transport.decorator.RedirectingEurekaHttpClient.execute(RedirectingEurekaHttpClient.java:91)
	at com.netflix.discovery.shared.transport.decorator.EurekaHttpClientDecorator.sendHeartBeat(EurekaHttpClientDecorator.java:89)
	at com.netflix.discovery.shared.transport.decorator.EurekaHttpClientDecorator$3.execute(EurekaHttpClientDecorator.java:92)
	at com.netflix.discovery.shared.transport.decorator.RetryableEurekaHttpClient.execute(RetryableEurekaHttpClient.java:120)
	at com.netflix.discovery.shared.transport.decorator.EurekaHttpClientDecorator.sendHeartBeat(EurekaHttpClientDecorator.java:89)
	at com.netflix.discovery.shared.transport.decorator.EurekaHttpClientDecorator$3.execute(EurekaHttpClientDecorator.java:92)
	at com.netflix.discovery.shared.transport.decorator.SessionedEurekaHttpClient.execute(SessionedEurekaHttpClient.java:76)
	at com.netflix.discovery.shared.transport.decorator.EurekaHttpClientDecorator.sendHeartBeat(EurekaHttpClientDecorator.java:89)
	at com.netflix.discovery.DiscoveryClient.renew(DiscoveryClient.java:845)
	at com.netflix.discovery.DiscoveryClient$HeartbeatThread.run(DiscoveryClient.java:1402)
	at java.base/java.util.concurrent.Executors$RunnableAdapter.call(Executors.java:572)
	at java.base/java.util.concurrent.FutureTask.run(FutureTask.java:317)
	at java.base/java.util.concurrent.ThreadPoolExecutor.runWorker(ThreadPoolExecutor.java:1144)
	at java.base/java.util.concurrent.ThreadPoolExecutor$Worker.run(ThreadPoolExecutor.java:642)
	at java.base/java.lang.Thread.run(Thread.java:1583)
Caused by: org.apache.hc.client5.http.HttpHostConnectException: Connect to http://localhost:8761 [localhost/127.0.0.1, localhost/0:0:0:0:0:0:0:1] failed: Connection refused: getsockopt
	at java.base/sun.nio.ch.Net.pollConnect(Native Method)
	at java.base/sun.nio.ch.Net.pollConnectNow(Net.java:682)
	at java.base/sun.nio.ch.NioSocketImpl.timedFinishConnect(NioSocketImpl.java:542)
	at java.base/sun.nio.ch.NioSocketImpl.connect(NioSocketImpl.java:592)
	at java.base/java.net.SocksSocketImpl.connect(SocksSocketImpl.java:327)
	at java.base/java.net.Socket.connect(Socket.java:751)
	at org.apache.hc.client5.http.impl.io.DefaultHttpClientConnectionOperator.connect(DefaultHttpClientConnectionOperator.java:216)
	at org.apache.hc.client5.http.impl.io.PoolingHttpClientConnectionManager.connect(PoolingHttpClientConnectionManager.java:490)
	at org.apache.hc.client5.http.impl.classic.InternalExecRuntime.connectEndpoint(InternalExecRuntime.java:164)
	at org.apache.hc.client5.http.impl.classic.InternalExecRuntime.connectEndpoint(InternalExecRuntime.java:174)
	at org.apache.hc.client5.http.impl.classic.ConnectExec.execute(ConnectExec.java:144)
	at org.apache.hc.client5.http.impl.classic.ExecChainElement.execute(ExecChainElement.java:51)
	at org.apache.hc.client5.http.impl.classic.ProtocolExec.execute(ProtocolExec.java:192)
	at org.apache.hc.client5.http.impl.classic.ExecChainElement.execute(ExecChainElement.java:51)
	at org.apache.hc.client5.http.impl.classic.ContentCompressionExec.execute(ContentCompressionExec.java:150)
	at org.apache.hc.client5.http.impl.classic.ExecChainElement.execute(ExecChainElement.java:51)
	at org.apache.hc.client5.http.impl.classic.HttpRequestRetryExec.execute(HttpRequestRetryExec.java:113)
	at org.apache.hc.client5.http.impl.classic.ExecChainElement.execute(ExecChainElement.java:51)
	at org.apache.hc.client5.http.impl.classic.RedirectExec.execute(RedirectExec.java:110)
	at org.apache.hc.client5.http.impl.classic.ExecChainElement.execute(ExecChainElement.java:51)
	at org.apache.hc.client5.http.impl.classic.InternalHttpClient.doExecute(InternalHttpClient.java:183)
	at org.apache.hc.client5.http.impl.classic.CloseableHttpClient.execute(CloseableHttpClient.java:87)
	at org.apache.hc.client5.http.impl.classic.CloseableHttpClient.execute(CloseableHttpClient.java:55)
	at org.apache.hc.client5.http.classic.HttpClient.executeOpen(HttpClient.java:183)
	at org.springframework.http.client.HttpComponentsClientHttpRequest.executeInternal(HttpComponentsClientHttpRequest.java:99)
	at org.springframework.http.client.AbstractStreamingClientHttpRequest.executeInternal(AbstractStreamingClientHttpRequest.java:71)
	at org.springframework.http.client.AbstractClientHttpRequest.execute(AbstractClientHttpRequest.java:81)
	at org.springframework.http.client.InterceptingClientHttpRequest$InterceptingRequestExecution.execute(InterceptingClientHttpRequest.java:117)
	at org.springframework.cloud.netflix.eureka.http.RestTemplateTransportClientFactory.lambda$restTemplate$2(RestTemplateTransportClientFactory.java:145)
	at org.springframework.http.client.InterceptingClientHttpRequest$InterceptingRequestExecution.execute(InterceptingClientHttpRequest.java:88)
	at org.springframework.http.client.InterceptingClientHttpRequest.executeInternal(InterceptingClientHttpRequest.java:72)
	at org.springframework.http.client.AbstractBufferingClientHttpRequest.executeInternal(AbstractBufferingClientHttpRequest.java:48)
	at org.springframework.http.client.AbstractClientHttpRequest.execute(AbstractClientHttpRequest.java:81)
	at org.springframework.web.client.RestTemplate.doExecute(RestTemplate.java:900)
	... 19 more

2025-06-28 07:51:47 - Request execution error. endpoint=DefaultEndpoint{ serviceUrl='http://localhost:8761/eureka/} exception=I/O error on GET request for "http://localhost:8761/eureka/apps/delta": Connect to http://localhost:8761 [localhost/127.0.0.1, localhost/0:0:0:0:0:0:0:1] failed: Connection refused: getsockopt stacktrace=org.springframework.web.client.ResourceAccessException: I/O error on GET request for "http://localhost:8761/eureka/apps/delta": Connect to http://localhost:8761 [localhost/127.0.0.1, localhost/0:0:0:0:0:0:0:1] failed: Connection refused: getsockopt
	at org.springframework.web.client.RestTemplate.createResourceAccessException(RestTemplate.java:926)
	at org.springframework.web.client.RestTemplate.doExecute(RestTemplate.java:906)
	at org.springframework.web.client.RestTemplate.execute(RestTemplate.java:841)
	at org.springframework.web.client.RestTemplate.exchange(RestTemplate.java:702)
	at org.springframework.cloud.netflix.eureka.http.RestTemplateEurekaHttpClient.getApplicationsInternal(RestTemplateEurekaHttpClient.java:174)
	at org.springframework.cloud.netflix.eureka.http.RestTemplateEurekaHttpClient.getDelta(RestTemplateEurekaHttpClient.java:186)
	at com.netflix.discovery.shared.transport.decorator.EurekaHttpClientDecorator$7.execute(EurekaHttpClientDecorator.java:152)
	at com.netflix.discovery.shared.transport.decorator.RedirectingEurekaHttpClient.execute(RedirectingEurekaHttpClient.java:91)
	at com.netflix.discovery.shared.transport.decorator.EurekaHttpClientDecorator.getDelta(EurekaHttpClientDecorator.java:149)
	at com.netflix.discovery.shared.transport.decorator.EurekaHttpClientDecorator$7.execute(EurekaHttpClientDecorator.java:152)
	at com.netflix.discovery.shared.transport.decorator.RetryableEurekaHttpClient.execute(RetryableEurekaHttpClient.java:120)
	at com.netflix.discovery.shared.transport.decorator.EurekaHttpClientDecorator.getDelta(EurekaHttpClientDecorator.java:149)
	at com.netflix.discovery.shared.transport.decorator.EurekaHttpClientDecorator$7.execute(EurekaHttpClientDecorator.java:152)
	at com.netflix.discovery.shared.transport.decorator.SessionedEurekaHttpClient.execute(SessionedEurekaHttpClient.java:76)
	at com.netflix.discovery.shared.transport.decorator.EurekaHttpClientDecorator.getDelta(EurekaHttpClientDecorator.java:149)
	at com.netflix.discovery.DiscoveryClient.getAndUpdateDelta(DiscoveryClient.java:1080)
	at com.netflix.discovery.DiscoveryClient.fetchRegistry(DiscoveryClient.java:963)
	at com.netflix.discovery.DiscoveryClient.refreshRegistry(DiscoveryClient.java:1473)
	at com.netflix.discovery.DiscoveryClient$CacheRefreshThread.run(DiscoveryClient.java:1441)
	at java.base/java.util.concurrent.Executors$RunnableAdapter.call(Executors.java:572)
	at java.base/java.util.concurrent.FutureTask.run(FutureTask.java:317)
	at java.base/java.util.concurrent.ThreadPoolExecutor.runWorker(ThreadPoolExecutor.java:1144)
	at java.base/java.util.concurrent.ThreadPoolExecutor$Worker.run(ThreadPoolExecutor.java:642)
	at java.base/java.lang.Thread.run(Thread.java:1583)
Caused by: org.apache.hc.client5.http.HttpHostConnectException: Connect to http://localhost:8761 [localhost/127.0.0.1, localhost/0:0:0:0:0:0:0:1] failed: Connection refused: getsockopt
	at java.base/sun.nio.ch.Net.pollConnect(Native Method)
	at java.base/sun.nio.ch.Net.pollConnectNow(Net.java:682)
	at java.base/sun.nio.ch.NioSocketImpl.timedFinishConnect(NioSocketImpl.java:542)
	at java.base/sun.nio.ch.NioSocketImpl.connect(NioSocketImpl.java:592)
	at java.base/java.net.SocksSocketImpl.connect(SocksSocketImpl.java:327)
	at java.base/java.net.Socket.connect(Socket.java:751)
	at org.apache.hc.client5.http.impl.io.DefaultHttpClientConnectionOperator.connect(DefaultHttpClientConnectionOperator.java:216)
	at org.apache.hc.client5.http.impl.io.PoolingHttpClientConnectionManager.connect(PoolingHttpClientConnectionManager.java:490)
	at org.apache.hc.client5.http.impl.classic.InternalExecRuntime.connectEndpoint(InternalExecRuntime.java:164)
	at org.apache.hc.client5.http.impl.classic.InternalExecRuntime.connectEndpoint(InternalExecRuntime.java:174)
	at org.apache.hc.client5.http.impl.classic.ConnectExec.execute(ConnectExec.java:144)
	at org.apache.hc.client5.http.impl.classic.ExecChainElement.execute(ExecChainElement.java:51)
	at org.apache.hc.client5.http.impl.classic.ProtocolExec.execute(ProtocolExec.java:192)
	at org.apache.hc.client5.http.impl.classic.ExecChainElement.execute(ExecChainElement.java:51)
	at org.apache.hc.client5.http.impl.classic.ContentCompressionExec.execute(ContentCompressionExec.java:150)
	at org.apache.hc.client5.http.impl.classic.ExecChainElement.execute(ExecChainElement.java:51)
	at org.apache.hc.client5.http.impl.classic.HttpRequestRetryExec.execute(HttpRequestRetryExec.java:113)
	at org.apache.hc.client5.http.impl.classic.ExecChainElement.execute(ExecChainElement.java:51)
	at org.apache.hc.client5.http.impl.classic.RedirectExec.execute(RedirectExec.java:110)
	at org.apache.hc.client5.http.impl.classic.ExecChainElement.execute(ExecChainElement.java:51)
	at org.apache.hc.client5.http.impl.classic.InternalHttpClient.doExecute(InternalHttpClient.java:183)
	at org.apache.hc.client5.http.impl.classic.CloseableHttpClient.execute(CloseableHttpClient.java:87)
	at org.apache.hc.client5.http.impl.classic.CloseableHttpClient.execute(CloseableHttpClient.java:55)
	at org.apache.hc.client5.http.classic.HttpClient.executeOpen(HttpClient.java:183)
	at org.springframework.http.client.HttpComponentsClientHttpRequest.executeInternal(HttpComponentsClientHttpRequest.java:99)
	at org.springframework.http.client.AbstractStreamingClientHttpRequest.executeInternal(AbstractStreamingClientHttpRequest.java:71)
	at org.springframework.http.client.AbstractClientHttpRequest.execute(AbstractClientHttpRequest.java:81)
	at org.springframework.http.client.InterceptingClientHttpRequest$InterceptingRequestExecution.execute(InterceptingClientHttpRequest.java:117)
	at org.springframework.cloud.netflix.eureka.http.RestTemplateTransportClientFactory.lambda$restTemplate$2(RestTemplateTransportClientFactory.java:145)
	at org.springframework.http.client.InterceptingClientHttpRequest$InterceptingRequestExecution.execute(InterceptingClientHttpRequest.java:88)
	at org.springframework.http.client.InterceptingClientHttpRequest.executeInternal(InterceptingClientHttpRequest.java:72)
	at org.springframework.http.client.AbstractBufferingClientHttpRequest.executeInternal(AbstractBufferingClientHttpRequest.java:48)
	at org.springframework.http.client.AbstractClientHttpRequest.execute(AbstractClientHttpRequest.java:81)
	at org.springframework.web.client.RestTemplate.doExecute(RestTemplate.java:900)
	... 22 more

2025-06-28 07:51:47 - Request execution failed with message: I/O error on PUT request for "http://localhost:8761/eureka/apps/ORDERSERVICE/LTIN556294.cts.com:orderService:9997": Connect to http://localhost:8761 [localhost/127.0.0.1, localhost/0:0:0:0:0:0:0:1] failed: Connection refused: getsockopt
2025-06-28 07:51:47 - Request execution failed with message: I/O error on GET request for "http://localhost:8761/eureka/apps/delta": Connect to http://localhost:8761 [localhost/127.0.0.1, localhost/0:0:0:0:0:0:0:1] failed: Connection refused: getsockopt
2025-06-28 07:51:47 - Request execution error. endpoint=DefaultEndpoint{ serviceUrl='http://localhost:8761/eureka/}, exception=I/O error on PUT request for "http://localhost:8761/eureka/apps/ORDERSERVICE/LTIN556294.cts.com:orderService:9997": Connect to http://localhost:8761 [localhost/127.0.0.1, localhost/0:0:0:0:0:0:0:1] failed: Connection refused: getsockopt stacktrace=org.springframework.web.client.ResourceAccessException: I/O error on PUT request for "http://localhost:8761/eureka/apps/ORDERSERVICE/LTIN556294.cts.com:orderService:9997": Connect to http://localhost:8761 [localhost/127.0.0.1, localhost/0:0:0:0:0:0:0:1] failed: Connection refused: getsockopt
	at org.springframework.web.client.RestTemplate.createResourceAccessException(RestTemplate.java:926)
	at org.springframework.web.client.RestTemplate.doExecute(RestTemplate.java:906)
	at org.springframework.web.client.RestTemplate.execute(RestTemplate.java:841)
	at org.springframework.web.client.RestTemplate.exchange(RestTemplate.java:702)
	at org.springframework.cloud.netflix.eureka.http.RestTemplateEurekaHttpClient.sendHeartBeat(RestTemplateEurekaHttpClient.java:119)
	at com.netflix.discovery.shared.transport.decorator.EurekaHttpClientDecorator$3.execute(EurekaHttpClientDecorator.java:92)
	at com.netflix.discovery.shared.transport.decorator.RedirectingEurekaHttpClient.executeOnNewServer(RedirectingEurekaHttpClient.java:121)
	at com.netflix.discovery.shared.transport.decorator.RedirectingEurekaHttpClient.execute(RedirectingEurekaHttpClient.java:80)
	at com.netflix.discovery.shared.transport.decorator.EurekaHttpClientDecorator.sendHeartBeat(EurekaHttpClientDecorator.java:89)
	at com.netflix.discovery.shared.transport.decorator.EurekaHttpClientDecorator$3.execute(EurekaHttpClientDecorator.java:92)
	at com.netflix.discovery.shared.transport.decorator.RetryableEurekaHttpClient.execute(RetryableEurekaHttpClient.java:120)
	at com.netflix.discovery.shared.transport.decorator.EurekaHttpClientDecorator.sendHeartBeat(EurekaHttpClientDecorator.java:89)
	at com.netflix.discovery.shared.transport.decorator.EurekaHttpClientDecorator$3.execute(EurekaHttpClientDecorator.java:92)
	at com.netflix.discovery.shared.transport.decorator.SessionedEurekaHttpClient.execute(SessionedEurekaHttpClient.java:76)
	at com.netflix.discovery.shared.transport.decorator.EurekaHttpClientDecorator.sendHeartBeat(EurekaHttpClientDecorator.java:89)
	at com.netflix.discovery.DiscoveryClient.renew(DiscoveryClient.java:845)
	at com.netflix.discovery.DiscoveryClient$HeartbeatThread.run(DiscoveryClient.java:1402)
	at java.base/java.util.concurrent.Executors$RunnableAdapter.call(Executors.java:572)
	at java.base/java.util.concurrent.FutureTask.run(FutureTask.java:317)
	at java.base/java.util.concurrent.ThreadPoolExecutor.runWorker(ThreadPoolExecutor.java:1144)
	at java.base/java.util.concurrent.ThreadPoolExecutor$Worker.run(ThreadPoolExecutor.java:642)
	at java.base/java.lang.Thread.run(Thread.java:1583)
Caused by: org.apache.hc.client5.http.HttpHostConnectException: Connect to http://localhost:8761 [localhost/127.0.0.1, localhost/0:0:0:0:0:0:0:1] failed: Connection refused: getsockopt
	at java.base/sun.nio.ch.Net.pollConnect(Native Method)
	at java.base/sun.nio.ch.Net.pollConnectNow(Net.java:682)
	at java.base/sun.nio.ch.NioSocketImpl.timedFinishConnect(NioSocketImpl.java:542)
	at java.base/sun.nio.ch.NioSocketImpl.connect(NioSocketImpl.java:592)
	at java.base/java.net.SocksSocketImpl.connect(SocksSocketImpl.java:327)
	at java.base/java.net.Socket.connect(Socket.java:751)
	at org.apache.hc.client5.http.impl.io.DefaultHttpClientConnectionOperator.connect(DefaultHttpClientConnectionOperator.java:216)
	at org.apache.hc.client5.http.impl.io.PoolingHttpClientConnectionManager.connect(PoolingHttpClientConnectionManager.java:490)
	at org.apache.hc.client5.http.impl.classic.InternalExecRuntime.connectEndpoint(InternalExecRuntime.java:164)
	at org.apache.hc.client5.http.impl.classic.InternalExecRuntime.connectEndpoint(InternalExecRuntime.java:174)
	at org.apache.hc.client5.http.impl.classic.ConnectExec.execute(ConnectExec.java:144)
	at org.apache.hc.client5.http.impl.classic.ExecChainElement.execute(ExecChainElement.java:51)
	at org.apache.hc.client5.http.impl.classic.ProtocolExec.execute(ProtocolExec.java:192)
	at org.apache.hc.client5.http.impl.classic.ExecChainElement.execute(ExecChainElement.java:51)
	at org.apache.hc.client5.http.impl.classic.ContentCompressionExec.execute(ContentCompressionExec.java:150)
	at org.apache.hc.client5.http.impl.classic.ExecChainElement.execute(ExecChainElement.java:51)
	at org.apache.hc.client5.http.impl.classic.HttpRequestRetryExec.execute(HttpRequestRetryExec.java:113)
	at org.apache.hc.client5.http.impl.classic.ExecChainElement.execute(ExecChainElement.java:51)
	at org.apache.hc.client5.http.impl.classic.RedirectExec.execute(RedirectExec.java:110)
	at org.apache.hc.client5.http.impl.classic.ExecChainElement.execute(ExecChainElement.java:51)
	at org.apache.hc.client5.http.impl.classic.InternalHttpClient.doExecute(InternalHttpClient.java:183)
	at org.apache.hc.client5.http.impl.classic.CloseableHttpClient.execute(CloseableHttpClient.java:87)
	at org.apache.hc.client5.http.impl.classic.CloseableHttpClient.execute(CloseableHttpClient.java:55)
	at org.apache.hc.client5.http.classic.HttpClient.executeOpen(HttpClient.java:183)
	at org.springframework.http.client.HttpComponentsClientHttpRequest.executeInternal(HttpComponentsClientHttpRequest.java:99)
	at org.springframework.http.client.AbstractStreamingClientHttpRequest.executeInternal(AbstractStreamingClientHttpRequest.java:71)
	at org.springframework.http.client.AbstractClientHttpRequest.execute(AbstractClientHttpRequest.java:81)
	at org.springframework.http.client.InterceptingClientHttpRequest$InterceptingRequestExecution.execute(InterceptingClientHttpRequest.java:117)
	at org.springframework.cloud.netflix.eureka.http.RestTemplateTransportClientFactory.lambda$restTemplate$2(RestTemplateTransportClientFactory.java:145)
	at org.springframework.http.client.InterceptingClientHttpRequest$InterceptingRequestExecution.execute(InterceptingClientHttpRequest.java:88)
	at org.springframework.http.client.InterceptingClientHttpRequest.executeInternal(InterceptingClientHttpRequest.java:72)
	at org.springframework.http.client.AbstractBufferingClientHttpRequest.executeInternal(AbstractBufferingClientHttpRequest.java:48)
	at org.springframework.http.client.AbstractClientHttpRequest.execute(AbstractClientHttpRequest.java:81)
	at org.springframework.web.client.RestTemplate.doExecute(RestTemplate.java:900)
	... 20 more

2025-06-28 07:51:47 - Request execution failed with message: I/O error on PUT request for "http://localhost:8761/eureka/apps/ORDERSERVICE/LTIN556294.cts.com:orderService:9997": Connect to http://localhost:8761 [localhost/127.0.0.1, localhost/0:0:0:0:0:0:0:1] failed: Connection refused: getsockopt
2025-06-28 07:51:47 - Request execution error. endpoint=DefaultEndpoint{ serviceUrl='http://localhost:8761/eureka/}, exception=I/O error on GET request for "http://localhost:8761/eureka/apps/delta": Connect to http://localhost:8761 [localhost/127.0.0.1, localhost/0:0:0:0:0:0:0:1] failed: Connection refused: getsockopt stacktrace=org.springframework.web.client.ResourceAccessException: I/O error on GET request for "http://localhost:8761/eureka/apps/delta": Connect to http://localhost:8761 [localhost/127.0.0.1, localhost/0:0:0:0:0:0:0:1] failed: Connection refused: getsockopt
	at org.springframework.web.client.RestTemplate.createResourceAccessException(RestTemplate.java:926)
	at org.springframework.web.client.RestTemplate.doExecute(RestTemplate.java:906)
	at org.springframework.web.client.RestTemplate.execute(RestTemplate.java:841)
	at org.springframework.web.client.RestTemplate.exchange(RestTemplate.java:702)
	at org.springframework.cloud.netflix.eureka.http.RestTemplateEurekaHttpClient.getApplicationsInternal(RestTemplateEurekaHttpClient.java:174)
	at org.springframework.cloud.netflix.eureka.http.RestTemplateEurekaHttpClient.getDelta(RestTemplateEurekaHttpClient.java:186)
	at com.netflix.discovery.shared.transport.decorator.EurekaHttpClientDecorator$7.execute(EurekaHttpClientDecorator.java:152)
	at com.netflix.discovery.shared.transport.decorator.RedirectingEurekaHttpClient.executeOnNewServer(RedirectingEurekaHttpClient.java:121)
	at com.netflix.discovery.shared.transport.decorator.RedirectingEurekaHttpClient.execute(RedirectingEurekaHttpClient.java:80)
	at com.netflix.discovery.shared.transport.decorator.EurekaHttpClientDecorator.getDelta(EurekaHttpClientDecorator.java:149)
	at com.netflix.discovery.shared.transport.decorator.EurekaHttpClientDecorator$7.execute(EurekaHttpClientDecorator.java:152)
	at com.netflix.discovery.shared.transport.decorator.RetryableEurekaHttpClient.execute(RetryableEurekaHttpClient.java:120)
	at com.netflix.discovery.shared.transport.decorator.EurekaHttpClientDecorator.getDelta(EurekaHttpClientDecorator.java:149)
	at com.netflix.discovery.shared.transport.decorator.EurekaHttpClientDecorator$7.execute(EurekaHttpClientDecorator.java:152)
	at com.netflix.discovery.shared.transport.decorator.SessionedEurekaHttpClient.execute(SessionedEurekaHttpClient.java:76)
	at com.netflix.discovery.shared.transport.decorator.EurekaHttpClientDecorator.getDelta(EurekaHttpClientDecorator.java:149)
	at com.netflix.discovery.DiscoveryClient.getAndUpdateDelta(DiscoveryClient.java:1080)
	at com.netflix.discovery.DiscoveryClient.fetchRegistry(DiscoveryClient.java:963)
	at com.netflix.discovery.DiscoveryClient.refreshRegistry(DiscoveryClient.java:1473)
	at com.netflix.discovery.DiscoveryClient$CacheRefreshThread.run(DiscoveryClient.java:1441)
	at java.base/java.util.concurrent.Executors$RunnableAdapter.call(Executors.java:572)
	at java.base/java.util.concurrent.FutureTask.run(FutureTask.java:317)
	at java.base/java.util.concurrent.ThreadPoolExecutor.runWorker(ThreadPoolExecutor.java:1144)
	at java.base/java.util.concurrent.ThreadPoolExecutor$Worker.run(ThreadPoolExecutor.java:642)
	at java.base/java.lang.Thread.run(Thread.java:1583)
Caused by: org.apache.hc.client5.http.HttpHostConnectException: Connect to http://localhost:8761 [localhost/127.0.0.1, localhost/0:0:0:0:0:0:0:1] failed: Connection refused: getsockopt
	at java.base/sun.nio.ch.Net.pollConnect(Native Method)
	at java.base/sun.nio.ch.Net.pollConnectNow(Net.java:682)
	at java.base/sun.nio.ch.NioSocketImpl.timedFinishConnect(NioSocketImpl.java:542)
	at java.base/sun.nio.ch.NioSocketImpl.connect(NioSocketImpl.java:592)
	at java.base/java.net.SocksSocketImpl.connect(SocksSocketImpl.java:327)
	at java.base/java.net.Socket.connect(Socket.java:751)
	at org.apache.hc.client5.http.impl.io.DefaultHttpClientConnectionOperator.connect(DefaultHttpClientConnectionOperator.java:216)
	at org.apache.hc.client5.http.impl.io.PoolingHttpClientConnectionManager.connect(PoolingHttpClientConnectionManager.java:490)
	at org.apache.hc.client5.http.impl.classic.InternalExecRuntime.connectEndpoint(InternalExecRuntime.java:164)
	at org.apache.hc.client5.http.impl.classic.InternalExecRuntime.connectEndpoint(InternalExecRuntime.java:174)
	at org.apache.hc.client5.http.impl.classic.ConnectExec.execute(ConnectExec.java:144)
	at org.apache.hc.client5.http.impl.classic.ExecChainElement.execute(ExecChainElement.java:51)
	at org.apache.hc.client5.http.impl.classic.ProtocolExec.execute(ProtocolExec.java:192)
	at org.apache.hc.client5.http.impl.classic.ExecChainElement.execute(ExecChainElement.java:51)
	at org.apache.hc.client5.http.impl.classic.ContentCompressionExec.execute(ContentCompressionExec.java:150)
	at org.apache.hc.client5.http.impl.classic.ExecChainElement.execute(ExecChainElement.java:51)
	at org.apache.hc.client5.http.impl.classic.HttpRequestRetryExec.execute(HttpRequestRetryExec.java:113)
	at org.apache.hc.client5.http.impl.classic.ExecChainElement.execute(ExecChainElement.java:51)
	at org.apache.hc.client5.http.impl.classic.RedirectExec.execute(RedirectExec.java:110)
	at org.apache.hc.client5.http.impl.classic.ExecChainElement.execute(ExecChainElement.java:51)
	at org.apache.hc.client5.http.impl.classic.InternalHttpClient.doExecute(InternalHttpClient.java:183)
	at org.apache.hc.client5.http.impl.classic.CloseableHttpClient.execute(CloseableHttpClient.java:87)
	at org.apache.hc.client5.http.impl.classic.CloseableHttpClient.execute(CloseableHttpClient.java:55)
	at org.apache.hc.client5.http.classic.HttpClient.executeOpen(HttpClient.java:183)
	at org.springframework.http.client.HttpComponentsClientHttpRequest.executeInternal(HttpComponentsClientHttpRequest.java:99)
	at org.springframework.http.client.AbstractStreamingClientHttpRequest.executeInternal(AbstractStreamingClientHttpRequest.java:71)
	at org.springframework.http.client.AbstractClientHttpRequest.execute(AbstractClientHttpRequest.java:81)
	at org.springframework.http.client.InterceptingClientHttpRequest$InterceptingRequestExecution.execute(InterceptingClientHttpRequest.java:117)
	at org.springframework.cloud.netflix.eureka.http.RestTemplateTransportClientFactory.lambda$restTemplate$2(RestTemplateTransportClientFactory.java:145)
	at org.springframework.http.client.InterceptingClientHttpRequest$InterceptingRequestExecution.execute(InterceptingClientHttpRequest.java:88)
	at org.springframework.http.client.InterceptingClientHttpRequest.executeInternal(InterceptingClientHttpRequest.java:72)
	at org.springframework.http.client.AbstractBufferingClientHttpRequest.executeInternal(AbstractBufferingClientHttpRequest.java:48)
	at org.springframework.http.client.AbstractClientHttpRequest.execute(AbstractClientHttpRequest.java:81)
	at org.springframework.web.client.RestTemplate.doExecute(RestTemplate.java:900)
	... 23 more

2025-06-28 07:51:47 - Request execution failed with message: I/O error on GET request for "http://localhost:8761/eureka/apps/delta": Connect to http://localhost:8761 [localhost/127.0.0.1, localhost/0:0:0:0:0:0:0:1] failed: Connection refused: getsockopt
2025-06-28 07:51:47 - DiscoveryClient_ORDERSERVICE/LTIN556294.cts.com:orderService:9997 - was unable to refresh its cache! This periodic background refresh will be retried in 30 seconds. status = Cannot execute request on any known server stacktrace = com.netflix.discovery.shared.transport.TransportException: Cannot execute request on any known server
	at com.netflix.discovery.shared.transport.decorator.RetryableEurekaHttpClient.execute(RetryableEurekaHttpClient.java:112)
	at com.netflix.discovery.shared.transport.decorator.EurekaHttpClientDecorator.getDelta(EurekaHttpClientDecorator.java:149)
	at com.netflix.discovery.shared.transport.decorator.EurekaHttpClientDecorator$7.execute(EurekaHttpClientDecorator.java:152)
	at com.netflix.discovery.shared.transport.decorator.SessionedEurekaHttpClient.execute(SessionedEurekaHttpClient.java:76)
	at com.netflix.discovery.shared.transport.decorator.EurekaHttpClientDecorator.getDelta(EurekaHttpClientDecorator.java:149)
	at com.netflix.discovery.DiscoveryClient.getAndUpdateDelta(DiscoveryClient.java:1080)
	at com.netflix.discovery.DiscoveryClient.fetchRegistry(DiscoveryClient.java:963)
	at com.netflix.discovery.DiscoveryClient.refreshRegistry(DiscoveryClient.java:1473)
	at com.netflix.discovery.DiscoveryClient$CacheRefreshThread.run(DiscoveryClient.java:1441)
	at java.base/java.util.concurrent.Executors$RunnableAdapter.call(Executors.java:572)
	at java.base/java.util.concurrent.FutureTask.run(FutureTask.java:317)
	at java.base/java.util.concurrent.ThreadPoolExecutor.runWorker(ThreadPoolExecutor.java:1144)
	at java.base/java.util.concurrent.ThreadPoolExecutor$Worker.run(ThreadPoolExecutor.java:642)
	at java.base/java.lang.Thread.run(Thread.java:1583)

2025-06-28 07:51:47 - DiscoveryClient_ORDERSERVICE/LTIN556294.cts.com:orderService:9997 - was unable to send heartbeat!
com.netflix.discovery.shared.transport.TransportException: Cannot execute request on any known server
	at com.netflix.discovery.shared.transport.decorator.RetryableEurekaHttpClient.execute(RetryableEurekaHttpClient.java:112)
	at com.netflix.discovery.shared.transport.decorator.EurekaHttpClientDecorator.sendHeartBeat(EurekaHttpClientDecorator.java:89)
	at com.netflix.discovery.shared.transport.decorator.EurekaHttpClientDecorator$3.execute(EurekaHttpClientDecorator.java:92)
	at com.netflix.discovery.shared.transport.decorator.SessionedEurekaHttpClient.execute(SessionedEurekaHttpClient.java:76)
	at com.netflix.discovery.shared.transport.decorator.EurekaHttpClientDecorator.sendHeartBeat(EurekaHttpClientDecorator.java:89)
	at com.netflix.discovery.DiscoveryClient.renew(DiscoveryClient.java:845)
	at com.netflix.discovery.DiscoveryClient$HeartbeatThread.run(DiscoveryClient.java:1402)
	at java.base/java.util.concurrent.Executors$RunnableAdapter.call(Executors.java:572)
	at java.base/java.util.concurrent.FutureTask.run(FutureTask.java:317)
	at java.base/java.util.concurrent.ThreadPoolExecutor.runWorker(ThreadPoolExecutor.java:1144)
	at java.base/java.util.concurrent.ThreadPoolExecutor$Worker.run(ThreadPoolExecutor.java:642)
	at java.base/java.lang.Thread.run(Thread.java:1583)
2025-06-28 07:51:48 - Application shutdown requested.
2025-06-28 07:51:48 - Unregistering application ORDERSERVICE with eureka with status DOWN
2025-06-28 07:51:48 - Saw local status change event StatusChangeEvent [timestamp=1751077308291, current=DOWN, previous=UP]
2025-06-28 07:51:48 - DiscoveryClient_ORDERSERVICE/LTIN556294.cts.com:orderService:9997: registering service...
2025-06-28 07:51:48 - Request execution error. endpoint=DefaultEndpoint{ serviceUrl='http://localhost:8761/eureka/}, exception=I/O error on POST request for "http://localhost:8761/eureka/apps/ORDERSERVICE": Connect to http://localhost:8761 [localhost/127.0.0.1, localhost/0:0:0:0:0:0:0:1] failed: Connection refused: getsockopt stacktrace=org.springframework.web.client.ResourceAccessException: I/O error on POST request for "http://localhost:8761/eureka/apps/ORDERSERVICE": Connect to http://localhost:8761 [localhost/127.0.0.1, localhost/0:0:0:0:0:0:0:1] failed: Connection refused: getsockopt
	at org.springframework.web.client.RestTemplate.createResourceAccessException(RestTemplate.java:926)
	at org.springframework.web.client.RestTemplate.doExecute(RestTemplate.java:906)
	at org.springframework.web.client.RestTemplate.execute(RestTemplate.java:841)
	at org.springframework.web.client.RestTemplate.exchange(RestTemplate.java:702)
	at org.springframework.cloud.netflix.eureka.http.RestTemplateEurekaHttpClient.register(RestTemplateEurekaHttpClient.java:87)
	at com.netflix.discovery.shared.transport.decorator.EurekaHttpClientDecorator$1.execute(EurekaHttpClientDecorator.java:59)
	at com.netflix.discovery.shared.transport.decorator.RedirectingEurekaHttpClient.executeOnNewServer(RedirectingEurekaHttpClient.java:121)
	at com.netflix.discovery.shared.transport.decorator.RedirectingEurekaHttpClient.execute(RedirectingEurekaHttpClient.java:80)
	at com.netflix.discovery.shared.transport.decorator.EurekaHttpClientDecorator.register(EurekaHttpClientDecorator.java:56)
	at com.netflix.discovery.shared.transport.decorator.EurekaHttpClientDecorator$1.execute(EurekaHttpClientDecorator.java:59)
	at com.netflix.discovery.shared.transport.decorator.RetryableEurekaHttpClient.execute(RetryableEurekaHttpClient.java:120)
	at com.netflix.discovery.shared.transport.decorator.EurekaHttpClientDecorator.register(EurekaHttpClientDecorator.java:56)
	at com.netflix.discovery.shared.transport.decorator.EurekaHttpClientDecorator$1.execute(EurekaHttpClientDecorator.java:59)
	at com.netflix.discovery.shared.transport.decorator.SessionedEurekaHttpClient.execute(SessionedEurekaHttpClient.java:76)
	at com.netflix.discovery.shared.transport.decorator.EurekaHttpClientDecorator.register(EurekaHttpClientDecorator.java:56)
	at com.netflix.discovery.DiscoveryClient.register(DiscoveryClient.java:828)
	at com.netflix.discovery.InstanceInfoReplicator.run(InstanceInfoReplicator.java:125)
	at com.netflix.discovery.InstanceInfoReplicator$2.run(InstanceInfoReplicator.java:105)
	at java.base/java.util.concurrent.Executors$RunnableAdapter.call(Executors.java:572)
	at java.base/java.util.concurrent.FutureTask.run(FutureTask.java:317)
	at java.base/java.util.concurrent.ScheduledThreadPoolExecutor$ScheduledFutureTask.run(ScheduledThreadPoolExecutor.java:304)
	at java.base/java.util.concurrent.ThreadPoolExecutor.runWorker(ThreadPoolExecutor.java:1144)
	at java.base/java.util.concurrent.ThreadPoolExecutor$Worker.run(ThreadPoolExecutor.java:642)
	at java.base/java.lang.Thread.run(Thread.java:1583)
Caused by: org.apache.hc.client5.http.HttpHostConnectException: Connect to http://localhost:8761 [localhost/127.0.0.1, localhost/0:0:0:0:0:0:0:1] failed: Connection refused: getsockopt
	at java.base/sun.nio.ch.Net.pollConnect(Native Method)
	at java.base/sun.nio.ch.Net.pollConnectNow(Net.java:682)
	at java.base/sun.nio.ch.NioSocketImpl.timedFinishConnect(NioSocketImpl.java:542)
	at java.base/sun.nio.ch.NioSocketImpl.connect(NioSocketImpl.java:592)
	at java.base/java.net.SocksSocketImpl.connect(SocksSocketImpl.java:327)
	at java.base/java.net.Socket.connect(Socket.java:751)
	at org.apache.hc.client5.http.impl.io.DefaultHttpClientConnectionOperator.connect(DefaultHttpClientConnectionOperator.java:216)
	at org.apache.hc.client5.http.impl.io.PoolingHttpClientConnectionManager.connect(PoolingHttpClientConnectionManager.java:490)
	at org.apache.hc.client5.http.impl.classic.InternalExecRuntime.connectEndpoint(InternalExecRuntime.java:164)
	at org.apache.hc.client5.http.impl.classic.InternalExecRuntime.connectEndpoint(InternalExecRuntime.java:174)
	at org.apache.hc.client5.http.impl.classic.ConnectExec.execute(ConnectExec.java:144)
	at org.apache.hc.client5.http.impl.classic.ExecChainElement.execute(ExecChainElement.java:51)
	at org.apache.hc.client5.http.impl.classic.ProtocolExec.execute(ProtocolExec.java:192)
	at org.apache.hc.client5.http.impl.classic.ExecChainElement.execute(ExecChainElement.java:51)
	at org.apache.hc.client5.http.impl.classic.ContentCompressionExec.execute(ContentCompressionExec.java:150)
	at org.apache.hc.client5.http.impl.classic.ExecChainElement.execute(ExecChainElement.java:51)
	at org.apache.hc.client5.http.impl.classic.HttpRequestRetryExec.execute(HttpRequestRetryExec.java:113)
	at org.apache.hc.client5.http.impl.classic.ExecChainElement.execute(ExecChainElement.java:51)
	at org.apache.hc.client5.http.impl.classic.RedirectExec.execute(RedirectExec.java:110)
	at org.apache.hc.client5.http.impl.classic.ExecChainElement.execute(ExecChainElement.java:51)
	at org.apache.hc.client5.http.impl.classic.InternalHttpClient.doExecute(InternalHttpClient.java:183)
	at org.apache.hc.client5.http.impl.classic.CloseableHttpClient.execute(CloseableHttpClient.java:87)
	at org.apache.hc.client5.http.impl.classic.CloseableHttpClient.execute(CloseableHttpClient.java:55)
	at org.apache.hc.client5.http.classic.HttpClient.executeOpen(HttpClient.java:183)
	at org.springframework.http.client.HttpComponentsClientHttpRequest.executeInternal(HttpComponentsClientHttpRequest.java:99)
	at org.springframework.http.client.AbstractStreamingClientHttpRequest.executeInternal(AbstractStreamingClientHttpRequest.java:71)
	at org.springframework.http.client.AbstractClientHttpRequest.execute(AbstractClientHttpRequest.java:81)
	at org.springframework.http.client.InterceptingClientHttpRequest$InterceptingRequestExecution.execute(InterceptingClientHttpRequest.java:117)
	at org.springframework.cloud.netflix.eureka.http.RestTemplateTransportClientFactory.lambda$restTemplate$2(RestTemplateTransportClientFactory.java:145)
	at org.springframework.http.client.InterceptingClientHttpRequest$InterceptingRequestExecution.execute(InterceptingClientHttpRequest.java:88)
	at org.springframework.http.client.InterceptingClientHttpRequest.executeInternal(InterceptingClientHttpRequest.java:72)
	at org.springframework.http.client.AbstractBufferingClientHttpRequest.executeInternal(AbstractBufferingClientHttpRequest.java:48)
	at org.springframework.http.client.AbstractClientHttpRequest.execute(AbstractClientHttpRequest.java:81)
	at org.springframework.web.client.RestTemplate.doExecute(RestTemplate.java:900)
	... 22 more

2025-06-28 07:51:48 - Request execution failed with message: I/O error on POST request for "http://localhost:8761/eureka/apps/ORDERSERVICE": Connect to http://localhost:8761 [localhost/127.0.0.1, localhost/0:0:0:0:0:0:0:1] failed: Connection refused: getsockopt
2025-06-28 07:51:48 - DiscoveryClient_ORDERSERVICE/LTIN556294.cts.com:orderService:9997 - registration failed Cannot execute request on any known server
com.netflix.discovery.shared.transport.TransportException: Cannot execute request on any known server
	at com.netflix.discovery.shared.transport.decorator.RetryableEurekaHttpClient.execute(RetryableEurekaHttpClient.java:112)
	at com.netflix.discovery.shared.transport.decorator.EurekaHttpClientDecorator.register(EurekaHttpClientDecorator.java:56)
	at com.netflix.discovery.shared.transport.decorator.EurekaHttpClientDecorator$1.execute(EurekaHttpClientDecorator.java:59)
	at com.netflix.discovery.shared.transport.decorator.SessionedEurekaHttpClient.execute(SessionedEurekaHttpClient.java:76)
	at com.netflix.discovery.shared.transport.decorator.EurekaHttpClientDecorator.register(EurekaHttpClientDecorator.java:56)
	at com.netflix.discovery.DiscoveryClient.register(DiscoveryClient.java:828)
	at com.netflix.discovery.InstanceInfoReplicator.run(InstanceInfoReplicator.java:125)
	at com.netflix.discovery.InstanceInfoReplicator$2.run(InstanceInfoReplicator.java:105)
	at java.base/java.util.concurrent.Executors$RunnableAdapter.call(Executors.java:572)
	at java.base/java.util.concurrent.FutureTask.run(FutureTask.java:317)
	at java.base/java.util.concurrent.ScheduledThreadPoolExecutor$ScheduledFutureTask.run(ScheduledThreadPoolExecutor.java:304)
	at java.base/java.util.concurrent.ThreadPoolExecutor.runWorker(ThreadPoolExecutor.java:1144)
	at java.base/java.util.concurrent.ThreadPoolExecutor$Worker.run(ThreadPoolExecutor.java:642)
	at java.base/java.lang.Thread.run(Thread.java:1583)
2025-06-28 07:51:48 - There was a problem with the instance info replicator
com.netflix.discovery.shared.transport.TransportException: Cannot execute request on any known server
	at com.netflix.discovery.shared.transport.decorator.RetryableEurekaHttpClient.execute(RetryableEurekaHttpClient.java:112)
	at com.netflix.discovery.shared.transport.decorator.EurekaHttpClientDecorator.register(EurekaHttpClientDecorator.java:56)
	at com.netflix.discovery.shared.transport.decorator.EurekaHttpClientDecorator$1.execute(EurekaHttpClientDecorator.java:59)
	at com.netflix.discovery.shared.transport.decorator.SessionedEurekaHttpClient.execute(SessionedEurekaHttpClient.java:76)
	at com.netflix.discovery.shared.transport.decorator.EurekaHttpClientDecorator.register(EurekaHttpClientDecorator.java:56)
	at com.netflix.discovery.DiscoveryClient.register(DiscoveryClient.java:828)
	at com.netflix.discovery.InstanceInfoReplicator.run(InstanceInfoReplicator.java:125)
	at com.netflix.discovery.InstanceInfoReplicator$2.run(InstanceInfoReplicator.java:105)
	at java.base/java.util.concurrent.Executors$RunnableAdapter.call(Executors.java:572)
	at java.base/java.util.concurrent.FutureTask.run(FutureTask.java:317)
	at java.base/java.util.concurrent.ScheduledThreadPoolExecutor$ScheduledFutureTask.run(ScheduledThreadPoolExecutor.java:304)
	at java.base/java.util.concurrent.ThreadPoolExecutor.runWorker(ThreadPoolExecutor.java:1144)
	at java.base/java.util.concurrent.ThreadPoolExecutor$Worker.run(ThreadPoolExecutor.java:642)
	at java.base/java.lang.Thread.run(Thread.java:1583)
2025-06-28 07:51:48 - Commencing graceful shutdown. Waiting for active requests to complete
2025-06-28 07:51:48 - Graceful shutdown complete
2025-06-28 07:51:48 - Closing JPA EntityManagerFactory for persistence unit 'default'
2025-06-28 07:51:48 - HikariPool-1 - Shutdown initiated...
2025-06-28 07:51:48 - HikariPool-1 - Shutdown completed.
2025-06-28 07:51:48 - Shutting down DiscoveryClient ...
2025-06-28 07:51:51 - Unregistering ...
2025-06-28 07:51:51 - Request execution error. endpoint=DefaultEndpoint{ serviceUrl='http://localhost:8761/eureka/}, exception=I/O error on DELETE request for "http://localhost:8761/eureka/apps/ORDERSERVICE/LTIN556294.cts.com:orderService:9997": Connect to http://localhost:8761 [localhost/127.0.0.1, localhost/0:0:0:0:0:0:0:1] failed: Connection refused: getsockopt stacktrace=org.springframework.web.client.ResourceAccessException: I/O error on DELETE request for "http://localhost:8761/eureka/apps/ORDERSERVICE/LTIN556294.cts.com:orderService:9997": Connect to http://localhost:8761 [localhost/127.0.0.1, localhost/0:0:0:0:0:0:0:1] failed: Connection refused: getsockopt
	at org.springframework.web.client.RestTemplate.createResourceAccessException(RestTemplate.java:926)
	at org.springframework.web.client.RestTemplate.doExecute(RestTemplate.java:906)
	at org.springframework.web.client.RestTemplate.execute(RestTemplate.java:841)
	at org.springframework.web.client.RestTemplate.exchange(RestTemplate.java:702)
	at org.springframework.cloud.netflix.eureka.http.RestTemplateEurekaHttpClient.cancel(RestTemplateEurekaHttpClient.java:100)
	at com.netflix.discovery.shared.transport.decorator.EurekaHttpClientDecorator$2.execute(EurekaHttpClientDecorator.java:74)
	at com.netflix.discovery.shared.transport.decorator.RedirectingEurekaHttpClient.executeOnNewServer(RedirectingEurekaHttpClient.java:121)
	at com.netflix.discovery.shared.transport.decorator.RedirectingEurekaHttpClient.execute(RedirectingEurekaHttpClient.java:80)
	at com.netflix.discovery.shared.transport.decorator.EurekaHttpClientDecorator.cancel(EurekaHttpClientDecorator.java:71)
	at com.netflix.discovery.shared.transport.decorator.EurekaHttpClientDecorator$2.execute(EurekaHttpClientDecorator.java:74)
	at com.netflix.discovery.shared.transport.decorator.RetryableEurekaHttpClient.execute(RetryableEurekaHttpClient.java:120)
	at com.netflix.discovery.shared.transport.decorator.EurekaHttpClientDecorator.cancel(EurekaHttpClientDecorator.java:71)
	at com.netflix.discovery.shared.transport.decorator.EurekaHttpClientDecorator$2.execute(EurekaHttpClientDecorator.java:74)
	at com.netflix.discovery.shared.transport.decorator.SessionedEurekaHttpClient.execute(SessionedEurekaHttpClient.java:76)
	at com.netflix.discovery.shared.transport.decorator.EurekaHttpClientDecorator.cancel(EurekaHttpClientDecorator.java:71)
	at com.netflix.discovery.DiscoveryClient.unregister(DiscoveryClient.java:919)
	at com.netflix.discovery.DiscoveryClient.shutdown(DiscoveryClient.java:900)
	at java.base/jdk.internal.reflect.DirectMethodHandleAccessor.invoke(DirectMethodHandleAccessor.java:103)
	at java.base/java.lang.reflect.Method.invoke(Method.java:580)
	at org.springframework.beans.factory.annotation.InitDestroyAnnotationBeanPostProcessor$LifecycleMethod.invoke(InitDestroyAnnotationBeanPostProcessor.java:457)
	at org.springframework.beans.factory.annotation.InitDestroyAnnotationBeanPostProcessor$LifecycleMetadata.invokeDestroyMethods(InitDestroyAnnotationBeanPostProcessor.java:415)
	at org.springframework.beans.factory.annotation.InitDestroyAnnotationBeanPostProcessor.postProcessBeforeDestruction(InitDestroyAnnotationBeanPostProcessor.java:239)
	at org.springframework.beans.factory.support.DisposableBeanAdapter.destroy(DisposableBeanAdapter.java:202)
	at org.springframework.beans.factory.support.DisposableBeanAdapter.run(DisposableBeanAdapter.java:195)
	at org.springframework.cloud.context.scope.GenericScope$BeanLifecycleWrapper.destroy(GenericScope.java:387)
	at org.springframework.cloud.context.scope.GenericScope.destroy(GenericScope.java:134)
	at org.springframework.beans.factory.support.DisposableBeanAdapter.destroy(DisposableBeanAdapter.java:211)
	at org.springframework.beans.factory.support.DefaultSingletonBeanRegistry.destroyBean(DefaultSingletonBeanRegistry.java:798)
	at org.springframework.beans.factory.support.DefaultSingletonBeanRegistry.destroySingleton(DefaultSingletonBeanRegistry.java:748)
	at org.springframework.beans.factory.support.DefaultListableBeanFactory.destroySingleton(DefaultListableBeanFactory.java:1474)
	at org.springframework.beans.factory.support.DefaultSingletonBeanRegistry.destroySingletons(DefaultSingletonBeanRegistry.java:707)
	at org.springframework.beans.factory.support.DefaultListableBeanFactory.destroySingletons(DefaultListableBeanFactory.java:1467)
	at org.springframework.context.support.AbstractApplicationContext.destroyBeans(AbstractApplicationContext.java:1219)
	at org.springframework.context.support.AbstractApplicationContext.doClose(AbstractApplicationContext.java:1180)
	at org.springframework.boot.web.servlet.context.ServletWebServerApplicationContext.doClose(ServletWebServerApplicationContext.java:179)
	at org.springframework.context.support.AbstractApplicationContext.close(AbstractApplicationContext.java:1126)
	at org.springframework.boot.admin.SpringApplicationAdminMXBeanRegistrar$SpringApplicationAdmin.shutdown(SpringApplicationAdminMXBeanRegistrar.java:160)
	at java.base/jdk.internal.reflect.DirectMethodHandleAccessor.invoke(DirectMethodHandleAccessor.java:103)
	at java.base/java.lang.reflect.Method.invoke(Method.java:580)
	at sun.reflect.misc.Trampoline.invoke(MethodUtil.java:64)
	at java.base/jdk.internal.reflect.DirectMethodHandleAccessor.invoke(DirectMethodHandleAccessor.java:103)
	at java.base/java.lang.reflect.Method.invoke(Method.java:580)
	at java.base/sun.reflect.misc.MethodUtil.invoke(MethodUtil.java:97)
	at java.management/com.sun.jmx.mbeanserver.ConvertingMethod.invokeWithOpenReturn(ConvertingMethod.java:193)
	at java.management/com.sun.jmx.mbeanserver.ConvertingMethod.invokeWithOpenReturn(ConvertingMethod.java:175)
	at java.management/com.sun.jmx.mbeanserver.MXBeanIntrospector.invokeM2(MXBeanIntrospector.java:115)
	at java.management/com.sun.jmx.mbeanserver.MXBeanIntrospector.invokeM2(MXBeanIntrospector.java:52)
	at java.management/com.sun.jmx.mbeanserver.MBeanIntrospector.invokeM(MBeanIntrospector.java:236)
	at java.management/com.sun.jmx.mbeanserver.PerInterface.invoke(PerInterface.java:138)
	at java.management/com.sun.jmx.mbeanserver.MBeanSupport.invoke(MBeanSupport.java:252)
	at java.management/com.sun.jmx.interceptor.DefaultMBeanServerInterceptor.invoke(DefaultMBeanServerInterceptor.java:803)
	at java.management/com.sun.jmx.mbeanserver.JmxMBeanServer.invoke(JmxMBeanServer.java:802)
	at java.management.rmi/javax.management.remote.rmi.RMIConnectionImpl.doOperation(RMIConnectionImpl.java:1472)
	at java.management.rmi/javax.management.remote.rmi.RMIConnectionImpl$PrivilegedOperation.run(RMIConnectionImpl.java:1310)
	at java.management.rmi/javax.management.remote.rmi.RMIConnectionImpl.doPrivilegedOperation(RMIConnectionImpl.java:1405)
	at java.management.rmi/javax.management.remote.rmi.RMIConnectionImpl.invoke(RMIConnectionImpl.java:829)
	at java.base/jdk.internal.reflect.DirectMethodHandleAccessor.invoke(DirectMethodHandleAccessor.java:103)
	at java.base/java.lang.reflect.Method.invoke(Method.java:580)
	at java.rmi/sun.rmi.server.UnicastServerRef.dispatch(UnicastServerRef.java:360)
	at java.rmi/sun.rmi.transport.Transport$1.run(Transport.java:200)
	at java.rmi/sun.rmi.transport.Transport$1.run(Transport.java:197)
	at java.base/java.security.AccessController.doPrivileged(AccessController.java:714)
	at java.rmi/sun.rmi.transport.Transport.serviceCall(Transport.java:196)
	at java.rmi/sun.rmi.transport.tcp.TCPTransport.handleMessages(TCPTransport.java:598)
	at java.rmi/sun.rmi.transport.tcp.TCPTransport$ConnectionHandler.run0(TCPTransport.java:844)
	at java.rmi/sun.rmi.transport.tcp.TCPTransport$ConnectionHandler.lambda$run$0(TCPTransport.java:721)
	at java.base/java.security.AccessController.doPrivileged(AccessController.java:400)
	at java.rmi/sun.rmi.transport.tcp.TCPTransport$ConnectionHandler.run(TCPTransport.java:720)
	at java.base/java.util.concurrent.ThreadPoolExecutor.runWorker(ThreadPoolExecutor.java:1144)
	at java.base/java.util.concurrent.ThreadPoolExecutor$Worker.run(ThreadPoolExecutor.java:642)
	at java.base/java.lang.Thread.run(Thread.java:1583)
Caused by: org.apache.hc.client5.http.HttpHostConnectException: Connect to http://localhost:8761 [localhost/127.0.0.1, localhost/0:0:0:0:0:0:0:1] failed: Connection refused: getsockopt
	at java.base/sun.nio.ch.Net.pollConnect(Native Method)
	at java.base/sun.nio.ch.Net.pollConnectNow(Net.java:682)
	at java.base/sun.nio.ch.NioSocketImpl.timedFinishConnect(NioSocketImpl.java:542)
	at java.base/sun.nio.ch.NioSocketImpl.connect(NioSocketImpl.java:592)
	at java.base/java.net.SocksSocketImpl.connect(SocksSocketImpl.java:327)
	at java.base/java.net.Socket.connect(Socket.java:751)
	at org.apache.hc.client5.http.impl.io.DefaultHttpClientConnectionOperator.connect(DefaultHttpClientConnectionOperator.java:216)
	at org.apache.hc.client5.http.impl.io.PoolingHttpClientConnectionManager.connect(PoolingHttpClientConnectionManager.java:490)
	at org.apache.hc.client5.http.impl.classic.InternalExecRuntime.connectEndpoint(InternalExecRuntime.java:164)
	at org.apache.hc.client5.http.impl.classic.InternalExecRuntime.connectEndpoint(InternalExecRuntime.java:174)
	at org.apache.hc.client5.http.impl.classic.ConnectExec.execute(ConnectExec.java:144)
	at org.apache.hc.client5.http.impl.classic.ExecChainElement.execute(ExecChainElement.java:51)
	at org.apache.hc.client5.http.impl.classic.ProtocolExec.execute(ProtocolExec.java:192)
	at org.apache.hc.client5.http.impl.classic.ExecChainElement.execute(ExecChainElement.java:51)
	at org.apache.hc.client5.http.impl.classic.ContentCompressionExec.execute(ContentCompressionExec.java:150)
	at org.apache.hc.client5.http.impl.classic.ExecChainElement.execute(ExecChainElement.java:51)
	at org.apache.hc.client5.http.impl.classic.HttpRequestRetryExec.execute(HttpRequestRetryExec.java:113)
	at org.apache.hc.client5.http.impl.classic.ExecChainElement.execute(ExecChainElement.java:51)
	at org.apache.hc.client5.http.impl.classic.RedirectExec.execute(RedirectExec.java:110)
	at org.apache.hc.client5.http.impl.classic.ExecChainElement.execute(ExecChainElement.java:51)
	at org.apache.hc.client5.http.impl.classic.InternalHttpClient.doExecute(InternalHttpClient.java:183)
	at org.apache.hc.client5.http.impl.classic.CloseableHttpClient.execute(CloseableHttpClient.java:87)
	at org.apache.hc.client5.http.impl.classic.CloseableHttpClient.execute(CloseableHttpClient.java:55)
	at org.apache.hc.client5.http.classic.HttpClient.executeOpen(HttpClient.java:183)
	at org.springframework.http.client.HttpComponentsClientHttpRequest.executeInternal(HttpComponentsClientHttpRequest.java:99)
	at org.springframework.http.client.AbstractStreamingClientHttpRequest.executeInternal(AbstractStreamingClientHttpRequest.java:71)
	at org.springframework.http.client.AbstractClientHttpRequest.execute(AbstractClientHttpRequest.java:81)
	at org.springframework.http.client.InterceptingClientHttpRequest$InterceptingRequestExecution.execute(InterceptingClientHttpRequest.java:117)
	at org.springframework.cloud.netflix.eureka.http.RestTemplateTransportClientFactory.lambda$restTemplate$2(RestTemplateTransportClientFactory.java:145)
	at org.springframework.http.client.InterceptingClientHttpRequest$InterceptingRequestExecution.execute(InterceptingClientHttpRequest.java:88)
	at org.springframework.http.client.InterceptingClientHttpRequest.executeInternal(InterceptingClientHttpRequest.java:72)
	at org.springframework.http.client.AbstractBufferingClientHttpRequest.executeInternal(AbstractBufferingClientHttpRequest.java:48)
	at org.springframework.http.client.AbstractClientHttpRequest.execute(AbstractClientHttpRequest.java:81)
	at org.springframework.web.client.RestTemplate.doExecute(RestTemplate.java:900)
	... 69 more

2025-06-28 07:51:51 - Request execution failed with message: I/O error on DELETE request for "http://localhost:8761/eureka/apps/ORDERSERVICE/LTIN556294.cts.com:orderService:9997": Connect to http://localhost:8761 [localhost/127.0.0.1, localhost/0:0:0:0:0:0:0:1] failed: Connection refused: getsockopt
2025-06-28 07:51:51 - DiscoveryClient_ORDERSERVICE/LTIN556294.cts.com:orderService:9997 - de-registration failedCannot execute request on any known server
com.netflix.discovery.shared.transport.TransportException: Cannot execute request on any known server
	at com.netflix.discovery.shared.transport.decorator.RetryableEurekaHttpClient.execute(RetryableEurekaHttpClient.java:112)
	at com.netflix.discovery.shared.transport.decorator.EurekaHttpClientDecorator.cancel(EurekaHttpClientDecorator.java:71)
	at com.netflix.discovery.shared.transport.decorator.EurekaHttpClientDecorator$2.execute(EurekaHttpClientDecorator.java:74)
	at com.netflix.discovery.shared.transport.decorator.SessionedEurekaHttpClient.execute(SessionedEurekaHttpClient.java:76)
	at com.netflix.discovery.shared.transport.decorator.EurekaHttpClientDecorator.cancel(EurekaHttpClientDecorator.java:71)
	at com.netflix.discovery.DiscoveryClient.unregister(DiscoveryClient.java:919)
	at com.netflix.discovery.DiscoveryClient.shutdown(DiscoveryClient.java:900)
	at java.base/jdk.internal.reflect.DirectMethodHandleAccessor.invoke(DirectMethodHandleAccessor.java:103)
	at java.base/java.lang.reflect.Method.invoke(Method.java:580)
	at org.springframework.beans.factory.annotation.InitDestroyAnnotationBeanPostProcessor$LifecycleMethod.invoke(InitDestroyAnnotationBeanPostProcessor.java:457)
	at org.springframework.beans.factory.annotation.InitDestroyAnnotationBeanPostProcessor$LifecycleMetadata.invokeDestroyMethods(InitDestroyAnnotationBeanPostProcessor.java:415)
	at org.springframework.beans.factory.annotation.InitDestroyAnnotationBeanPostProcessor.postProcessBeforeDestruction(InitDestroyAnnotationBeanPostProcessor.java:239)
	at org.springframework.beans.factory.support.DisposableBeanAdapter.destroy(DisposableBeanAdapter.java:202)
	at org.springframework.beans.factory.support.DisposableBeanAdapter.run(DisposableBeanAdapter.java:195)
	at org.springframework.cloud.context.scope.GenericScope$BeanLifecycleWrapper.destroy(GenericScope.java:387)
	at org.springframework.cloud.context.scope.GenericScope.destroy(GenericScope.java:134)
	at org.springframework.beans.factory.support.DisposableBeanAdapter.destroy(DisposableBeanAdapter.java:211)
	at org.springframework.beans.factory.support.DefaultSingletonBeanRegistry.destroyBean(DefaultSingletonBeanRegistry.java:798)
	at org.springframework.beans.factory.support.DefaultSingletonBeanRegistry.destroySingleton(DefaultSingletonBeanRegistry.java:748)
	at org.springframework.beans.factory.support.DefaultListableBeanFactory.destroySingleton(DefaultListableBeanFactory.java:1474)
	at org.springframework.beans.factory.support.DefaultSingletonBeanRegistry.destroySingletons(DefaultSingletonBeanRegistry.java:707)
	at org.springframework.beans.factory.support.DefaultListableBeanFactory.destroySingletons(DefaultListableBeanFactory.java:1467)
	at org.springframework.context.support.AbstractApplicationContext.destroyBeans(AbstractApplicationContext.java:1219)
	at org.springframework.context.support.AbstractApplicationContext.doClose(AbstractApplicationContext.java:1180)
	at org.springframework.boot.web.servlet.context.ServletWebServerApplicationContext.doClose(ServletWebServerApplicationContext.java:179)
	at org.springframework.context.support.AbstractApplicationContext.close(AbstractApplicationContext.java:1126)
	at org.springframework.boot.admin.SpringApplicationAdminMXBeanRegistrar$SpringApplicationAdmin.shutdown(SpringApplicationAdminMXBeanRegistrar.java:160)
	at java.base/jdk.internal.reflect.DirectMethodHandleAccessor.invoke(DirectMethodHandleAccessor.java:103)
	at java.base/java.lang.reflect.Method.invoke(Method.java:580)
	at sun.reflect.misc.Trampoline.invoke(MethodUtil.java:64)
	at java.base/jdk.internal.reflect.DirectMethodHandleAccessor.invoke(DirectMethodHandleAccessor.java:103)
	at java.base/java.lang.reflect.Method.invoke(Method.java:580)
	at java.base/sun.reflect.misc.MethodUtil.invoke(MethodUtil.java:97)
	at java.management/com.sun.jmx.mbeanserver.ConvertingMethod.invokeWithOpenReturn(ConvertingMethod.java:193)
	at java.management/com.sun.jmx.mbeanserver.ConvertingMethod.invokeWithOpenReturn(ConvertingMethod.java:175)
	at java.management/com.sun.jmx.mbeanserver.MXBeanIntrospector.invokeM2(MXBeanIntrospector.java:115)
	at java.management/com.sun.jmx.mbeanserver.MXBeanIntrospector.invokeM2(MXBeanIntrospector.java:52)
	at java.management/com.sun.jmx.mbeanserver.MBeanIntrospector.invokeM(MBeanIntrospector.java:236)
	at java.management/com.sun.jmx.mbeanserver.PerInterface.invoke(PerInterface.java:138)
	at java.management/com.sun.jmx.mbeanserver.MBeanSupport.invoke(MBeanSupport.java:252)
	at java.management/com.sun.jmx.interceptor.DefaultMBeanServerInterceptor.invoke(DefaultMBeanServerInterceptor.java:803)
	at java.management/com.sun.jmx.mbeanserver.JmxMBeanServer.invoke(JmxMBeanServer.java:802)
	at java.management.rmi/javax.management.remote.rmi.RMIConnectionImpl.doOperation(RMIConnectionImpl.java:1472)
	at java.management.rmi/javax.management.remote.rmi.RMIConnectionImpl$PrivilegedOperation.run(RMIConnectionImpl.java:1310)
	at java.management.rmi/javax.management.remote.rmi.RMIConnectionImpl.doPrivilegedOperation(RMIConnectionImpl.java:1405)
	at java.management.rmi/javax.management.remote.rmi.RMIConnectionImpl.invoke(RMIConnectionImpl.java:829)
	at java.base/jdk.internal.reflect.DirectMethodHandleAccessor.invoke(DirectMethodHandleAccessor.java:103)
	at java.base/java.lang.reflect.Method.invoke(Method.java:580)
	at java.rmi/sun.rmi.server.UnicastServerRef.dispatch(UnicastServerRef.java:360)
	at java.rmi/sun.rmi.transport.Transport$1.run(Transport.java:200)
	at java.rmi/sun.rmi.transport.Transport$1.run(Transport.java:197)
	at java.base/java.security.AccessController.doPrivileged(AccessController.java:714)
	at java.rmi/sun.rmi.transport.Transport.serviceCall(Transport.java:196)
	at java.rmi/sun.rmi.transport.tcp.TCPTransport.handleMessages(TCPTransport.java:598)
	at java.rmi/sun.rmi.transport.tcp.TCPTransport$ConnectionHandler.run0(TCPTransport.java:844)
	at java.rmi/sun.rmi.transport.tcp.TCPTransport$ConnectionHandler.lambda$run$0(TCPTransport.java:721)
	at java.base/java.security.AccessController.doPrivileged(AccessController.java:400)
	at java.rmi/sun.rmi.transport.tcp.TCPTransport$ConnectionHandler.run(TCPTransport.java:720)
	at java.base/java.util.concurrent.ThreadPoolExecutor.runWorker(ThreadPoolExecutor.java:1144)
	at java.base/java.util.concurrent.ThreadPoolExecutor$Worker.run(ThreadPoolExecutor.java:642)
	at java.base/java.lang.Thread.run(Thread.java:1583)
2025-06-28 07:51:51 - Completed shut down of DiscoveryClient
2025-06-28 07:57:34 - Starting OrderServiceApplication using Java 21.0.6 with PID 28360 (C:\Users\2406708\Documents\workspace-spring-tool-suite-4-4.29.1.RELEASE project\orderservice3\target\classes started by 2406708 in C:\Users\2406708\Documents\workspace-spring-tool-suite-4-4.29.1.RELEASE project\orderservice3)
2025-06-28 07:57:34 - No active profile set, falling back to 1 default profile: "default"
2025-06-28 07:57:37 - Bootstrapping Spring Data JPA repositories in DEFAULT mode.
2025-06-28 07:57:38 - Finished Spring Data repository scanning in 396 ms. Found 3 JPA repository interfaces.
2025-06-28 07:57:39 - BeanFactory id=91c13b37-8427-312a-86db-ccde1fc08773
2025-06-28 07:57:40 - Tomcat initialized with port 9997 (http)
2025-06-28 07:57:40 - Starting service [Tomcat]
2025-06-28 07:57:40 - Starting Servlet engine: [Apache Tomcat/10.1.41]
2025-06-28 07:57:40 - Initializing Spring embedded WebApplicationContext
2025-06-28 07:57:40 - Root WebApplicationContext: initialization completed in 6477 ms
2025-06-28 07:57:41 - HHH000204: Processing PersistenceUnitInfo [name: default]
2025-06-28 07:57:41 - HHH000412: Hibernate ORM core version 6.6.15.Final
2025-06-28 07:57:41 - HHH000026: Second-level cache disabled
2025-06-28 07:57:42 - No LoadTimeWeaver setup: ignoring JPA class transformer
2025-06-28 07:57:42 - HikariPool-1 - Starting...
2025-06-28 07:57:43 - HikariPool-1 - Added connection com.mysql.cj.jdbc.ConnectionImpl@1c5cd2ea
2025-06-28 07:57:43 - HikariPool-1 - Start completed.
2025-06-28 07:57:43 - HHH10001005: Database info:
	Database JDBC URL [Connecting through datasource 'HikariDataSource (HikariPool-1)']
	Database driver: undefined/unknown
	Database version: 8.0.41
	Autocommit mode: undefined/unknown
	Isolation level: undefined/unknown
	Minimum pool size: undefined/unknown
	Maximum pool size: undefined/unknown
2025-06-28 07:57:45 - HHH000489: No JTA platform available (set 'hibernate.transaction.jta.platform' to enable JTA platform integration)
2025-06-28 07:57:45 - Initialized JPA EntityManagerFactory for persistence unit 'default'
2025-06-28 07:57:46 - spring.jpa.open-in-view is enabled by default. Therefore, database queries may be performed during view rendering. Explicitly configure spring.jpa.open-in-view to disable this warning
2025-06-28 07:57:46 - For 'user3' URL not provided. Will try picking an instance via load-balancing.
2025-06-28 07:57:47 - For 'Project' URL not provided. Will try picking an instance via load-balancing.
2025-06-28 07:57:47 - For 'payment' URL not provided. Will try picking an instance via load-balancing.
2025-06-28 07:57:47 - For 'CartModule' URL not provided. Will try picking an instance via load-balancing.
2025-06-28 07:57:47 - Global AuthenticationManager configured with UserDetailsService bean with name userDetailsService
2025-06-28 07:57:48 - Eureka HTTP Client uses RestTemplate.
2025-06-28 07:57:48 - Spring Cloud LoadBalancer is currently working with the default cache. While this cache implementation is useful for development and tests, it's recommended to use Caffeine cache in production.You can switch to using Caffeine cache, by adding it and org.springframework.cache.caffeine.CaffeineCacheManager to the classpath.
2025-06-28 07:57:49 - Setting initial instance status as: STARTING
2025-06-28 07:57:49 - Initializing Eureka in region us-east-1
2025-06-28 07:57:49 - Resolving eureka endpoints via configuration
2025-06-28 07:57:49 - Disable delta property : false
2025-06-28 07:57:49 - Single vip registry refresh property : null
2025-06-28 07:57:49 - Force full registry fetch : false
2025-06-28 07:57:49 - Application is null : false
2025-06-28 07:57:49 - Registered Applications size is zero : true
2025-06-28 07:57:49 - Application version is -1: true
2025-06-28 07:57:49 - Getting all instance registry info from the eureka server
2025-06-28 07:57:49 - The response status is 200
2025-06-28 07:57:49 - Starting heartbeat executor: renew interval is: 30
2025-06-28 07:57:49 - InstanceInfoReplicator onDemand update allowed rate per min is 4
2025-06-28 07:57:49 - Discovery Client initialized at timestamp 1751077669674 with initial instances count: 0
2025-06-28 07:57:49 - Registering application ORDERSERVICE with eureka with status UP
2025-06-28 07:57:49 - Saw local status change event StatusChangeEvent [timestamp=1751077669683, current=UP, previous=STARTING]
2025-06-28 07:57:49 - DiscoveryClient_ORDERSERVICE/LTIN556294.cts.com:orderService:9997: registering service...
2025-06-28 07:57:49 - Tomcat started on port 9997 (http) with context path '/'
2025-06-28 07:57:49 - Updating port to 9997
2025-06-28 07:57:49 - Started OrderServiceApplication in 16.578 seconds (process running for 18.879)
2025-06-28 07:57:49 - DiscoveryClient_ORDERSERVICE/LTIN556294.cts.com:orderService:9997 - registration status: 204
2025-06-28 07:58:19 - Disable delta property : false
2025-06-28 07:58:19 - Single vip registry refresh property : null
2025-06-28 07:58:19 - Force full registry fetch : false
2025-06-28 07:58:19 - Application is null : false
2025-06-28 07:58:19 - Registered Applications size is zero : true
2025-06-28 07:58:19 - Application version is -1: false
2025-06-28 07:58:19 - Getting all instance registry info from the eureka server
2025-06-28 07:58:19 - The response status is 200
2025-06-28 08:02:49 - Resolving eureka endpoints via configuration
2025-06-28 08:07:49 - Resolving eureka endpoints via configuration
2025-06-28 08:12:49 - Resolving eureka endpoints via configuration
2025-06-28 08:17:49 - Resolving eureka endpoints via configuration
2025-06-28 08:22:49 - Resolving eureka endpoints via configuration
2025-06-28 08:27:49 - Resolving eureka endpoints via configuration
2025-06-28 08:32:49 - Resolving eureka endpoints via configuration
2025-06-28 08:37:49 - Resolving eureka endpoints via configuration
2025-06-28 08:42:49 - Resolving eureka endpoints via configuration
2025-06-28 08:47:49 - Resolving eureka endpoints via configuration
2025-06-28 08:52:49 - Resolving eureka endpoints via configuration
2025-06-28 08:56:58 - Initializing Spring DispatcherServlet 'dispatcherServlet'
2025-06-28 08:56:58 - Initializing Servlet 'dispatcherServlet'
2025-06-28 08:56:58 - Completed initialization in 5 ms
2025-06-28 08:56:58 - Placing cart order with Cash on Delivery for user ID: 13
2025-06-28 08:56:58 - Generated unique order ID: 0224410220
2025-06-28 08:56:59 - Cart order successfully placed: 0224410220
2025-06-28 08:57:49 - Resolving eureka endpoints via configuration
2025-06-28 09:02:49 - Resolving eureka endpoints via configuration
2025-06-28 09:05:24 - Placing cart order with Cash on Delivery for user ID: 13
2025-06-28 09:05:24 - Generated unique order ID: 0522636620
2025-06-28 09:05:24 - Cart order successfully placed: 0522636620
2025-06-28 09:05:24 - Searching for order with ID: 0522636620
2025-06-28 09:05:24 - Cart order found with ID: 0522636620
2025-06-28 09:05:24 - Fetched totalPrice from cartOrder: ₹123.0
2025-06-28 09:05:24 - Final OrderDTO (cart) → orderAmount: ₹123.0
2025-06-28 09:05:24 - Searching for order with ID: 0522636620
2025-06-28 09:05:24 - Cart order found with ID: 0522636620
2025-06-28 09:05:24 - Fetched totalPrice from cartOrder: ₹123.0
2025-06-28 09:05:24 - Final OrderDTO (cart) → orderAmount: ₹123.0
2025-06-28 09:07:49 - Resolving eureka endpoints via configuration
2025-06-28 09:12:49 - Resolving eureka endpoints via configuration
2025-06-28 09:17:49 - Resolving eureka endpoints via configuration
2025-06-28 09:22:49 - Resolving eureka endpoints via configuration
2025-06-28 09:23:55 - Placing cart order with Cash on Delivery for user ID: 13
2025-06-28 09:23:55 - Generated unique order ID: 0026063923
2025-06-28 09:23:55 - Cart order successfully placed: 0026063923
2025-06-28 09:23:55 - Searching for order with ID: 0026063923
2025-06-28 09:23:55 - Cart order found with ID: 0026063923
2025-06-28 09:23:55 - Fetched totalPrice from cartOrder: ₹5000.0
2025-06-28 09:23:56 - Final OrderDTO (cart) → orderAmount: ₹5000.0
2025-06-28 09:23:56 - Searching for order with ID: 0026063923
2025-06-28 09:23:56 - Cart order found with ID: 0026063923
2025-06-28 09:23:56 - Fetched totalPrice from cartOrder: ₹5000.0
2025-06-28 09:23:56 - Final OrderDTO (cart) → orderAmount: ₹5000.0
2025-06-28 09:25:28 - Starting cart payment initiation for user ID: 13
2025-06-28 09:25:31 - Cart payment initiated successfully. Payment ID: 2117225389
2025-06-28 09:27:49 - Resolving eureka endpoints via configuration
2025-06-28 09:32:49 - Resolving eureka endpoints via configuration
2025-06-28 09:37:49 - Resolving eureka endpoints via configuration
2025-06-28 09:42:49 - Resolving eureka endpoints via configuration
2025-06-28 09:47:49 - Resolving eureka endpoints via configuration
2025-06-28 09:52:49 - Resolving eureka endpoints via configuration
2025-06-28 09:54:19 - Placing cart order with Cash on Delivery for user ID: 13
2025-06-28 09:54:19 - Generated unique order ID: 0047604942
2025-06-28 09:54:19 - Cart order successfully placed: 0047604942
2025-06-28 09:54:20 - Searching for order with ID: 0047604942
2025-06-28 09:54:20 - Cart order found with ID: 0047604942
2025-06-28 09:54:20 - Fetched totalPrice from cartOrder: ₹10000.0
2025-06-28 09:54:20 - Final OrderDTO (cart) → orderAmount: ₹10000.0
2025-06-28 09:54:20 - Searching for order with ID: 0047604942
2025-06-28 09:54:20 - Cart order found with ID: 0047604942
2025-06-28 09:54:20 - Fetched totalPrice from cartOrder: ₹10000.0
2025-06-28 09:54:20 - Final OrderDTO (cart) → orderAmount: ₹10000.0
2025-06-28 09:55:02 - Starting cart payment initiation for user ID: 13
2025-06-28 09:55:03 - Cart payment initiated successfully. Payment ID: 752567899
2025-06-28 09:57:49 - Resolving eureka endpoints via configuration
2025-06-28 10:02:49 - Resolving eureka endpoints via configuration
2025-06-28 10:03:24 - Starting cart payment initiation for user ID: 13
2025-06-28 10:03:25 - No servers available for service: payment
2025-06-28 10:03:25 - Load balancer does not contain an instance for the service payment
2025-06-28 10:03:37 - Starting cart payment initiation for user ID: 13
2025-06-28 10:03:38 - Cart payment initiated successfully. Payment ID: 88034870
2025-06-28 10:07:30 - Starting cart payment initiation for user ID: 13
2025-06-28 10:07:30 - Cart payment initiated successfully. Payment ID: 874270043
2025-06-28 10:07:49 - Resolving eureka endpoints via configuration
2025-06-28 10:12:49 - Resolving eureka endpoints via configuration
2025-06-28 10:17:49 - Resolving eureka endpoints via configuration
2025-06-28 10:22:49 - Resolving eureka endpoints via configuration
2025-06-28 10:27:49 - Resolving eureka endpoints via configuration
2025-06-28 10:28:22 - Starting cart payment initiation for user ID: 13
2025-06-28 10:28:22 - Cart payment initiated successfully. Payment ID: 402474596
2025-06-28 10:32:49 - Resolving eureka endpoints via configuration
2025-06-28 10:36:28 - Starting cart payment initiation for user ID: 13
2025-06-28 10:36:28 - Cart payment initiated successfully. Payment ID: 1932282742
2025-06-28 10:37:49 - Resolving eureka endpoints via configuration
2025-06-28 10:41:14 - Finalizing cart order for payment ID: 1932282742
2025-06-28 10:41:14 - Finalizing cart order for payment ID: 1932282742
2025-06-28 10:41:22 - Finalizing cart order for payment ID: 1932282742
2025-06-28 10:41:22 - Finalizing cart order for payment ID: 1932282742
2025-06-28 10:41:39 - Finalizing cart order for payment ID: 1932282742
2025-06-28 10:41:39 - Finalizing cart order for payment ID: 1932282742
2025-06-28 10:42:49 - Resolving eureka endpoints via configuration
2025-06-28 10:44:48 - Finalizing cart order for payment ID: 1932282742
2025-06-28 10:44:48 - Finalizing cart order for payment ID: 1932282742
2025-06-28 10:45:03 - Finalizing cart order for payment ID: 1932282742
2025-06-28 10:45:03 - Finalizing cart order for payment ID: 1932282742
2025-06-28 10:45:40 - Starting cart payment initiation for user ID: 13
2025-06-28 10:45:40 - Cart payment initiated successfully. Payment ID: 1873170250
2025-06-28 10:45:49 - Finalizing cart order for payment ID: 1873170250
2025-06-28 10:45:49 - Finalizing cart order for payment ID: 1873170250
2025-06-28 10:45:49 - Generated unique order ID: 0504181266
2025-06-28 10:45:49 - Generated unique order ID: 0826147443
2025-06-28 10:45:50 - Cart order successfully placed with ID: 0504181266
2025-06-28 10:45:51 - SQL Error: 1062, SQLState: 23000
2025-06-28 10:45:51 - Duplicate entry '28' for key 'order_cart_item.PRIMARY'
2025-06-28 10:47:49 - Resolving eureka endpoints via configuration
2025-06-28 10:48:47 - Starting cart payment initiation for user ID: 13
2025-06-28 10:48:47 - Cart payment initiated successfully. Payment ID: 179848194
2025-06-28 10:48:56 - Finalizing cart order for payment ID: 179848194
2025-06-28 10:48:56 - Finalizing cart order for payment ID: 179848194
2025-06-28 10:48:56 - Generated unique order ID: 0018616197
2025-06-28 10:48:56 - Generated unique order ID: 0878008129
2025-06-28 10:48:56 - SQL Error: 1062, SQLState: 23000
2025-06-28 10:48:56 - Duplicate entry '30' for key 'order_cart_item.PRIMARY'
2025-06-28 10:48:56 - Cart order successfully placed with ID: 0018616197
2025-06-28 10:52:49 - Resolving eureka endpoints via configuration
2025-06-28 10:57:49 - Resolving eureka endpoints via configuration
2025-06-28 11:00:27 - Starting cart payment initiation for user ID: 13
2025-06-28 11:00:27 - Cart payment initiated successfully. Payment ID: 159206250
2025-06-28 11:00:40 - Finalizing cart order for payment ID: 159206250
2025-06-28 11:00:40 - Finalizing cart order for payment ID: 159206250
2025-06-28 11:00:40 - Generated unique order ID: 0209638200
2025-06-28 11:00:40 - Generated unique order ID: 0727442709
2025-06-28 11:00:40 - SQL Error: 1062, SQLState: 23000
2025-06-28 11:00:40 - Duplicate entry '31' for key 'order_cart_item.PRIMARY'
2025-06-28 11:00:40 - Cart order successfully placed with ID: 0209638200
2025-06-28 11:02:49 - Resolving eureka endpoints via configuration
2025-06-28 11:11:03 - HikariPool-1 - Thread starvation or clock leap detected (housekeeper delta=5m47s256ms324µs).
2025-06-28 11:13:30 - Resolving eureka endpoints via configuration
2025-06-28 11:18:30 - Resolving eureka endpoints via configuration
2025-06-28 11:18:44 - Searching orders for user ID: 13
2025-06-28 11:18:45 - Found 0 direct orders for user ID: 13
2025-06-28 11:18:45 - Found 10 cart orders for user ID: 13
2025-06-28 11:18:45 - Searching orders for user ID: 13
2025-06-28 11:18:45 - Found 0 direct orders for user ID: 13
2025-06-28 11:18:45 - Found 10 cart orders for user ID: 13
2025-06-28 11:23:30 - Resolving eureka endpoints via configuration
2025-06-28 11:26:16 - Searching orders for user ID: 13
2025-06-28 11:26:16 - Found 0 direct orders for user ID: 13
2025-06-28 11:26:16 - Found 10 cart orders for user ID: 13
2025-06-28 11:26:17 - Searching orders for user ID: 13
2025-06-28 11:26:17 - Found 0 direct orders for user ID: 13
2025-06-28 11:26:17 - Found 10 cart orders for user ID: 13
2025-06-28 11:28:30 - Resolving eureka endpoints via configuration
2025-06-28 11:30:55 - Searching orders for user ID: 13
2025-06-28 11:30:55 - Found 0 direct orders for user ID: 13
2025-06-28 11:30:55 - Found 10 cart orders for user ID: 13
2025-06-28 11:30:55 - Searching orders for user ID: 13
2025-06-28 11:30:55 - Found 0 direct orders for user ID: 13
2025-06-28 11:30:55 - Found 10 cart orders for user ID: 13
2025-06-28 11:33:30 - Resolving eureka endpoints via configuration
2025-06-28 11:38:30 - Resolving eureka endpoints via configuration
2025-06-28 11:43:30 - Resolving eureka endpoints via configuration
2025-06-28 11:48:30 - Resolving eureka endpoints via configuration
2025-06-28 11:51:26 - Searching orders for user ID: 13
2025-06-28 11:51:26 - Found 0 direct orders for user ID: 13
2025-06-28 11:51:26 - Found 10 cart orders for user ID: 13
2025-06-28 11:51:26 - Searching orders for user ID: 13
2025-06-28 11:51:26 - Found 0 direct orders for user ID: 13
2025-06-28 11:51:26 - Found 10 cart orders for user ID: 13
2025-06-28 11:53:30 - Resolving eureka endpoints via configuration
2025-06-28 11:58:30 - Resolving eureka endpoints via configuration
2025-06-28 12:00:11 - Searching orders for user ID: 1
2025-06-28 12:00:11 - Found 0 direct orders for user ID: 1
2025-06-28 12:00:11 - Found 0 cart orders for user ID: 1
2025-06-28 12:00:11 - ⚠️ No orders found for user ID: 1
2025-06-28 12:00:11 - Searching orders for user ID: 1
2025-06-28 12:00:11 - Found 0 direct orders for user ID: 1
2025-06-28 12:00:11 - Searching orders for user ID: 2
2025-06-28 12:00:11 - Found 0 cart orders for user ID: 1
2025-06-28 12:00:11 - ⚠️ No orders found for user ID: 1
2025-06-28 12:00:11 - Found 0 direct orders for user ID: 2
2025-06-28 12:00:11 - Found 0 cart orders for user ID: 2
2025-06-28 12:00:11 - ⚠️ No orders found for user ID: 2
2025-06-28 12:00:11 - Searching orders for user ID: 2
2025-06-28 12:00:11 - Searching orders for user ID: 3
2025-06-28 12:00:11 - Found 0 direct orders for user ID: 2
2025-06-28 12:00:11 - Found 0 direct orders for user ID: 3
2025-06-28 12:00:11 - Found 0 cart orders for user ID: 2
2025-06-28 12:00:11 - ⚠️ No orders found for user ID: 2
2025-06-28 12:00:11 - Found 0 cart orders for user ID: 3
2025-06-28 12:00:11 - ⚠️ No orders found for user ID: 3
2025-06-28 12:00:11 - Searching orders for user ID: 3
2025-06-28 12:00:11 - Searching orders for user ID: 4
2025-06-28 12:00:11 - Found 0 direct orders for user ID: 3
2025-06-28 12:00:11 - Found 0 direct orders for user ID: 4
2025-06-28 12:00:11 - Found 0 cart orders for user ID: 3
2025-06-28 12:00:11 - ⚠️ No orders found for user ID: 3
2025-06-28 12:00:11 - Found 0 cart orders for user ID: 4
2025-06-28 12:00:11 - ⚠️ No orders found for user ID: 4
2025-06-28 12:00:12 - Searching orders for user ID: 4
2025-06-28 12:00:12 - Searching orders for user ID: 5
2025-06-28 12:00:12 - Found 0 direct orders for user ID: 4
2025-06-28 12:00:12 - Found 0 direct orders for user ID: 5
2025-06-28 12:00:12 - Found 0 cart orders for user ID: 5
2025-06-28 12:00:12 - Found 0 cart orders for user ID: 4
2025-06-28 12:00:12 - ⚠️ No orders found for user ID: 5
2025-06-28 12:00:12 - ⚠️ No orders found for user ID: 4
2025-06-28 12:00:12 - Searching orders for user ID: 6
2025-06-28 12:00:12 - Searching orders for user ID: 5
2025-06-28 12:00:12 - Found 0 direct orders for user ID: 6
2025-06-28 12:00:12 - Found 0 direct orders for user ID: 5
2025-06-28 12:00:12 - Found 0 cart orders for user ID: 5
2025-06-28 12:00:12 - Found 0 cart orders for user ID: 6
2025-06-28 12:00:12 - ⚠️ No orders found for user ID: 5
2025-06-28 12:00:12 - ⚠️ No orders found for user ID: 6
2025-06-28 12:00:12 - Searching orders for user ID: 6
2025-06-28 12:00:12 - Found 0 direct orders for user ID: 6
2025-06-28 12:00:12 - Searching orders for user ID: 7
2025-06-28 12:00:12 - Found 0 cart orders for user ID: 6
2025-06-28 12:00:12 - ⚠️ No orders found for user ID: 6
2025-06-28 12:00:12 - Found 0 direct orders for user ID: 7
2025-06-28 12:00:12 - Found 0 cart orders for user ID: 7
2025-06-28 12:00:12 - ⚠️ No orders found for user ID: 7
2025-06-28 12:00:12 - Searching orders for user ID: 7
2025-06-28 12:00:12 - Found 0 direct orders for user ID: 7
2025-06-28 12:00:12 - Searching orders for user ID: 8
2025-06-28 12:00:12 - Found 0 cart orders for user ID: 7
2025-06-28 12:00:12 - ⚠️ No orders found for user ID: 7
2025-06-28 12:00:12 - Found 0 direct orders for user ID: 8
2025-06-28 12:00:12 - Found 0 cart orders for user ID: 8
2025-06-28 12:00:12 - ⚠️ No orders found for user ID: 8
2025-06-28 12:00:12 - Searching orders for user ID: 8
2025-06-28 12:00:12 - Searching orders for user ID: 9
2025-06-28 12:00:12 - Found 0 direct orders for user ID: 8
2025-06-28 12:00:12 - Found 0 direct orders for user ID: 9
2025-06-28 12:00:12 - Found 0 cart orders for user ID: 9
2025-06-28 12:00:12 - Found 0 cart orders for user ID: 8
2025-06-28 12:00:12 - ⚠️ No orders found for user ID: 9
2025-06-28 12:00:12 - ⚠️ No orders found for user ID: 8
2025-06-28 12:00:12 - Searching orders for user ID: 9
2025-06-28 12:00:12 - Searching orders for user ID: 10
2025-06-28 12:00:12 - Found 0 direct orders for user ID: 10
2025-06-28 12:00:12 - Found 0 direct orders for user ID: 9
2025-06-28 12:00:12 - Found 0 cart orders for user ID: 9
2025-06-28 12:00:12 - Found 0 cart orders for user ID: 10
2025-06-28 12:00:12 - ⚠️ No orders found for user ID: 9
2025-06-28 12:00:12 - ⚠️ No orders found for user ID: 10
2025-06-28 12:00:12 - Searching orders for user ID: 10
2025-06-28 12:00:12 - Searching orders for user ID: 11
2025-06-28 12:00:12 - Found 0 direct orders for user ID: 10
2025-06-28 12:00:12 - Found 0 direct orders for user ID: 11
2025-06-28 12:00:12 - Found 0 cart orders for user ID: 10
2025-06-28 12:00:12 - ⚠️ No orders found for user ID: 10
2025-06-28 12:00:12 - Found 0 cart orders for user ID: 11
2025-06-28 12:00:12 - ⚠️ No orders found for user ID: 11
2025-06-28 12:00:12 - Searching orders for user ID: 12
2025-06-28 12:00:12 - Searching orders for user ID: 11
2025-06-28 12:00:12 - Found 0 direct orders for user ID: 12
2025-06-28 12:00:12 - Found 0 direct orders for user ID: 11
2025-06-28 12:00:12 - Found 0 cart orders for user ID: 12
2025-06-28 12:00:12 - ⚠️ No orders found for user ID: 12
2025-06-28 12:00:12 - Found 0 cart orders for user ID: 11
2025-06-28 12:00:12 - ⚠️ No orders found for user ID: 11
2025-06-28 12:00:12 - Searching orders for user ID: 12
2025-06-28 12:00:12 - Searching orders for user ID: 13
2025-06-28 12:00:12 - Found 0 direct orders for user ID: 13
2025-06-28 12:00:12 - Found 0 direct orders for user ID: 12
2025-06-28 12:00:12 - Found 0 cart orders for user ID: 12
2025-06-28 12:00:12 - ⚠️ No orders found for user ID: 12
2025-06-28 12:00:12 - Found 10 cart orders for user ID: 13
2025-06-28 12:00:12 - Searching orders for user ID: 13
2025-06-28 12:00:12 - Found 0 direct orders for user ID: 13
2025-06-28 12:00:12 - Searching orders for user ID: 14
2025-06-28 12:00:12 - Found 0 direct orders for user ID: 14
2025-06-28 12:00:12 - Found 0 cart orders for user ID: 14
2025-06-28 12:00:12 - ⚠️ No orders found for user ID: 14
2025-06-28 12:00:12 - Found 10 cart orders for user ID: 13
2025-06-28 12:00:12 - Searching orders for user ID: 15
2025-06-28 12:00:12 - Found 0 direct orders for user ID: 15
2025-06-28 12:00:12 - Found 0 cart orders for user ID: 15
2025-06-28 12:00:12 - ⚠️ No orders found for user ID: 15
2025-06-28 12:00:12 - Searching orders for user ID: 16
2025-06-28 12:00:12 - Found 0 direct orders for user ID: 16
2025-06-28 12:00:12 - Found 0 cart orders for user ID: 16
2025-06-28 12:00:12 - ⚠️ No orders found for user ID: 16
2025-06-28 12:00:12 - Searching orders for user ID: 14
2025-06-28 12:00:12 - Found 0 direct orders for user ID: 14
2025-06-28 12:00:12 - Found 0 cart orders for user ID: 14
2025-06-28 12:00:12 - ⚠️ No orders found for user ID: 14
2025-06-28 12:00:12 - Searching orders for user ID: 15
2025-06-28 12:00:12 - Found 0 direct orders for user ID: 15
2025-06-28 12:00:12 - Found 0 cart orders for user ID: 15
2025-06-28 12:00:12 - ⚠️ No orders found for user ID: 15
2025-06-28 12:00:12 - Searching orders for user ID: 16
2025-06-28 12:00:12 - Found 0 direct orders for user ID: 16
2025-06-28 12:00:12 - Found 0 cart orders for user ID: 16
2025-06-28 12:00:12 - ⚠️ No orders found for user ID: 16
2025-06-28 12:03:30 - Resolving eureka endpoints via configuration
2025-06-28 12:03:55 - Searching for order with ID: 0727442709
2025-06-28 12:03:56 - Cart order found with ID: 0727442709
2025-06-28 12:03:56 - Fetched totalPrice from cartOrder: ₹123.0
2025-06-28 12:03:56 - Final OrderDTO (cart) → orderAmount: ₹123.0
2025-06-28 12:03:56 - Searching for order with ID: 0727442709
2025-06-28 12:03:56 - Cart order found with ID: 0727442709
2025-06-28 12:03:56 - Fetched totalPrice from cartOrder: ₹123.0
2025-06-28 12:03:56 - Final OrderDTO (cart) → orderAmount: ₹123.0
2025-06-28 12:05:22 - Searching for order with ID: 0727442709
2025-06-28 12:05:22 - Cart order found with ID: 0727442709
2025-06-28 12:05:22 - Fetched totalPrice from cartOrder: ₹123.0
2025-06-28 12:05:22 - Final OrderDTO (cart) → orderAmount: ₹123.0
2025-06-28 12:05:22 - Searching for order with ID: 0727442709
2025-06-28 12:05:22 - Cart order found with ID: 0727442709
2025-06-28 12:05:22 - Fetched totalPrice from cartOrder: ₹123.0
2025-06-28 12:05:22 - Final OrderDTO (cart) → orderAmount: ₹123.0
2025-06-28 12:05:27 - Searching for order with ID: 0727442709
2025-06-28 12:05:27 - Cart order found with ID: 0727442709
2025-06-28 12:05:27 - Fetched totalPrice from cartOrder: ₹123.0
2025-06-28 12:05:27 - Final OrderDTO (cart) → orderAmount: ₹123.0
2025-06-28 12:05:27 - Searching for order with ID: 0727442709
2025-06-28 12:05:27 - Cart order found with ID: 0727442709
2025-06-28 12:05:27 - Fetched totalPrice from cartOrder: ₹123.0
2025-06-28 12:05:27 - Final OrderDTO (cart) → orderAmount: ₹123.0
2025-06-28 12:05:47 - Searching for order with ID: 0727442709
2025-06-28 12:05:47 - Cart order found with ID: 0727442709
2025-06-28 12:05:47 - Fetched totalPrice from cartOrder: ₹123.0
2025-06-28 12:05:47 - Final OrderDTO (cart) → orderAmount: ₹123.0
2025-06-28 12:05:47 - Searching for order with ID: 0727442709
2025-06-28 12:05:47 - Cart order found with ID: 0727442709
2025-06-28 12:05:47 - Fetched totalPrice from cartOrder: ₹123.0
2025-06-28 12:05:47 - Final OrderDTO (cart) → orderAmount: ₹123.0
2025-06-28 12:06:35 - Searching for order with ID: 0727442709
2025-06-28 12:06:35 - Cart order found with ID: 0727442709
2025-06-28 12:06:35 - Fetched totalPrice from cartOrder: ₹123.0
2025-06-28 12:06:35 - Final OrderDTO (cart) → orderAmount: ₹123.0
2025-06-28 12:06:35 - Searching for order with ID: 0727442709
2025-06-28 12:06:35 - Cart order found with ID: 0727442709
2025-06-28 12:06:35 - Fetched totalPrice from cartOrder: ₹123.0
2025-06-28 12:06:35 - Final OrderDTO (cart) → orderAmount: ₹123.0
2025-06-28 12:08:30 - Resolving eureka endpoints via configuration
2025-06-28 12:11:08 - Searching for order with ID: 0209638200
2025-06-28 12:11:08 - Cart order found with ID: 0209638200
2025-06-28 12:11:08 - Fetched totalPrice from cartOrder: ₹123.0
2025-06-28 12:11:08 - Final OrderDTO (cart) → orderAmount: ₹123.0
2025-06-28 12:11:08 - Searching for order with ID: 0209638200
2025-06-28 12:11:08 - Cart order found with ID: 0209638200
2025-06-28 12:11:08 - Fetched totalPrice from cartOrder: ₹123.0
2025-06-28 12:11:08 - Final OrderDTO (cart) → orderAmount: ₹123.0
2025-06-28 12:11:21 - Searching for order with ID: 0018616197
2025-06-28 12:11:21 - Cart order found with ID: 0018616197
2025-06-28 12:11:21 - Fetched totalPrice from cartOrder: ₹123.0
2025-06-28 12:11:21 - Final OrderDTO (cart) → orderAmount: ₹123.0
2025-06-28 12:11:21 - Searching for order with ID: 0018616197
2025-06-28 12:11:21 - Cart order found with ID: 0018616197
2025-06-28 12:11:21 - Fetched totalPrice from cartOrder: ₹123.0
2025-06-28 12:11:21 - Final OrderDTO (cart) → orderAmount: ₹123.0
2025-06-28 12:11:25 - Searching for order with ID: 0047604942
2025-06-28 12:11:25 - Cart order found with ID: 0047604942
2025-06-28 12:11:25 - Fetched totalPrice from cartOrder: ₹10000.0
2025-06-28 12:11:25 - Final OrderDTO (cart) → orderAmount: ₹10000.0
2025-06-28 12:11:25 - Searching for order with ID: 0047604942
2025-06-28 12:11:25 - Cart order found with ID: 0047604942
2025-06-28 12:11:25 - Fetched totalPrice from cartOrder: ₹10000.0
2025-06-28 12:11:25 - Final OrderDTO (cart) → orderAmount: ₹10000.0
2025-06-28 12:13:30 - Resolving eureka endpoints via configuration
2025-06-28 12:15:57 - Searching for order with ID: 0026063923
2025-06-28 12:15:57 - Cart order found with ID: 0026063923
2025-06-28 12:15:57 - Fetched totalPrice from cartOrder: ₹5000.0
2025-06-28 12:15:57 - Final OrderDTO (cart) → orderAmount: ₹5000.0
2025-06-28 12:15:57 - Searching for order with ID: 0026063923
2025-06-28 12:15:57 - Cart order found with ID: 0026063923
2025-06-28 12:15:57 - Fetched totalPrice from cartOrder: ₹5000.0
2025-06-28 12:15:57 - Final OrderDTO (cart) → orderAmount: ₹5000.0
2025-06-28 12:17:19 - Searching for order with ID: 0727442709
2025-06-28 12:17:19 - Cart order found with ID: 0727442709
2025-06-28 12:17:19 - Fetched totalPrice from cartOrder: ₹123.0
2025-06-28 12:17:19 - Final OrderDTO (cart) → orderAmount: ₹123.0
2025-06-28 12:17:19 - Searching for order with ID: 0727442709
2025-06-28 12:17:19 - Cart order found with ID: 0727442709
2025-06-28 12:17:19 - Fetched totalPrice from cartOrder: ₹123.0
2025-06-28 12:17:19 - Final OrderDTO (cart) → orderAmount: ₹123.0
2025-06-28 12:17:22 - Searching for order with ID: 0209638200
2025-06-28 12:17:22 - Cart order found with ID: 0209638200
2025-06-28 12:17:22 - Fetched totalPrice from cartOrder: ₹123.0
2025-06-28 12:17:22 - Final OrderDTO (cart) → orderAmount: ₹123.0
2025-06-28 12:17:22 - Searching for order with ID: 0209638200
2025-06-28 12:17:22 - Cart order found with ID: 0209638200
2025-06-28 12:17:22 - Fetched totalPrice from cartOrder: ₹123.0
2025-06-28 12:17:22 - Final OrderDTO (cart) → orderAmount: ₹123.0
2025-06-28 12:17:25 - Searching for order with ID: 0727442709
2025-06-28 12:17:25 - Cart order found with ID: 0727442709
2025-06-28 12:17:25 - Fetched totalPrice from cartOrder: ₹123.0
2025-06-28 12:17:25 - Final OrderDTO (cart) → orderAmount: ₹123.0
2025-06-28 12:17:25 - Searching for order with ID: 0727442709
2025-06-28 12:17:25 - Cart order found with ID: 0727442709
2025-06-28 12:17:25 - Fetched totalPrice from cartOrder: ₹123.0
2025-06-28 12:17:25 - Final OrderDTO (cart) → orderAmount: ₹123.0
2025-06-28 12:17:28 - Searching for order with ID: 0504181266
2025-06-28 12:17:28 - Cart order found with ID: 0504181266
2025-06-28 12:17:28 - Fetched totalPrice from cartOrder: ₹20123.0
2025-06-28 12:17:28 - Final OrderDTO (cart) → orderAmount: ₹20123.0
2025-06-28 12:17:28 - Searching for order with ID: 0504181266
2025-06-28 12:17:28 - Cart order found with ID: 0504181266
2025-06-28 12:17:28 - Fetched totalPrice from cartOrder: ₹20123.0
2025-06-28 12:17:28 - Final OrderDTO (cart) → orderAmount: ₹20123.0
2025-06-28 12:18:30 - Resolving eureka endpoints via configuration
2025-06-28 12:19:12 - Searching for order with ID: 0727442709
2025-06-28 12:19:12 - Cart order found with ID: 0727442709
2025-06-28 12:19:12 - Fetched totalPrice from cartOrder: ₹123.0
2025-06-28 12:19:12 - Final OrderDTO (cart) → orderAmount: ₹123.0
2025-06-28 12:19:12 - Searching for order with ID: 0727442709
2025-06-28 12:19:12 - Cart order found with ID: 0727442709
2025-06-28 12:19:12 - Fetched totalPrice from cartOrder: ₹123.0
2025-06-28 12:19:12 - Final OrderDTO (cart) → orderAmount: ₹123.0
2025-06-28 12:19:15 - Searching for order with ID: 0209638200
2025-06-28 12:19:15 - Cart order found with ID: 0209638200
2025-06-28 12:19:15 - Fetched totalPrice from cartOrder: ₹123.0
2025-06-28 12:19:15 - Final OrderDTO (cart) → orderAmount: ₹123.0
2025-06-28 12:19:15 - Searching for order with ID: 0209638200
2025-06-28 12:19:15 - Cart order found with ID: 0209638200
2025-06-28 12:19:15 - Fetched totalPrice from cartOrder: ₹123.0
2025-06-28 12:19:15 - Final OrderDTO (cart) → orderAmount: ₹123.0
2025-06-28 12:19:50 - Searching for order with ID: 0878008129
2025-06-28 12:19:50 - Cart order found with ID: 0878008129
2025-06-28 12:19:50 - Fetched totalPrice from cartOrder: ₹123.0
2025-06-28 12:19:50 - Final OrderDTO (cart) → orderAmount: ₹123.0
2025-06-28 12:19:50 - Searching for order with ID: 0878008129
2025-06-28 12:19:50 - Cart order found with ID: 0878008129
2025-06-28 12:19:50 - Fetched totalPrice from cartOrder: ₹123.0
2025-06-28 12:19:51 - Final OrderDTO (cart) → orderAmount: ₹123.0
2025-06-28 12:19:53 - Searching for order with ID: 0026063923
2025-06-28 12:19:53 - Cart order found with ID: 0026063923
2025-06-28 12:19:53 - Fetched totalPrice from cartOrder: ₹5000.0
2025-06-28 12:19:53 - Final OrderDTO (cart) → orderAmount: ₹5000.0
2025-06-28 12:19:53 - Searching for order with ID: 0026063923
2025-06-28 12:19:53 - Cart order found with ID: 0026063923
2025-06-28 12:19:53 - Fetched totalPrice from cartOrder: ₹5000.0
2025-06-28 12:19:53 - Final OrderDTO (cart) → orderAmount: ₹5000.0
2025-06-28 12:23:30 - Resolving eureka endpoints via configuration
2025-06-28 12:28:30 - Resolving eureka endpoints via configuration
2025-06-28 12:33:30 - Resolving eureka endpoints via configuration
2025-06-28 12:38:30 - Resolving eureka endpoints via configuration
2025-06-28 12:43:30 - Resolving eureka endpoints via configuration
2025-06-28 12:44:14 - Application shutdown requested.
2025-06-28 12:44:14 - Unregistering application ORDERSERVICE with eureka with status DOWN
2025-06-28 12:44:14 - Saw local status change event StatusChangeEvent [timestamp=1751094854480, current=DOWN, previous=UP]
2025-06-28 12:44:14 - DiscoveryClient_ORDERSERVICE/LTIN556294.cts.com:orderService:9997: registering service...
2025-06-28 12:44:14 - Commencing graceful shutdown. Waiting for active requests to complete
2025-06-28 12:44:14 - Graceful shutdown complete
2025-06-28 12:44:14 - DiscoveryClient_ORDERSERVICE/LTIN556294.cts.com:orderService:9997 - registration status: 204
2025-06-28 12:44:14 - Closing JPA EntityManagerFactory for persistence unit 'default'
2025-06-28 12:44:14 - HikariPool-1 - Shutdown initiated...
2025-06-28 12:44:14 - HikariPool-1 - Shutdown completed.
2025-06-28 12:44:14 - Shutting down DiscoveryClient ...
2025-06-28 12:44:17 - Unregistering ...
2025-06-28 12:44:17 - task supervisor shutting down, can't accept the task
2025-06-28 12:44:17 - DiscoveryClient_ORDERSERVICE/LTIN556294.cts.com:orderService:9997 - deregister  status: 200
2025-06-28 12:44:17 - Completed shut down of DiscoveryClient
2025-06-28 12:44:25 - Starting OrderServiceApplication using Java 21.0.6 with PID 12496 (C:\Users\2406708\Documents\workspace-spring-tool-suite-4-4.29.1.RELEASE project\orderservice3\target\classes started by 2406708 in C:\Users\2406708\Documents\workspace-spring-tool-suite-4-4.29.1.RELEASE project\orderservice3)
2025-06-28 12:44:25 - No active profile set, falling back to 1 default profile: "default"
2025-06-28 12:44:27 - Bootstrapping Spring Data JPA repositories in DEFAULT mode.
2025-06-28 12:44:27 - Finished Spring Data repository scanning in 337 ms. Found 3 JPA repository interfaces.
2025-06-28 12:44:28 - BeanFactory id=91c13b37-8427-312a-86db-ccde1fc08773
2025-06-28 12:44:28 - Tomcat initialized with port 9997 (http)
2025-06-28 12:44:28 - Starting service [Tomcat]
2025-06-28 12:44:28 - Starting Servlet engine: [Apache Tomcat/10.1.41]
2025-06-28 12:44:28 - Initializing Spring embedded WebApplicationContext
2025-06-28 12:44:28 - Root WebApplicationContext: initialization completed in 3880 ms
2025-06-28 12:44:29 - HHH000204: Processing PersistenceUnitInfo [name: default]
2025-06-28 12:44:29 - HHH000412: Hibernate ORM core version 6.6.15.Final
2025-06-28 12:44:29 - HHH000026: Second-level cache disabled
2025-06-28 12:44:30 - No LoadTimeWeaver setup: ignoring JPA class transformer
2025-06-28 12:44:30 - HikariPool-1 - Starting...
2025-06-28 12:44:31 - HikariPool-1 - Added connection com.mysql.cj.jdbc.ConnectionImpl@16890f00
2025-06-28 12:44:31 - HikariPool-1 - Start completed.
2025-06-28 12:44:31 - HHH10001005: Database info:
	Database JDBC URL [Connecting through datasource 'HikariDataSource (HikariPool-1)']
	Database driver: undefined/unknown
	Database version: 8.0.41
	Autocommit mode: undefined/unknown
	Isolation level: undefined/unknown
	Minimum pool size: undefined/unknown
	Maximum pool size: undefined/unknown
2025-06-28 12:44:32 - HHH000489: No JTA platform available (set 'hibernate.transaction.jta.platform' to enable JTA platform integration)
2025-06-28 12:44:32 - Initialized JPA EntityManagerFactory for persistence unit 'default'
2025-06-28 12:44:33 - spring.jpa.open-in-view is enabled by default. Therefore, database queries may be performed during view rendering. Explicitly configure spring.jpa.open-in-view to disable this warning
2025-06-28 12:44:34 - For 'user3' URL not provided. Will try picking an instance via load-balancing.
2025-06-28 12:44:34 - For 'Project' URL not provided. Will try picking an instance via load-balancing.
2025-06-28 12:44:34 - For 'payment' URL not provided. Will try picking an instance via load-balancing.
2025-06-28 12:44:34 - For 'CartModule' URL not provided. Will try picking an instance via load-balancing.
2025-06-28 12:44:34 - Global AuthenticationManager configured with UserDetailsService bean with name userDetailsService
2025-06-28 12:44:36 - Eureka HTTP Client uses RestTemplate.
2025-06-28 12:44:36 - Spring Cloud LoadBalancer is currently working with the default cache. While this cache implementation is useful for development and tests, it's recommended to use Caffeine cache in production.You can switch to using Caffeine cache, by adding it and org.springframework.cache.caffeine.CaffeineCacheManager to the classpath.
2025-06-28 12:44:36 - Setting initial instance status as: STARTING
2025-06-28 12:44:36 - Initializing Eureka in region us-east-1
2025-06-28 12:44:36 - Resolving eureka endpoints via configuration
2025-06-28 12:44:36 - Disable delta property : false
2025-06-28 12:44:36 - Single vip registry refresh property : null
2025-06-28 12:44:36 - Force full registry fetch : false
2025-06-28 12:44:36 - Application is null : false
2025-06-28 12:44:36 - Registered Applications size is zero : true
2025-06-28 12:44:36 - Application version is -1: true
2025-06-28 12:44:36 - Getting all instance registry info from the eureka server
2025-06-28 12:44:37 - The response status is 200
2025-06-28 12:44:37 - Starting heartbeat executor: renew interval is: 30
2025-06-28 12:44:37 - InstanceInfoReplicator onDemand update allowed rate per min is 4
2025-06-28 12:44:37 - Discovery Client initialized at timestamp 1751094877264 with initial instances count: 7
2025-06-28 12:44:37 - Registering application ORDERSERVICE with eureka with status UP
2025-06-28 12:44:37 - Saw local status change event StatusChangeEvent [timestamp=1751094877275, current=UP, previous=STARTING]
2025-06-28 12:44:37 - DiscoveryClient_ORDERSERVICE/LTIN556294.cts.com:orderService:9997: registering service...
2025-06-28 12:44:37 - Tomcat started on port 9997 (http) with context path '/'
2025-06-28 12:44:37 - Updating port to 9997
2025-06-28 12:44:37 - Started OrderServiceApplication in 13.112 seconds (process running for 15.158)
2025-06-28 12:44:37 - DiscoveryClient_ORDERSERVICE/LTIN556294.cts.com:orderService:9997 - registration status: 204
2025-06-28 12:49:36 - Resolving eureka endpoints via configuration
2025-06-28 12:54:36 - Resolving eureka endpoints via configuration
2025-06-28 12:55:16 - Initializing Spring DispatcherServlet 'dispatcherServlet'
2025-06-28 12:55:16 - Initializing Servlet 'dispatcherServlet'
2025-06-28 12:55:16 - Completed initialization in 1 ms
2025-06-28 12:55:16 - Searching orders for user ID: 13
2025-06-28 12:55:16 - Found 0 direct orders for user ID: 13
2025-06-28 12:55:16 - Found 10 cart orders for user ID: 13
2025-06-28 12:55:17 - Searching orders for user ID: 13
2025-06-28 12:55:17 - Found 0 direct orders for user ID: 13
2025-06-28 12:55:17 - Found 10 cart orders for user ID: 13
2025-06-28 12:55:19 - Searching orders for user ID: 13
2025-06-28 12:55:19 - Found 0 direct orders for user ID: 13
2025-06-28 12:55:19 - Found 10 cart orders for user ID: 13
2025-06-28 12:55:19 - Searching orders for user ID: 13
2025-06-28 12:55:19 - Found 0 direct orders for user ID: 13
2025-06-28 12:55:19 - Found 10 cart orders for user ID: 13
2025-06-28 12:55:32 - Searching orders for user ID: 13
2025-06-28 12:55:32 - Found 0 direct orders for user ID: 13
2025-06-28 12:55:32 - Found 10 cart orders for user ID: 13
2025-06-28 12:55:32 - Searching orders for user ID: 13
2025-06-28 12:55:32 - Found 0 direct orders for user ID: 13
2025-06-28 12:55:32 - Found 10 cart orders for user ID: 13
2025-06-28 12:55:48 - Searching orders for user ID: 13
2025-06-28 12:55:48 - Found 0 direct orders for user ID: 13
2025-06-28 12:55:48 - Found 10 cart orders for user ID: 13
2025-06-28 12:55:48 - Searching orders for user ID: 13
2025-06-28 12:55:48 - Found 0 direct orders for user ID: 13
2025-06-28 12:55:48 - Found 10 cart orders for user ID: 13
2025-06-28 12:58:45 - Searching orders for user ID: 1
2025-06-28 12:58:45 - Found 0 direct orders for user ID: 1
2025-06-28 12:58:45 - Found 0 cart orders for user ID: 1
2025-06-28 12:58:45 - ⚠️ No orders found for user ID: 1
2025-06-28 12:58:45 - Searching orders for user ID: 2
2025-06-28 12:58:45 - Found 0 direct orders for user ID: 2
2025-06-28 12:58:45 - Found 0 cart orders for user ID: 2
2025-06-28 12:58:45 - ⚠️ No orders found for user ID: 2
2025-06-28 12:58:45 - Searching orders for user ID: 3
2025-06-28 12:58:45 - Found 0 direct orders for user ID: 3
2025-06-28 12:58:45 - Found 0 cart orders for user ID: 3
2025-06-28 12:58:45 - ⚠️ No orders found for user ID: 3
2025-06-28 12:58:45 - Searching orders for user ID: 1
2025-06-28 12:58:45 - Searching orders for user ID: 4
2025-06-28 12:58:45 - Found 0 direct orders for user ID: 1
2025-06-28 12:58:45 - Found 0 cart orders for user ID: 1
2025-06-28 12:58:45 - ⚠️ No orders found for user ID: 1
2025-06-28 12:58:45 - Found 0 direct orders for user ID: 4
2025-06-28 12:58:45 - Found 0 cart orders for user ID: 4
2025-06-28 12:58:45 - ⚠️ No orders found for user ID: 4
2025-06-28 12:58:45 - Searching orders for user ID: 2
2025-06-28 12:58:45 - Found 0 direct orders for user ID: 2
2025-06-28 12:58:45 - Found 0 cart orders for user ID: 2
2025-06-28 12:58:45 - ⚠️ No orders found for user ID: 2
2025-06-28 12:58:45 - Searching orders for user ID: 5
2025-06-28 12:58:45 - Found 0 direct orders for user ID: 5
2025-06-28 12:58:45 - Found 0 cart orders for user ID: 5
2025-06-28 12:58:45 - ⚠️ No orders found for user ID: 5
2025-06-28 12:58:45 - Searching orders for user ID: 3
2025-06-28 12:58:45 - Found 0 direct orders for user ID: 3
2025-06-28 12:58:45 - Found 0 cart orders for user ID: 3
2025-06-28 12:58:45 - ⚠️ No orders found for user ID: 3
2025-06-28 12:58:45 - Searching orders for user ID: 6
2025-06-28 12:58:45 - Found 0 direct orders for user ID: 6
2025-06-28 12:58:45 - Found 0 cart orders for user ID: 6
2025-06-28 12:58:45 - ⚠️ No orders found for user ID: 6
2025-06-28 12:58:45 - Searching orders for user ID: 4
2025-06-28 12:58:45 - Found 0 direct orders for user ID: 4
2025-06-28 12:58:45 - Found 0 cart orders for user ID: 4
2025-06-28 12:58:45 - ⚠️ No orders found for user ID: 4
2025-06-28 12:58:45 - Searching orders for user ID: 7
2025-06-28 12:58:45 - Found 0 direct orders for user ID: 7
2025-06-28 12:58:45 - Found 0 cart orders for user ID: 7
2025-06-28 12:58:45 - ⚠️ No orders found for user ID: 7
2025-06-28 12:58:45 - Searching orders for user ID: 5
2025-06-28 12:58:45 - Found 0 direct orders for user ID: 5
2025-06-28 12:58:45 - Found 0 cart orders for user ID: 5
2025-06-28 12:58:45 - ⚠️ No orders found for user ID: 5
2025-06-28 12:58:45 - Searching orders for user ID: 8
2025-06-28 12:58:45 - Found 0 direct orders for user ID: 8
2025-06-28 12:58:45 - Found 0 cart orders for user ID: 8
2025-06-28 12:58:45 - ⚠️ No orders found for user ID: 8
2025-06-28 12:58:45 - Searching orders for user ID: 6
2025-06-28 12:58:45 - Found 0 direct orders for user ID: 6
2025-06-28 12:58:45 - Found 0 cart orders for user ID: 6
2025-06-28 12:58:45 - ⚠️ No orders found for user ID: 6
2025-06-28 12:58:45 - Searching orders for user ID: 9
2025-06-28 12:58:45 - Found 0 direct orders for user ID: 9
2025-06-28 12:58:45 - Found 0 cart orders for user ID: 9
2025-06-28 12:58:45 - ⚠️ No orders found for user ID: 9
2025-06-28 12:58:45 - Searching orders for user ID: 7
2025-06-28 12:58:45 - Found 0 direct orders for user ID: 7
2025-06-28 12:58:45 - Found 0 cart orders for user ID: 7
2025-06-28 12:58:45 - ⚠️ No orders found for user ID: 7
2025-06-28 12:58:45 - Searching orders for user ID: 10
2025-06-28 12:58:45 - Found 0 direct orders for user ID: 10
2025-06-28 12:58:45 - Found 0 cart orders for user ID: 10
2025-06-28 12:58:45 - ⚠️ No orders found for user ID: 10
2025-06-28 12:58:45 - Searching orders for user ID: 8
2025-06-28 12:58:45 - Found 0 direct orders for user ID: 8
2025-06-28 12:58:45 - Found 0 cart orders for user ID: 8
2025-06-28 12:58:45 - ⚠️ No orders found for user ID: 8
2025-06-28 12:58:45 - Searching orders for user ID: 11
2025-06-28 12:58:45 - Found 0 direct orders for user ID: 11
2025-06-28 12:58:45 - Found 0 cart orders for user ID: 11
2025-06-28 12:58:45 - ⚠️ No orders found for user ID: 11
2025-06-28 12:58:45 - Searching orders for user ID: 9
2025-06-28 12:58:45 - Found 0 direct orders for user ID: 9
2025-06-28 12:58:45 - Found 0 cart orders for user ID: 9
2025-06-28 12:58:45 - ⚠️ No orders found for user ID: 9
2025-06-28 12:58:45 - Searching orders for user ID: 12
2025-06-28 12:58:45 - Found 0 direct orders for user ID: 12
2025-06-28 12:58:45 - Found 0 cart orders for user ID: 12
2025-06-28 12:58:45 - ⚠️ No orders found for user ID: 12
2025-06-28 12:58:45 - Searching orders for user ID: 13
2025-06-28 12:58:45 - Searching orders for user ID: 10
2025-06-28 12:58:45 - Found 0 direct orders for user ID: 13
2025-06-28 12:58:45 - Found 0 direct orders for user ID: 10
2025-06-28 12:58:45 - Found 0 cart orders for user ID: 10
2025-06-28 12:58:45 - ⚠️ No orders found for user ID: 10
2025-06-28 12:58:45 - Found 10 cart orders for user ID: 13
2025-06-28 12:58:45 - Searching orders for user ID: 11
2025-06-28 12:58:45 - Found 0 direct orders for user ID: 11
2025-06-28 12:58:45 - Found 0 cart orders for user ID: 11
2025-06-28 12:58:45 - ⚠️ No orders found for user ID: 11
2025-06-28 12:58:45 - Searching orders for user ID: 12
2025-06-28 12:58:45 - Found 0 direct orders for user ID: 12
2025-06-28 12:58:45 - Found 0 cart orders for user ID: 12
2025-06-28 12:58:45 - ⚠️ No orders found for user ID: 12
2025-06-28 12:58:45 - Searching orders for user ID: 13
2025-06-28 12:58:45 - Searching orders for user ID: 14
2025-06-28 12:58:45 - Found 0 direct orders for user ID: 14
2025-06-28 12:58:45 - Found 0 direct orders for user ID: 13
2025-06-28 12:58:45 - Found 0 cart orders for user ID: 14
2025-06-28 12:58:45 - ⚠️ No orders found for user ID: 14
2025-06-28 12:58:45 - Found 10 cart orders for user ID: 13
2025-06-28 12:58:45 - Searching orders for user ID: 15
2025-06-28 12:58:45 - Found 0 direct orders for user ID: 15
2025-06-28 12:58:45 - Found 0 cart orders for user ID: 15
2025-06-28 12:58:45 - ⚠️ No orders found for user ID: 15
2025-06-28 12:58:45 - Searching orders for user ID: 16
2025-06-28 12:58:45 - Found 0 direct orders for user ID: 16
2025-06-28 12:58:45 - Found 0 cart orders for user ID: 16
2025-06-28 12:58:45 - ⚠️ No orders found for user ID: 16
2025-06-28 12:58:46 - Searching orders for user ID: 14
2025-06-28 12:58:46 - Found 0 direct orders for user ID: 14
2025-06-28 12:58:46 - Found 0 cart orders for user ID: 14
2025-06-28 12:58:46 - ⚠️ No orders found for user ID: 14
2025-06-28 12:58:46 - Searching orders for user ID: 15
2025-06-28 12:58:46 - Found 0 direct orders for user ID: 15
2025-06-28 12:58:46 - Found 0 cart orders for user ID: 15
2025-06-28 12:58:46 - ⚠️ No orders found for user ID: 15
2025-06-28 12:58:46 - Searching orders for user ID: 16
2025-06-28 12:58:46 - Found 0 direct orders for user ID: 16
2025-06-28 12:58:46 - Found 0 cart orders for user ID: 16
2025-06-28 12:58:46 - ⚠️ No orders found for user ID: 16
2025-06-28 12:58:53 - Marking order as delivered for ID: 0727442709
2025-06-28 12:58:54 - Cart order marked as delivered: 0727442709
2025-06-28 12:58:56 - Marking order as delivered for ID: 0727442709
2025-06-28 12:58:58 - Marking order as delivered for ID: 0727442709
2025-06-28 12:58:59 - Marking order as delivered for ID: 0209638200
2025-06-28 12:58:59 - Cart order marked as delivered: 0209638200
2025-06-28 12:59:01 - Marking order as delivered for ID: 0209638200
2025-06-28 12:59:01 - Marking order as delivered for ID: 0209638200
2025-06-28 12:59:01 - Marking order as delivered for ID: 0209638200
2025-06-28 12:59:03 - Marking order as delivered for ID: 0504181266
2025-06-28 12:59:03 - Cart order marked as delivered: 0504181266
2025-06-28 12:59:03 - Marking order as delivered for ID: 0504181266
2025-06-28 12:59:04 - Marking order as delivered for ID: 0504181266
2025-06-28 12:59:08 - Marking order as delivered for ID: 0047604942
2025-06-28 12:59:08 - Cart order marked as delivered: 0047604942
2025-06-28 12:59:09 - Marking order as delivered for ID: 0047604942
2025-06-28 12:59:09 - Marking order as delivered for ID: 0047604942
2025-06-28 12:59:11 - Marking order as delivered for ID: 0522636620
2025-06-28 12:59:11 - Cart order marked as delivered: 0522636620
2025-06-28 12:59:12 - Marking order as delivered for ID: 0224410220
2025-06-28 12:59:12 - Cart order marked as delivered: 0224410220
2025-06-28 12:59:13 - Marking order as delivered for ID: 0224410220
2025-06-28 12:59:13 - Marking order as delivered for ID: 0522636620
2025-06-28 12:59:14 - Marking order as delivered for ID: 0026063923
2025-06-28 12:59:14 - Cart order marked as delivered: 0026063923
2025-06-28 12:59:15 - Marking order as delivered for ID: 0047604942
2025-06-28 12:59:16 - Marking order as delivered for ID: 0047604942
2025-06-28 12:59:16 - Marking order as delivered for ID: 0047604942
2025-06-28 12:59:17 - Marking order as delivered for ID: 0047604942
2025-06-28 12:59:17 - Marking order as delivered for ID: 0047604942
2025-06-28 12:59:17 - Marking order as delivered for ID: 0047604942
2025-06-28 12:59:17 - Marking order as delivered for ID: 0047604942
2025-06-28 12:59:17 - Marking order as delivered for ID: 0047604942
2025-06-28 12:59:18 - Marking order as delivered for ID: 0047604942
2025-06-28 12:59:18 - Marking order as delivered for ID: 0047604942
2025-06-28 12:59:21 - Searching orders for user ID: 1
2025-06-28 12:59:21 - Found 0 direct orders for user ID: 1
2025-06-28 12:59:21 - Found 0 cart orders for user ID: 1
2025-06-28 12:59:21 - ⚠️ No orders found for user ID: 1
2025-06-28 12:59:21 - Searching orders for user ID: 2
2025-06-28 12:59:21 - Found 0 direct orders for user ID: 2
2025-06-28 12:59:21 - Found 0 cart orders for user ID: 2
2025-06-28 12:59:21 - ⚠️ No orders found for user ID: 2
2025-06-28 12:59:21 - Searching orders for user ID: 3
2025-06-28 12:59:21 - Found 0 direct orders for user ID: 3
2025-06-28 12:59:21 - Found 0 cart orders for user ID: 3
2025-06-28 12:59:21 - ⚠️ No orders found for user ID: 3
2025-06-28 12:59:21 - Searching orders for user ID: 4
2025-06-28 12:59:21 - Searching orders for user ID: 1
2025-06-28 12:59:21 - Found 0 direct orders for user ID: 1
2025-06-28 12:59:21 - Found 0 direct orders for user ID: 4
2025-06-28 12:59:21 - Found 0 cart orders for user ID: 1
2025-06-28 12:59:21 - Found 0 cart orders for user ID: 4
2025-06-28 12:59:21 - ⚠️ No orders found for user ID: 1
2025-06-28 12:59:21 - ⚠️ No orders found for user ID: 4
2025-06-28 12:59:21 - Searching orders for user ID: 2
2025-06-28 12:59:21 - Searching orders for user ID: 5
2025-06-28 12:59:21 - Found 0 direct orders for user ID: 5
2025-06-28 12:59:21 - Found 0 direct orders for user ID: 2
2025-06-28 12:59:21 - Found 0 cart orders for user ID: 2
2025-06-28 12:59:21 - Found 0 cart orders for user ID: 5
2025-06-28 12:59:21 - ⚠️ No orders found for user ID: 2
2025-06-28 12:59:21 - ⚠️ No orders found for user ID: 5
2025-06-28 12:59:21 - Searching orders for user ID: 3
2025-06-28 12:59:21 - Searching orders for user ID: 6
2025-06-28 12:59:21 - Found 0 direct orders for user ID: 6
2025-06-28 12:59:21 - Found 0 direct orders for user ID: 3
2025-06-28 12:59:21 - Found 0 cart orders for user ID: 6
2025-06-28 12:59:21 - ⚠️ No orders found for user ID: 6
2025-06-28 12:59:21 - Found 0 cart orders for user ID: 3
2025-06-28 12:59:21 - ⚠️ No orders found for user ID: 3
2025-06-28 12:59:21 - Searching orders for user ID: 4
2025-06-28 12:59:21 - Found 0 direct orders for user ID: 4
2025-06-28 12:59:21 - Found 0 cart orders for user ID: 4
2025-06-28 12:59:21 - ⚠️ No orders found for user ID: 4
2025-06-28 12:59:21 - Searching orders for user ID: 7
2025-06-28 12:59:21 - Found 0 direct orders for user ID: 7
2025-06-28 12:59:21 - Found 0 cart orders for user ID: 7
2025-06-28 12:59:21 - ⚠️ No orders found for user ID: 7
2025-06-28 12:59:21 - Searching orders for user ID: 5
2025-06-28 12:59:21 - Found 0 direct orders for user ID: 5
2025-06-28 12:59:21 - Found 0 cart orders for user ID: 5
2025-06-28 12:59:21 - ⚠️ No orders found for user ID: 5
2025-06-28 12:59:21 - Searching orders for user ID: 8
2025-06-28 12:59:21 - Found 0 direct orders for user ID: 8
2025-06-28 12:59:21 - Found 0 cart orders for user ID: 8
2025-06-28 12:59:21 - ⚠️ No orders found for user ID: 8
2025-06-28 12:59:21 - Searching orders for user ID: 6
2025-06-28 12:59:21 - Found 0 direct orders for user ID: 6
2025-06-28 12:59:21 - Found 0 cart orders for user ID: 6
2025-06-28 12:59:21 - ⚠️ No orders found for user ID: 6
2025-06-28 12:59:21 - Searching orders for user ID: 9
2025-06-28 12:59:21 - Found 0 direct orders for user ID: 9
2025-06-28 12:59:21 - Found 0 cart orders for user ID: 9
2025-06-28 12:59:21 - ⚠️ No orders found for user ID: 9
2025-06-28 12:59:21 - Searching orders for user ID: 7
2025-06-28 12:59:21 - Found 0 direct orders for user ID: 7
2025-06-28 12:59:21 - Found 0 cart orders for user ID: 7
2025-06-28 12:59:21 - ⚠️ No orders found for user ID: 7
2025-06-28 12:59:21 - Searching orders for user ID: 10
2025-06-28 12:59:21 - Found 0 direct orders for user ID: 10
2025-06-28 12:59:21 - Found 0 cart orders for user ID: 10
2025-06-28 12:59:21 - ⚠️ No orders found for user ID: 10
2025-06-28 12:59:21 - Searching orders for user ID: 8
2025-06-28 12:59:21 - Found 0 direct orders for user ID: 8
2025-06-28 12:59:21 - Found 0 cart orders for user ID: 8
2025-06-28 12:59:21 - ⚠️ No orders found for user ID: 8
2025-06-28 12:59:21 - Searching orders for user ID: 11
2025-06-28 12:59:21 - Found 0 direct orders for user ID: 11
2025-06-28 12:59:21 - Found 0 cart orders for user ID: 11
2025-06-28 12:59:21 - ⚠️ No orders found for user ID: 11
2025-06-28 12:59:21 - Searching orders for user ID: 9
2025-06-28 12:59:21 - Found 0 direct orders for user ID: 9
2025-06-28 12:59:21 - Found 0 cart orders for user ID: 9
2025-06-28 12:59:21 - ⚠️ No orders found for user ID: 9
2025-06-28 12:59:21 - Searching orders for user ID: 12
2025-06-28 12:59:21 - Found 0 direct orders for user ID: 12
2025-06-28 12:59:21 - Searching orders for user ID: 10
2025-06-28 12:59:21 - Found 0 cart orders for user ID: 12
2025-06-28 12:59:21 - ⚠️ No orders found for user ID: 12
2025-06-28 12:59:21 - Found 0 direct orders for user ID: 10
2025-06-28 12:59:21 - Found 0 cart orders for user ID: 10
2025-06-28 12:59:21 - ⚠️ No orders found for user ID: 10
2025-06-28 12:59:21 - Searching orders for user ID: 11
2025-06-28 12:59:21 - Searching orders for user ID: 13
2025-06-28 12:59:21 - Found 0 direct orders for user ID: 11
2025-06-28 12:59:21 - Found 0 direct orders for user ID: 13
2025-06-28 12:59:21 - Found 0 cart orders for user ID: 11
2025-06-28 12:59:21 - ⚠️ No orders found for user ID: 11
2025-06-28 12:59:21 - Found 10 cart orders for user ID: 13
2025-06-28 12:59:21 - Searching orders for user ID: 12
2025-06-28 12:59:21 - Found 0 direct orders for user ID: 12
2025-06-28 12:59:21 - Found 0 cart orders for user ID: 12
2025-06-28 12:59:21 - ⚠️ No orders found for user ID: 12
2025-06-28 12:59:21 - Searching orders for user ID: 14
2025-06-28 12:59:21 - Searching orders for user ID: 13
2025-06-28 12:59:21 - Found 0 direct orders for user ID: 14
2025-06-28 12:59:21 - Found 0 direct orders for user ID: 13
2025-06-28 12:59:21 - Found 0 cart orders for user ID: 14
2025-06-28 12:59:21 - ⚠️ No orders found for user ID: 14
2025-06-28 12:59:21 - Found 10 cart orders for user ID: 13
2025-06-28 12:59:21 - Searching orders for user ID: 15
2025-06-28 12:59:21 - Found 0 direct orders for user ID: 15
2025-06-28 12:59:21 - Found 0 cart orders for user ID: 15
2025-06-28 12:59:21 - ⚠️ No orders found for user ID: 15
2025-06-28 12:59:21 - Searching orders for user ID: 16
2025-06-28 12:59:21 - Found 0 direct orders for user ID: 16
2025-06-28 12:59:21 - Found 0 cart orders for user ID: 16
2025-06-28 12:59:21 - ⚠️ No orders found for user ID: 16
2025-06-28 12:59:21 - Searching orders for user ID: 14
2025-06-28 12:59:21 - Found 0 direct orders for user ID: 14
2025-06-28 12:59:21 - Found 0 cart orders for user ID: 14
2025-06-28 12:59:21 - ⚠️ No orders found for user ID: 14
2025-06-28 12:59:21 - Searching orders for user ID: 15
2025-06-28 12:59:21 - Found 0 direct orders for user ID: 15
2025-06-28 12:59:21 - Found 0 cart orders for user ID: 15
2025-06-28 12:59:21 - ⚠️ No orders found for user ID: 15
2025-06-28 12:59:21 - Searching orders for user ID: 16
2025-06-28 12:59:21 - Found 0 direct orders for user ID: 16
2025-06-28 12:59:21 - Found 0 cart orders for user ID: 16
2025-06-28 12:59:21 - ⚠️ No orders found for user ID: 16
2025-06-28 12:59:36 - Resolving eureka endpoints via configuration
2025-06-28 12:59:48 - Searching orders for user ID: 13
2025-06-28 12:59:48 - Found 0 direct orders for user ID: 13
2025-06-28 12:59:48 - Found 10 cart orders for user ID: 13
2025-06-28 12:59:48 - Searching orders for user ID: 13
2025-06-28 12:59:48 - Found 0 direct orders for user ID: 13
2025-06-28 12:59:48 - Found 10 cart orders for user ID: 13
2025-06-28 13:00:06 - Searching orders for user ID: 13
2025-06-28 13:00:06 - Found 0 direct orders for user ID: 13
2025-06-28 13:00:06 - Found 10 cart orders for user ID: 13
2025-06-28 13:00:06 - Searching orders for user ID: 13
2025-06-28 13:00:06 - Found 0 direct orders for user ID: 13
2025-06-28 13:00:06 - Found 10 cart orders for user ID: 13
2025-06-28 13:00:25 - Attempting to cancel order with ID: 0018616197
2025-06-28 13:00:25 - Cart order cancelled successfully: 0018616197
2025-06-28 13:00:34 - Searching orders for user ID: 13
2025-06-28 13:00:34 - Found 0 direct orders for user ID: 13
2025-06-28 13:00:34 - Found 10 cart orders for user ID: 13
2025-06-28 13:00:35 - Searching orders for user ID: 13
2025-06-28 13:00:35 - Found 0 direct orders for user ID: 13
2025-06-28 13:00:35 - Found 10 cart orders for user ID: 13
2025-06-28 13:00:57 - Searching orders for user ID: 13
2025-06-28 13:00:57 - Found 0 direct orders for user ID: 13
2025-06-28 13:00:57 - Found 10 cart orders for user ID: 13
2025-06-28 13:00:57 - Searching orders for user ID: 13
2025-06-28 13:00:57 - Found 0 direct orders for user ID: 13
2025-06-28 13:00:57 - Found 10 cart orders for user ID: 13
2025-06-28 13:01:00 - Searching orders for user ID: 13
2025-06-28 13:01:00 - Found 0 direct orders for user ID: 13
2025-06-28 13:01:00 - Found 10 cart orders for user ID: 13
2025-06-28 13:01:00 - Searching orders for user ID: 13
2025-06-28 13:01:00 - Found 0 direct orders for user ID: 13
2025-06-28 13:01:00 - Found 10 cart orders for user ID: 13
2025-06-28 13:01:11 - Initiating return process for order ID: 0504181266
2025-06-28 13:01:11 - Cart order returned: 0504181266
2025-06-28 13:01:11 - Searching orders for user ID: 13
2025-06-28 13:01:11 - Found 0 direct orders for user ID: 13
2025-06-28 13:01:11 - Found 10 cart orders for user ID: 13
2025-06-28 13:01:37 - Initiating replacement for order ID: 0504181266
2025-06-28 13:01:38 - Cart order successfully replaced: 0504181266
2025-06-28 13:01:38 - Searching orders for user ID: 13
2025-06-28 13:01:38 - Found 0 direct orders for user ID: 13
2025-06-28 13:01:38 - Found 10 cart orders for user ID: 13
2025-06-28 13:01:43 - Searching orders for user ID: 13
2025-06-28 13:01:43 - Found 0 direct orders for user ID: 13
2025-06-28 13:01:43 - Found 10 cart orders for user ID: 13
2025-06-28 13:01:44 - Searching orders for user ID: 13
2025-06-28 13:01:44 - Found 0 direct orders for user ID: 13
2025-06-28 13:01:44 - Found 10 cart orders for user ID: 13
2025-06-28 13:02:10 - Initiating return process for order ID: 0504181266
2025-06-28 13:02:10 - Cart order returned: 0504181266
2025-06-28 13:02:10 - Searching orders for user ID: 13
2025-06-28 13:02:10 - Found 0 direct orders for user ID: 13
2025-06-28 13:02:10 - Found 10 cart orders for user ID: 13
2025-06-28 13:02:16 - Searching orders for user ID: 13
2025-06-28 13:02:16 - Found 0 direct orders for user ID: 13
2025-06-28 13:02:16 - Found 10 cart orders for user ID: 13
2025-06-28 13:02:16 - Searching orders for user ID: 13
2025-06-28 13:02:16 - Found 0 direct orders for user ID: 13
2025-06-28 13:02:16 - Found 10 cart orders for user ID: 13
2025-06-28 13:02:55 - Initiating replacement for order ID: 0504181266
2025-06-28 13:02:55 - Cart order successfully replaced: 0504181266
2025-06-28 13:02:55 - Searching orders for user ID: 13
2025-06-28 13:02:55 - Found 0 direct orders for user ID: 13
2025-06-28 13:02:55 - Found 10 cart orders for user ID: 13
2025-06-28 13:04:26 - Initiating return process for order ID: 0504181266
2025-06-28 13:04:30 - Initiating return process for order ID: 0504181266
2025-06-28 13:04:35 - Initiating replacement for order ID: 0504181266
2025-06-28 13:04:35 - Cart order successfully replaced: 0504181266
2025-06-28 13:04:35 - Searching orders for user ID: 13
2025-06-28 13:04:35 - Found 0 direct orders for user ID: 13
2025-06-28 13:04:35 - Found 10 cart orders for user ID: 13
2025-06-28 13:04:36 - Resolving eureka endpoints via configuration
2025-06-28 13:04:43 - Initiating return process for order ID: 0504181266
2025-06-28 13:04:43 - Cart order returned: 0504181266
2025-06-28 13:04:43 - Searching orders for user ID: 13
2025-06-28 13:04:43 - Found 0 direct orders for user ID: 13
2025-06-28 13:04:43 - Found 10 cart orders for user ID: 13
2025-06-28 13:09:36 - Resolving eureka endpoints via configuration
2025-06-28 13:14:36 - Resolving eureka endpoints via configuration
2025-06-28 13:16:15 - Searching orders for user ID: 13
2025-06-28 13:16:15 - Found 0 direct orders for user ID: 13
2025-06-28 13:16:15 - Found 10 cart orders for user ID: 13
2025-06-28 13:16:15 - Searching orders for user ID: 13
2025-06-28 13:16:15 - Found 0 direct orders for user ID: 13
2025-06-28 13:16:15 - Found 10 cart orders for user ID: 13
2025-06-28 13:16:17 - Searching orders for user ID: 13
2025-06-28 13:16:17 - Found 0 direct orders for user ID: 13
2025-06-28 13:16:17 - Found 10 cart orders for user ID: 13
2025-06-28 13:16:17 - Searching orders for user ID: 13
2025-06-28 13:16:17 - Found 0 direct orders for user ID: 13
2025-06-28 13:16:17 - Found 10 cart orders for user ID: 13
2025-06-28 13:16:23 - Searching orders for user ID: 13
2025-06-28 13:16:23 - Found 0 direct orders for user ID: 13
2025-06-28 13:16:23 - Found 10 cart orders for user ID: 13
2025-06-28 13:16:23 - Searching orders for user ID: 13
2025-06-28 13:16:23 - Found 0 direct orders for user ID: 13
2025-06-28 13:16:23 - Found 10 cart orders for user ID: 13
2025-06-28 13:16:52 - Searching orders for user ID: 13
2025-06-28 13:16:52 - Found 0 direct orders for user ID: 13
2025-06-28 13:16:52 - Found 10 cart orders for user ID: 13
2025-06-28 13:16:52 - Searching orders for user ID: 13
2025-06-28 13:16:52 - Found 0 direct orders for user ID: 13
2025-06-28 13:16:52 - Found 10 cart orders for user ID: 13
2025-06-28 13:19:36 - Resolving eureka endpoints via configuration
2025-06-28 13:24:36 - Resolving eureka endpoints via configuration
2025-06-28 13:29:36 - Resolving eureka endpoints via configuration
2025-06-28 13:41:09 - HikariPool-1 - Thread starvation or clock leap detected (housekeeper delta=9m7s442ms212µs199ns).
2025-06-28 13:43:25 - Resolving eureka endpoints via configuration
2025-06-28 13:46:25 - Searching orders for user ID: 13
2025-06-28 13:46:25 - Found 0 direct orders for user ID: 13
2025-06-28 13:46:25 - Found 10 cart orders for user ID: 13
2025-06-28 13:46:26 - Searching orders for user ID: 13
2025-06-28 13:46:26 - Found 0 direct orders for user ID: 13
2025-06-28 13:46:26 - Found 10 cart orders for user ID: 13
2025-06-28 13:48:25 - Resolving eureka endpoints via configuration
2025-06-28 13:53:25 - Resolving eureka endpoints via configuration
2025-06-28 13:58:25 - Resolving eureka endpoints via configuration
2025-06-28 14:03:25 - Resolving eureka endpoints via configuration
2025-06-28 14:08:25 - Resolving eureka endpoints via configuration
2025-06-28 14:08:45 - Searching orders for user ID: 13
2025-06-28 14:08:45 - Found 0 direct orders for user ID: 13
2025-06-28 14:08:45 - Found 10 cart orders for user ID: 13
2025-06-28 14:08:45 - Searching orders for user ID: 13
2025-06-28 14:08:45 - Found 0 direct orders for user ID: 13
2025-06-28 14:08:45 - Found 10 cart orders for user ID: 13
2025-06-28 14:08:51 - Searching orders for user ID: 13
2025-06-28 14:08:51 - Found 0 direct orders for user ID: 13
2025-06-28 14:08:51 - Found 10 cart orders for user ID: 13
2025-06-28 14:08:51 - Searching orders for user ID: 13
2025-06-28 14:08:51 - Found 0 direct orders for user ID: 13
2025-06-28 14:08:51 - Found 10 cart orders for user ID: 13
2025-06-28 14:09:03 - Searching orders for user ID: 13
2025-06-28 14:09:03 - Found 0 direct orders for user ID: 13
2025-06-28 14:09:03 - Found 10 cart orders for user ID: 13
2025-06-28 14:09:03 - Searching orders for user ID: 13
2025-06-28 14:09:03 - Found 0 direct orders for user ID: 13
2025-06-28 14:09:03 - Found 10 cart orders for user ID: 13
2025-06-28 14:09:11 - Searching orders for user ID: 13
2025-06-28 14:09:11 - Found 0 direct orders for user ID: 13
2025-06-28 14:09:11 - Found 10 cart orders for user ID: 13
2025-06-28 14:09:11 - Searching orders for user ID: 13
2025-06-28 14:09:11 - Found 0 direct orders for user ID: 13
2025-06-28 14:09:11 - Found 10 cart orders for user ID: 13
2025-06-28 14:09:18 - Searching orders for user ID: 13
2025-06-28 14:09:18 - Found 0 direct orders for user ID: 13
2025-06-28 14:09:18 - Found 10 cart orders for user ID: 13
2025-06-28 14:09:18 - Searching orders for user ID: 13
2025-06-28 14:09:18 - Found 0 direct orders for user ID: 13
2025-06-28 14:09:18 - Found 10 cart orders for user ID: 13
2025-06-28 14:09:23 - Searching orders for user ID: 13
2025-06-28 14:09:23 - Found 0 direct orders for user ID: 13
2025-06-28 14:09:23 - Found 10 cart orders for user ID: 13
2025-06-28 14:09:23 - Searching orders for user ID: 13
2025-06-28 14:09:23 - Found 0 direct orders for user ID: 13
2025-06-28 14:09:23 - Found 10 cart orders for user ID: 13
2025-06-28 14:09:28 - Searching orders for user ID: 13
2025-06-28 14:09:28 - Found 0 direct orders for user ID: 13
2025-06-28 14:09:28 - Found 10 cart orders for user ID: 13
2025-06-28 14:09:28 - Searching orders for user ID: 13
2025-06-28 14:09:28 - Found 0 direct orders for user ID: 13
2025-06-28 14:09:28 - Found 10 cart orders for user ID: 13
2025-06-28 14:09:33 - Searching orders for user ID: 13
2025-06-28 14:09:33 - Found 0 direct orders for user ID: 13
2025-06-28 14:09:33 - Found 10 cart orders for user ID: 13
2025-06-28 14:09:33 - Searching orders for user ID: 13
2025-06-28 14:09:33 - Found 0 direct orders for user ID: 13
2025-06-28 14:09:33 - Found 10 cart orders for user ID: 13
2025-06-28 14:09:36 - Searching orders for user ID: 13
2025-06-28 14:09:36 - Found 0 direct orders for user ID: 13
2025-06-28 14:09:36 - Found 10 cart orders for user ID: 13
2025-06-28 14:09:36 - Searching orders for user ID: 13
2025-06-28 14:09:36 - Found 0 direct orders for user ID: 13
2025-06-28 14:09:36 - Found 10 cart orders for user ID: 13
2025-06-28 14:09:44 - Searching orders for user ID: 13
2025-06-28 14:09:44 - Found 0 direct orders for user ID: 13
2025-06-28 14:09:44 - Found 10 cart orders for user ID: 13
2025-06-28 14:09:44 - Searching orders for user ID: 13
2025-06-28 14:09:44 - Found 0 direct orders for user ID: 13
2025-06-28 14:09:44 - Found 10 cart orders for user ID: 13
2025-06-28 14:09:58 - Searching orders for user ID: 13
2025-06-28 14:09:58 - Found 0 direct orders for user ID: 13
2025-06-28 14:09:58 - Found 10 cart orders for user ID: 13
2025-06-28 14:09:58 - Searching orders for user ID: 13
2025-06-28 14:09:58 - Found 0 direct orders for user ID: 13
2025-06-28 14:09:58 - Found 10 cart orders for user ID: 13
2025-06-28 14:10:08 - Searching orders for user ID: 13
2025-06-28 14:10:08 - Found 0 direct orders for user ID: 13
2025-06-28 14:10:08 - Found 10 cart orders for user ID: 13
2025-06-28 14:10:08 - Searching orders for user ID: 13
2025-06-28 14:10:08 - Found 0 direct orders for user ID: 13
2025-06-28 14:10:08 - Found 10 cart orders for user ID: 13
2025-06-28 14:12:16 - Searching orders for user ID: 13
2025-06-28 14:12:16 - Found 0 direct orders for user ID: 13
2025-06-28 14:12:16 - Found 10 cart orders for user ID: 13
2025-06-28 14:12:16 - Searching orders for user ID: 13
2025-06-28 14:12:16 - Found 0 direct orders for user ID: 13
2025-06-28 14:12:16 - Found 10 cart orders for user ID: 13
2025-06-28 14:12:26 - Searching orders for user ID: 13
2025-06-28 14:12:26 - Found 0 direct orders for user ID: 13
2025-06-28 14:12:26 - Found 10 cart orders for user ID: 13
2025-06-28 14:12:26 - Searching orders for user ID: 13
2025-06-28 14:12:26 - Found 0 direct orders for user ID: 13
2025-06-28 14:12:26 - Found 10 cart orders for user ID: 13
2025-06-28 14:13:25 - Resolving eureka endpoints via configuration
2025-06-28 14:16:18 - Searching orders for user ID: 13
2025-06-28 14:16:18 - Found 0 direct orders for user ID: 13
2025-06-28 14:16:18 - Found 10 cart orders for user ID: 13
2025-06-28 14:16:18 - Searching orders for user ID: 13
2025-06-28 14:16:18 - Found 0 direct orders for user ID: 13
2025-06-28 14:16:18 - Found 10 cart orders for user ID: 13
2025-06-28 14:18:25 - Resolving eureka endpoints via configuration
2025-06-28 14:23:25 - Resolving eureka endpoints via configuration
2025-06-28 14:27:23 - Searching orders for user ID: 13
2025-06-28 14:27:23 - Found 0 direct orders for user ID: 13
2025-06-28 14:27:23 - Found 10 cart orders for user ID: 13
2025-06-28 14:27:24 - Searching orders for user ID: 13
2025-06-28 14:27:24 - Found 0 direct orders for user ID: 13
2025-06-28 14:27:24 - Found 10 cart orders for user ID: 13
2025-06-28 14:28:25 - Resolving eureka endpoints via configuration
2025-06-28 14:33:25 - Resolving eureka endpoints via configuration
2025-06-28 14:36:53 - Searching orders for user ID: 13
2025-06-28 14:36:53 - Found 0 direct orders for user ID: 13
2025-06-28 14:36:53 - Found 10 cart orders for user ID: 13
2025-06-28 14:36:53 - Searching orders for user ID: 13
2025-06-28 14:36:53 - Found 0 direct orders for user ID: 13
2025-06-28 14:36:53 - Found 10 cart orders for user ID: 13
2025-06-28 14:37:07 - Searching orders for user ID: 13
2025-06-28 14:37:07 - Found 0 direct orders for user ID: 13
2025-06-28 14:37:07 - Found 10 cart orders for user ID: 13
2025-06-28 14:37:07 - Searching orders for user ID: 13
2025-06-28 14:37:07 - Found 0 direct orders for user ID: 13
2025-06-28 14:37:07 - Found 10 cart orders for user ID: 13
2025-06-28 14:37:10 - Searching orders for user ID: 13
2025-06-28 14:37:10 - Found 0 direct orders for user ID: 13
2025-06-28 14:37:10 - Found 10 cart orders for user ID: 13
2025-06-28 14:37:10 - Searching orders for user ID: 13
2025-06-28 14:37:10 - Found 0 direct orders for user ID: 13
2025-06-28 14:37:10 - Found 10 cart orders for user ID: 13
2025-06-28 14:37:17 - Searching orders for user ID: 13
2025-06-28 14:37:17 - Found 0 direct orders for user ID: 13
2025-06-28 14:37:17 - Found 10 cart orders for user ID: 13
2025-06-28 14:37:17 - Searching orders for user ID: 13
2025-06-28 14:37:17 - Found 0 direct orders for user ID: 13
2025-06-28 14:37:17 - Found 10 cart orders for user ID: 13
2025-06-28 14:38:25 - Resolving eureka endpoints via configuration
2025-06-28 14:38:47 - Placing cart order with Cash on Delivery for user ID: 13
2025-06-28 14:38:48 - Generated unique order ID: 0828293200
2025-06-28 14:38:48 - Cart order successfully placed: 0828293200
2025-06-28 14:38:48 - Searching for order with ID: 0828293200
2025-06-28 14:38:48 - Cart order found with ID: 0828293200
2025-06-28 14:38:48 - Fetched totalPrice from cartOrder: ₹10000.0
2025-06-28 14:38:48 - Final OrderDTO (cart) → orderAmount: ₹10000.0
2025-06-28 14:38:48 - Searching for order with ID: 0828293200
2025-06-28 14:38:48 - Cart order found with ID: 0828293200
2025-06-28 14:38:48 - Fetched totalPrice from cartOrder: ₹10000.0
2025-06-28 14:38:48 - Final OrderDTO (cart) → orderAmount: ₹10000.0
2025-06-28 14:40:12 - Starting cart payment initiation for user ID: 13
2025-06-28 14:40:13 - Cart payment initiated successfully. Payment ID: 1783775435
2025-06-28 14:40:28 - Finalizing cart order for payment ID: 1783775435
2025-06-28 14:40:28 - Finalizing cart order for payment ID: 1783775435
2025-06-28 14:40:28 - Generated unique order ID: 0704796064
2025-06-28 14:40:28 - Generated unique order ID: 0282670733
2025-06-28 14:40:28 - Cart order successfully placed with ID: 0704796064
2025-06-28 14:40:28 - SQL Error: 1062, SQLState: 23000
2025-06-28 14:40:28 - Duplicate entry '33' for key 'order_cart_item.PRIMARY'
2025-06-28 14:40:46 - Searching orders for user ID: 1
2025-06-28 14:40:46 - Found 0 direct orders for user ID: 1
2025-06-28 14:40:46 - Found 0 cart orders for user ID: 1
2025-06-28 14:40:46 - ⚠️ No orders found for user ID: 1
2025-06-28 14:40:46 - Searching orders for user ID: 2
2025-06-28 14:40:46 - Found 0 direct orders for user ID: 2
2025-06-28 14:40:46 - Found 0 cart orders for user ID: 2
2025-06-28 14:40:46 - ⚠️ No orders found for user ID: 2
2025-06-28 14:40:46 - Searching orders for user ID: 3
2025-06-28 14:40:46 - Found 0 direct orders for user ID: 3
2025-06-28 14:40:46 - Found 0 cart orders for user ID: 3
2025-06-28 14:40:46 - ⚠️ No orders found for user ID: 3
2025-06-28 14:40:46 - Searching orders for user ID: 1
2025-06-28 14:40:46 - Found 0 direct orders for user ID: 1
2025-06-28 14:40:46 - Found 0 cart orders for user ID: 1
2025-06-28 14:40:46 - ⚠️ No orders found for user ID: 1
2025-06-28 14:40:46 - Searching orders for user ID: 4
2025-06-28 14:40:46 - Found 0 direct orders for user ID: 4
2025-06-28 14:40:46 - Found 0 cart orders for user ID: 4
2025-06-28 14:40:46 - ⚠️ No orders found for user ID: 4
2025-06-28 14:40:46 - Searching orders for user ID: 2
2025-06-28 14:40:46 - Found 0 direct orders for user ID: 2
2025-06-28 14:40:46 - Found 0 cart orders for user ID: 2
2025-06-28 14:40:46 - ⚠️ No orders found for user ID: 2
2025-06-28 14:40:46 - Searching orders for user ID: 5
2025-06-28 14:40:46 - Found 0 direct orders for user ID: 5
2025-06-28 14:40:46 - Searching orders for user ID: 3
2025-06-28 14:40:46 - Found 0 cart orders for user ID: 5
2025-06-28 14:40:46 - ⚠️ No orders found for user ID: 5
2025-06-28 14:40:46 - Found 0 direct orders for user ID: 3
2025-06-28 14:40:46 - Found 0 cart orders for user ID: 3
2025-06-28 14:40:46 - ⚠️ No orders found for user ID: 3
2025-06-28 14:40:46 - Searching orders for user ID: 6
2025-06-28 14:40:46 - Found 0 direct orders for user ID: 6
2025-06-28 14:40:46 - Searching orders for user ID: 4
2025-06-28 14:40:46 - Found 0 cart orders for user ID: 6
2025-06-28 14:40:46 - ⚠️ No orders found for user ID: 6
2025-06-28 14:40:46 - Found 0 direct orders for user ID: 4
2025-06-28 14:40:46 - Found 0 cart orders for user ID: 4
2025-06-28 14:40:46 - ⚠️ No orders found for user ID: 4
2025-06-28 14:40:46 - Searching orders for user ID: 5
2025-06-28 14:40:46 - Searching orders for user ID: 7
2025-06-28 14:40:46 - Found 0 direct orders for user ID: 5
2025-06-28 14:40:46 - Found 0 direct orders for user ID: 7
2025-06-28 14:40:46 - Found 0 cart orders for user ID: 5
2025-06-28 14:40:46 - ⚠️ No orders found for user ID: 5
2025-06-28 14:40:46 - Found 0 cart orders for user ID: 7
2025-06-28 14:40:46 - ⚠️ No orders found for user ID: 7
2025-06-28 14:40:46 - Searching orders for user ID: 6
2025-06-28 14:40:46 - Searching orders for user ID: 8
2025-06-28 14:40:46 - Found 0 direct orders for user ID: 6
2025-06-28 14:40:46 - Found 0 cart orders for user ID: 6
2025-06-28 14:40:46 - ⚠️ No orders found for user ID: 6
2025-06-28 14:40:46 - Found 0 direct orders for user ID: 8
2025-06-28 14:40:46 - Found 0 cart orders for user ID: 8
2025-06-28 14:40:46 - ⚠️ No orders found for user ID: 8
2025-06-28 14:40:46 - Searching orders for user ID: 7
2025-06-28 14:40:46 - Found 0 direct orders for user ID: 7
2025-06-28 14:40:46 - Searching orders for user ID: 9
2025-06-28 14:40:46 - Found 0 direct orders for user ID: 9
2025-06-28 14:40:46 - Found 0 cart orders for user ID: 7
2025-06-28 14:40:46 - ⚠️ No orders found for user ID: 7
2025-06-28 14:40:46 - Found 0 cart orders for user ID: 9
2025-06-28 14:40:46 - ⚠️ No orders found for user ID: 9
2025-06-28 14:40:46 - Searching orders for user ID: 8
2025-06-28 14:40:46 - Found 0 direct orders for user ID: 8
2025-06-28 14:40:46 - Found 0 cart orders for user ID: 8
2025-06-28 14:40:46 - ⚠️ No orders found for user ID: 8
2025-06-28 14:40:46 - Searching orders for user ID: 10
2025-06-28 14:40:46 - Found 0 direct orders for user ID: 10
2025-06-28 14:40:46 - Found 0 cart orders for user ID: 10
2025-06-28 14:40:46 - ⚠️ No orders found for user ID: 10
2025-06-28 14:40:46 - Searching orders for user ID: 9
2025-06-28 14:40:46 - Found 0 direct orders for user ID: 9
2025-06-28 14:40:46 - Found 0 cart orders for user ID: 9
2025-06-28 14:40:46 - ⚠️ No orders found for user ID: 9
2025-06-28 14:40:46 - Searching orders for user ID: 11
2025-06-28 14:40:46 - Found 0 direct orders for user ID: 11
2025-06-28 14:40:46 - Found 0 cart orders for user ID: 11
2025-06-28 14:40:46 - ⚠️ No orders found for user ID: 11
2025-06-28 14:40:46 - Searching orders for user ID: 10
2025-06-28 14:40:46 - Found 0 direct orders for user ID: 10
2025-06-28 14:40:46 - Found 0 cart orders for user ID: 10
2025-06-28 14:40:46 - ⚠️ No orders found for user ID: 10
2025-06-28 14:40:46 - Searching orders for user ID: 11
2025-06-28 14:40:46 - Searching orders for user ID: 12
2025-06-28 14:40:46 - Found 0 direct orders for user ID: 11
2025-06-28 14:40:46 - Found 0 direct orders for user ID: 12
2025-06-28 14:40:46 - Found 0 cart orders for user ID: 12
2025-06-28 14:40:46 - Found 0 cart orders for user ID: 11
2025-06-28 14:40:46 - ⚠️ No orders found for user ID: 12
2025-06-28 14:40:46 - ⚠️ No orders found for user ID: 11
2025-06-28 14:40:46 - Searching orders for user ID: 12
2025-06-28 14:40:46 - Found 0 direct orders for user ID: 12
2025-06-28 14:40:46 - Found 0 cart orders for user ID: 12
2025-06-28 14:40:46 - ⚠️ No orders found for user ID: 12
2025-06-28 14:40:46 - Searching orders for user ID: 13
2025-06-28 14:40:46 - Found 0 direct orders for user ID: 13
2025-06-28 14:40:46 - Found 13 cart orders for user ID: 13
2025-06-28 14:40:47 - Searching orders for user ID: 13
2025-06-28 14:40:47 - Found 0 direct orders for user ID: 13
2025-06-28 14:40:47 - Found 13 cart orders for user ID: 13
2025-06-28 14:40:47 - Searching orders for user ID: 14
2025-06-28 14:40:47 - Found 0 direct orders for user ID: 14
2025-06-28 14:40:47 - Found 0 cart orders for user ID: 14
2025-06-28 14:40:47 - ⚠️ No orders found for user ID: 14
2025-06-28 14:40:47 - Searching orders for user ID: 15
2025-06-28 14:40:47 - Found 0 direct orders for user ID: 15
2025-06-28 14:40:47 - Found 0 cart orders for user ID: 15
2025-06-28 14:40:47 - ⚠️ No orders found for user ID: 15
2025-06-28 14:40:47 - Searching orders for user ID: 16
2025-06-28 14:40:47 - Found 0 direct orders for user ID: 16
2025-06-28 14:40:47 - Found 0 cart orders for user ID: 16
2025-06-28 14:40:47 - ⚠️ No orders found for user ID: 16
2025-06-28 14:40:47 - Searching orders for user ID: 14
2025-06-28 14:40:47 - Found 0 direct orders for user ID: 14
2025-06-28 14:40:47 - Found 0 cart orders for user ID: 14
2025-06-28 14:40:47 - ⚠️ No orders found for user ID: 14
2025-06-28 14:40:47 - Searching orders for user ID: 15
2025-06-28 14:40:47 - Found 0 direct orders for user ID: 15
2025-06-28 14:40:47 - Found 0 cart orders for user ID: 15
2025-06-28 14:40:47 - ⚠️ No orders found for user ID: 15
2025-06-28 14:40:47 - Searching orders for user ID: 16
2025-06-28 14:40:47 - Found 0 direct orders for user ID: 16
2025-06-28 14:40:47 - Found 0 cart orders for user ID: 16
2025-06-28 14:40:47 - ⚠️ No orders found for user ID: 16
2025-06-28 14:40:54 - Marking order as delivered for ID: 0282670733
2025-06-28 14:40:54 - Cart order marked as delivered: 0282670733
2025-06-28 14:40:55 - Marking order as delivered for ID: 0704796064
2025-06-28 14:40:55 - Cart order marked as delivered: 0704796064
2025-06-28 14:40:57 - Marking order as delivered for ID: 0828293200
2025-06-28 14:40:57 - Cart order marked as delivered: 0828293200
2025-06-28 14:41:00 - Searching orders for user ID: 1
2025-06-28 14:41:00 - Found 0 direct orders for user ID: 1
2025-06-28 14:41:00 - Found 0 cart orders for user ID: 1
2025-06-28 14:41:00 - ⚠️ No orders found for user ID: 1
2025-06-28 14:41:00 - Searching orders for user ID: 2
2025-06-28 14:41:00 - Found 0 direct orders for user ID: 2
2025-06-28 14:41:00 - Found 0 cart orders for user ID: 2
2025-06-28 14:41:00 - ⚠️ No orders found for user ID: 2
2025-06-28 14:41:00 - Searching orders for user ID: 3
2025-06-28 14:41:00 - Found 0 direct orders for user ID: 3
2025-06-28 14:41:00 - Found 0 cart orders for user ID: 3
2025-06-28 14:41:00 - ⚠️ No orders found for user ID: 3
2025-06-28 14:41:00 - Searching orders for user ID: 4
2025-06-28 14:41:00 - Found 0 direct orders for user ID: 4
2025-06-28 14:41:00 - Found 0 cart orders for user ID: 4
2025-06-28 14:41:00 - ⚠️ No orders found for user ID: 4
2025-06-28 14:41:00 - Searching orders for user ID: 1
2025-06-28 14:41:00 - Found 0 direct orders for user ID: 1
2025-06-28 14:41:00 - Found 0 cart orders for user ID: 1
2025-06-28 14:41:00 - ⚠️ No orders found for user ID: 1
2025-06-28 14:41:00 - Searching orders for user ID: 5
2025-06-28 14:41:00 - Found 0 direct orders for user ID: 5
2025-06-28 14:41:00 - Found 0 cart orders for user ID: 5
2025-06-28 14:41:00 - ⚠️ No orders found for user ID: 5
2025-06-28 14:41:00 - Searching orders for user ID: 2
2025-06-28 14:41:00 - Found 0 direct orders for user ID: 2
2025-06-28 14:41:00 - Found 0 cart orders for user ID: 2
2025-06-28 14:41:00 - ⚠️ No orders found for user ID: 2
2025-06-28 14:41:00 - Searching orders for user ID: 6
2025-06-28 14:41:00 - Found 0 direct orders for user ID: 6
2025-06-28 14:41:00 - Found 0 cart orders for user ID: 6
2025-06-28 14:41:00 - ⚠️ No orders found for user ID: 6
2025-06-28 14:41:00 - Searching orders for user ID: 3
2025-06-28 14:41:00 - Found 0 direct orders for user ID: 3
2025-06-28 14:41:00 - Found 0 cart orders for user ID: 3
2025-06-28 14:41:00 - ⚠️ No orders found for user ID: 3
2025-06-28 14:41:00 - Searching orders for user ID: 7
2025-06-28 14:41:00 - Found 0 direct orders for user ID: 7
2025-06-28 14:41:00 - Found 0 cart orders for user ID: 7
2025-06-28 14:41:00 - ⚠️ No orders found for user ID: 7
2025-06-28 14:41:00 - Searching orders for user ID: 4
2025-06-28 14:41:00 - Found 0 direct orders for user ID: 4
2025-06-28 14:41:00 - Found 0 cart orders for user ID: 4
2025-06-28 14:41:00 - ⚠️ No orders found for user ID: 4
2025-06-28 14:41:00 - Searching orders for user ID: 8
2025-06-28 14:41:00 - Found 0 direct orders for user ID: 8
2025-06-28 14:41:00 - Found 0 cart orders for user ID: 8
2025-06-28 14:41:00 - ⚠️ No orders found for user ID: 8
2025-06-28 14:41:00 - Searching orders for user ID: 5
2025-06-28 14:41:00 - Found 0 direct orders for user ID: 5
2025-06-28 14:41:00 - Found 0 cart orders for user ID: 5
2025-06-28 14:41:00 - ⚠️ No orders found for user ID: 5
2025-06-28 14:41:00 - Searching orders for user ID: 9
2025-06-28 14:41:00 - Found 0 direct orders for user ID: 9
2025-06-28 14:41:00 - Found 0 cart orders for user ID: 9
2025-06-28 14:41:00 - ⚠️ No orders found for user ID: 9
2025-06-28 14:41:00 - Searching orders for user ID: 6
2025-06-28 14:41:00 - Found 0 direct orders for user ID: 6
2025-06-28 14:41:00 - Found 0 cart orders for user ID: 6
2025-06-28 14:41:00 - ⚠️ No orders found for user ID: 6
2025-06-28 14:41:00 - Searching orders for user ID: 10
2025-06-28 14:41:00 - Found 0 direct orders for user ID: 10
2025-06-28 14:41:00 - Found 0 cart orders for user ID: 10
2025-06-28 14:41:00 - ⚠️ No orders found for user ID: 10
2025-06-28 14:41:00 - Searching orders for user ID: 7
2025-06-28 14:41:00 - Found 0 direct orders for user ID: 7
2025-06-28 14:41:00 - Found 0 cart orders for user ID: 7
2025-06-28 14:41:00 - ⚠️ No orders found for user ID: 7
2025-06-28 14:41:00 - Searching orders for user ID: 11
2025-06-28 14:41:00 - Found 0 direct orders for user ID: 11
2025-06-28 14:41:00 - Found 0 cart orders for user ID: 11
2025-06-28 14:41:00 - ⚠️ No orders found for user ID: 11
2025-06-28 14:41:00 - Searching orders for user ID: 8
2025-06-28 14:41:00 - Found 0 direct orders for user ID: 8
2025-06-28 14:41:00 - Found 0 cart orders for user ID: 8
2025-06-28 14:41:00 - ⚠️ No orders found for user ID: 8
2025-06-28 14:41:00 - Searching orders for user ID: 12
2025-06-28 14:41:00 - Found 0 direct orders for user ID: 12
2025-06-28 14:41:00 - Found 0 cart orders for user ID: 12
2025-06-28 14:41:00 - ⚠️ No orders found for user ID: 12
2025-06-28 14:41:00 - Searching orders for user ID: 9
2025-06-28 14:41:00 - Found 0 direct orders for user ID: 9
2025-06-28 14:41:00 - Found 0 cart orders for user ID: 9
2025-06-28 14:41:00 - ⚠️ No orders found for user ID: 9
2025-06-28 14:41:00 - Searching orders for user ID: 13
2025-06-28 14:41:00 - Found 0 direct orders for user ID: 13
2025-06-28 14:41:00 - Found 13 cart orders for user ID: 13
2025-06-28 14:41:00 - Searching orders for user ID: 10
2025-06-28 14:41:00 - Found 0 direct orders for user ID: 10
2025-06-28 14:41:00 - Found 0 cart orders for user ID: 10
2025-06-28 14:41:00 - ⚠️ No orders found for user ID: 10
2025-06-28 14:41:00 - Searching orders for user ID: 11
2025-06-28 14:41:00 - Found 0 direct orders for user ID: 11
2025-06-28 14:41:00 - Found 0 cart orders for user ID: 11
2025-06-28 14:41:00 - ⚠️ No orders found for user ID: 11
2025-06-28 14:41:00 - Searching orders for user ID: 12
2025-06-28 14:41:00 - Found 0 direct orders for user ID: 12
2025-06-28 14:41:00 - Found 0 cart orders for user ID: 12
2025-06-28 14:41:00 - ⚠️ No orders found for user ID: 12
2025-06-28 14:41:00 - Searching orders for user ID: 14
2025-06-28 14:41:00 - Searching orders for user ID: 13
2025-06-28 14:41:00 - Found 0 direct orders for user ID: 14
2025-06-28 14:41:00 - Found 0 direct orders for user ID: 13
2025-06-28 14:41:00 - Found 0 cart orders for user ID: 14
2025-06-28 14:41:00 - ⚠️ No orders found for user ID: 14
2025-06-28 14:41:00 - Found 13 cart orders for user ID: 13
2025-06-28 14:41:00 - Searching orders for user ID: 15
2025-06-28 14:41:00 - Found 0 direct orders for user ID: 15
2025-06-28 14:41:00 - Found 0 cart orders for user ID: 15
2025-06-28 14:41:00 - ⚠️ No orders found for user ID: 15
2025-06-28 14:41:00 - Searching orders for user ID: 16
2025-06-28 14:41:00 - Found 0 direct orders for user ID: 16
2025-06-28 14:41:00 - Found 0 cart orders for user ID: 16
2025-06-28 14:41:00 - ⚠️ No orders found for user ID: 16
2025-06-28 14:41:01 - Searching orders for user ID: 14
2025-06-28 14:41:01 - Found 0 direct orders for user ID: 14
2025-06-28 14:41:01 - Found 0 cart orders for user ID: 14
2025-06-28 14:41:01 - ⚠️ No orders found for user ID: 14
2025-06-28 14:41:01 - Searching orders for user ID: 15
2025-06-28 14:41:01 - Found 0 direct orders for user ID: 15
2025-06-28 14:41:01 - Found 0 cart orders for user ID: 15
2025-06-28 14:41:01 - ⚠️ No orders found for user ID: 15
2025-06-28 14:41:01 - Searching orders for user ID: 16
2025-06-28 14:41:01 - Found 0 direct orders for user ID: 16
2025-06-28 14:41:01 - Found 0 cart orders for user ID: 16
2025-06-28 14:41:01 - ⚠️ No orders found for user ID: 16
2025-06-28 14:41:16 - Searching orders for user ID: 13
2025-06-28 14:41:16 - Found 0 direct orders for user ID: 13
2025-06-28 14:41:16 - Found 13 cart orders for user ID: 13
2025-06-28 14:41:16 - Searching orders for user ID: 13
2025-06-28 14:41:16 - Found 0 direct orders for user ID: 13
2025-06-28 14:41:16 - Found 13 cart orders for user ID: 13
2025-06-28 14:43:25 - Resolving eureka endpoints via configuration
2025-06-28 14:48:25 - Resolving eureka endpoints via configuration
2025-06-28 14:53:25 - Resolving eureka endpoints via configuration
2025-06-28 14:58:25 - Resolving eureka endpoints via configuration
2025-06-28 15:01:02 - Request execution error. endpoint=DefaultEndpoint{ serviceUrl='http://localhost:8761/eureka/} exception=I/O error on GET request for "http://localhost:8761/eureka/apps/delta": Connect to http://localhost:8761 [localhost/127.0.0.1, localhost/0:0:0:0:0:0:0:1] failed: Connection refused: getsockopt stacktrace=org.springframework.web.client.ResourceAccessException: I/O error on GET request for "http://localhost:8761/eureka/apps/delta": Connect to http://localhost:8761 [localhost/127.0.0.1, localhost/0:0:0:0:0:0:0:1] failed: Connection refused: getsockopt
	at org.springframework.web.client.RestTemplate.createResourceAccessException(RestTemplate.java:926)
	at org.springframework.web.client.RestTemplate.doExecute(RestTemplate.java:906)
	at org.springframework.web.client.RestTemplate.execute(RestTemplate.java:841)
	at org.springframework.web.client.RestTemplate.exchange(RestTemplate.java:702)
	at org.springframework.cloud.netflix.eureka.http.RestTemplateEurekaHttpClient.getApplicationsInternal(RestTemplateEurekaHttpClient.java:174)
	at org.springframework.cloud.netflix.eureka.http.RestTemplateEurekaHttpClient.getDelta(RestTemplateEurekaHttpClient.java:186)
	at com.netflix.discovery.shared.transport.decorator.EurekaHttpClientDecorator$7.execute(EurekaHttpClientDecorator.java:152)
	at com.netflix.discovery.shared.transport.decorator.RedirectingEurekaHttpClient.execute(RedirectingEurekaHttpClient.java:91)
	at com.netflix.discovery.shared.transport.decorator.EurekaHttpClientDecorator.getDelta(EurekaHttpClientDecorator.java:149)
	at com.netflix.discovery.shared.transport.decorator.EurekaHttpClientDecorator$7.execute(EurekaHttpClientDecorator.java:152)
	at com.netflix.discovery.shared.transport.decorator.RetryableEurekaHttpClient.execute(RetryableEurekaHttpClient.java:120)
	at com.netflix.discovery.shared.transport.decorator.EurekaHttpClientDecorator.getDelta(EurekaHttpClientDecorator.java:149)
	at com.netflix.discovery.shared.transport.decorator.EurekaHttpClientDecorator$7.execute(EurekaHttpClientDecorator.java:152)
	at com.netflix.discovery.shared.transport.decorator.SessionedEurekaHttpClient.execute(SessionedEurekaHttpClient.java:76)
	at com.netflix.discovery.shared.transport.decorator.EurekaHttpClientDecorator.getDelta(EurekaHttpClientDecorator.java:149)
	at com.netflix.discovery.DiscoveryClient.getAndUpdateDelta(DiscoveryClient.java:1080)
	at com.netflix.discovery.DiscoveryClient.fetchRegistry(DiscoveryClient.java:963)
	at com.netflix.discovery.DiscoveryClient.refreshRegistry(DiscoveryClient.java:1473)
	at com.netflix.discovery.DiscoveryClient$CacheRefreshThread.run(DiscoveryClient.java:1441)
	at java.base/java.util.concurrent.Executors$RunnableAdapter.call(Executors.java:572)
	at java.base/java.util.concurrent.FutureTask.run(FutureTask.java:317)
	at java.base/java.util.concurrent.ThreadPoolExecutor.runWorker(ThreadPoolExecutor.java:1144)
	at java.base/java.util.concurrent.ThreadPoolExecutor$Worker.run(ThreadPoolExecutor.java:642)
	at java.base/java.lang.Thread.run(Thread.java:1583)
Caused by: org.apache.hc.client5.http.HttpHostConnectException: Connect to http://localhost:8761 [localhost/127.0.0.1, localhost/0:0:0:0:0:0:0:1] failed: Connection refused: getsockopt
	at java.base/sun.nio.ch.Net.pollConnect(Native Method)
	at java.base/sun.nio.ch.Net.pollConnectNow(Net.java:682)
	at java.base/sun.nio.ch.NioSocketImpl.timedFinishConnect(NioSocketImpl.java:542)
	at java.base/sun.nio.ch.NioSocketImpl.connect(NioSocketImpl.java:592)
	at java.base/java.net.SocksSocketImpl.connect(SocksSocketImpl.java:327)
	at java.base/java.net.Socket.connect(Socket.java:751)
	at org.apache.hc.client5.http.impl.io.DefaultHttpClientConnectionOperator.connect(DefaultHttpClientConnectionOperator.java:216)
	at org.apache.hc.client5.http.impl.io.PoolingHttpClientConnectionManager.connect(PoolingHttpClientConnectionManager.java:490)
	at org.apache.hc.client5.http.impl.classic.InternalExecRuntime.connectEndpoint(InternalExecRuntime.java:164)
	at org.apache.hc.client5.http.impl.classic.InternalExecRuntime.connectEndpoint(InternalExecRuntime.java:174)
	at org.apache.hc.client5.http.impl.classic.ConnectExec.execute(ConnectExec.java:144)
	at org.apache.hc.client5.http.impl.classic.ExecChainElement.execute(ExecChainElement.java:51)
	at org.apache.hc.client5.http.impl.classic.ProtocolExec.execute(ProtocolExec.java:192)
	at org.apache.hc.client5.http.impl.classic.ExecChainElement.execute(ExecChainElement.java:51)
	at org.apache.hc.client5.http.impl.classic.ContentCompressionExec.execute(ContentCompressionExec.java:150)
	at org.apache.hc.client5.http.impl.classic.ExecChainElement.execute(ExecChainElement.java:51)
	at org.apache.hc.client5.http.impl.classic.HttpRequestRetryExec.execute(HttpRequestRetryExec.java:113)
	at org.apache.hc.client5.http.impl.classic.ExecChainElement.execute(ExecChainElement.java:51)
	at org.apache.hc.client5.http.impl.classic.RedirectExec.execute(RedirectExec.java:110)
	at org.apache.hc.client5.http.impl.classic.ExecChainElement.execute(ExecChainElement.java:51)
	at org.apache.hc.client5.http.impl.classic.InternalHttpClient.doExecute(InternalHttpClient.java:183)
	at org.apache.hc.client5.http.impl.classic.CloseableHttpClient.execute(CloseableHttpClient.java:87)
	at org.apache.hc.client5.http.impl.classic.CloseableHttpClient.execute(CloseableHttpClient.java:55)
	at org.apache.hc.client5.http.classic.HttpClient.executeOpen(HttpClient.java:183)
	at org.springframework.http.client.HttpComponentsClientHttpRequest.executeInternal(HttpComponentsClientHttpRequest.java:99)
	at org.springframework.http.client.AbstractStreamingClientHttpRequest.executeInternal(AbstractStreamingClientHttpRequest.java:71)
	at org.springframework.http.client.AbstractClientHttpRequest.execute(AbstractClientHttpRequest.java:81)
	at org.springframework.http.client.InterceptingClientHttpRequest$InterceptingRequestExecution.execute(InterceptingClientHttpRequest.java:117)
	at org.springframework.cloud.netflix.eureka.http.RestTemplateTransportClientFactory.lambda$restTemplate$2(RestTemplateTransportClientFactory.java:145)
	at org.springframework.http.client.InterceptingClientHttpRequest$InterceptingRequestExecution.execute(InterceptingClientHttpRequest.java:88)
	at org.springframework.http.client.InterceptingClientHttpRequest.executeInternal(InterceptingClientHttpRequest.java:72)
	at org.springframework.http.client.AbstractBufferingClientHttpRequest.executeInternal(AbstractBufferingClientHttpRequest.java:48)
	at org.springframework.http.client.AbstractClientHttpRequest.execute(AbstractClientHttpRequest.java:81)
	at org.springframework.web.client.RestTemplate.doExecute(RestTemplate.java:900)
	... 22 more

2025-06-28 15:01:02 - Request execution error. endpoint=DefaultEndpoint{ serviceUrl='http://localhost:8761/eureka/}, exception=I/O error on PUT request for "http://localhost:8761/eureka/apps/ORDERSERVICE/LTIN556294.cts.com:orderService:9997": Connect to http://localhost:8761 [localhost/127.0.0.1, localhost/0:0:0:0:0:0:0:1] failed: Connection refused: getsockopt stacktrace=org.springframework.web.client.ResourceAccessException: I/O error on PUT request for "http://localhost:8761/eureka/apps/ORDERSERVICE/LTIN556294.cts.com:orderService:9997": Connect to http://localhost:8761 [localhost/127.0.0.1, localhost/0:0:0:0:0:0:0:1] failed: Connection refused: getsockopt
	at org.springframework.web.client.RestTemplate.createResourceAccessException(RestTemplate.java:926)
	at org.springframework.web.client.RestTemplate.doExecute(RestTemplate.java:906)
	at org.springframework.web.client.RestTemplate.execute(RestTemplate.java:841)
	at org.springframework.web.client.RestTemplate.exchange(RestTemplate.java:702)
	at org.springframework.cloud.netflix.eureka.http.RestTemplateEurekaHttpClient.sendHeartBeat(RestTemplateEurekaHttpClient.java:119)
	at com.netflix.discovery.shared.transport.decorator.EurekaHttpClientDecorator$3.execute(EurekaHttpClientDecorator.java:92)
	at com.netflix.discovery.shared.transport.decorator.RedirectingEurekaHttpClient.executeOnNewServer(RedirectingEurekaHttpClient.java:121)
	at com.netflix.discovery.shared.transport.decorator.RedirectingEurekaHttpClient.execute(RedirectingEurekaHttpClient.java:80)
	at com.netflix.discovery.shared.transport.decorator.EurekaHttpClientDecorator.sendHeartBeat(EurekaHttpClientDecorator.java:89)
	at com.netflix.discovery.shared.transport.decorator.EurekaHttpClientDecorator$3.execute(EurekaHttpClientDecorator.java:92)
	at com.netflix.discovery.shared.transport.decorator.RetryableEurekaHttpClient.execute(RetryableEurekaHttpClient.java:120)
	at com.netflix.discovery.shared.transport.decorator.EurekaHttpClientDecorator.sendHeartBeat(EurekaHttpClientDecorator.java:89)
	at com.netflix.discovery.shared.transport.decorator.EurekaHttpClientDecorator$3.execute(EurekaHttpClientDecorator.java:92)
	at com.netflix.discovery.shared.transport.decorator.SessionedEurekaHttpClient.execute(SessionedEurekaHttpClient.java:76)
	at com.netflix.discovery.shared.transport.decorator.EurekaHttpClientDecorator.sendHeartBeat(EurekaHttpClientDecorator.java:89)
	at com.netflix.discovery.DiscoveryClient.renew(DiscoveryClient.java:845)
	at com.netflix.discovery.DiscoveryClient$HeartbeatThread.run(DiscoveryClient.java:1402)
	at java.base/java.util.concurrent.Executors$RunnableAdapter.call(Executors.java:572)
	at java.base/java.util.concurrent.FutureTask.run(FutureTask.java:317)
	at java.base/java.util.concurrent.ThreadPoolExecutor.runWorker(ThreadPoolExecutor.java:1144)
	at java.base/java.util.concurrent.ThreadPoolExecutor$Worker.run(ThreadPoolExecutor.java:642)
	at java.base/java.lang.Thread.run(Thread.java:1583)
Caused by: org.apache.hc.client5.http.HttpHostConnectException: Connect to http://localhost:8761 [localhost/127.0.0.1, localhost/0:0:0:0:0:0:0:1] failed: Connection refused: getsockopt
	at java.base/sun.nio.ch.Net.pollConnect(Native Method)
	at java.base/sun.nio.ch.Net.pollConnectNow(Net.java:682)
	at java.base/sun.nio.ch.NioSocketImpl.timedFinishConnect(NioSocketImpl.java:542)
	at java.base/sun.nio.ch.NioSocketImpl.connect(NioSocketImpl.java:592)
	at java.base/java.net.SocksSocketImpl.connect(SocksSocketImpl.java:327)
	at java.base/java.net.Socket.connect(Socket.java:751)
	at org.apache.hc.client5.http.impl.io.DefaultHttpClientConnectionOperator.connect(DefaultHttpClientConnectionOperator.java:216)
	at org.apache.hc.client5.http.impl.io.PoolingHttpClientConnectionManager.connect(PoolingHttpClientConnectionManager.java:490)
	at org.apache.hc.client5.http.impl.classic.InternalExecRuntime.connectEndpoint(InternalExecRuntime.java:164)
	at org.apache.hc.client5.http.impl.classic.InternalExecRuntime.connectEndpoint(InternalExecRuntime.java:174)
	at org.apache.hc.client5.http.impl.classic.ConnectExec.execute(ConnectExec.java:144)
	at org.apache.hc.client5.http.impl.classic.ExecChainElement.execute(ExecChainElement.java:51)
	at org.apache.hc.client5.http.impl.classic.ProtocolExec.execute(ProtocolExec.java:192)
	at org.apache.hc.client5.http.impl.classic.ExecChainElement.execute(ExecChainElement.java:51)
	at org.apache.hc.client5.http.impl.classic.ContentCompressionExec.execute(ContentCompressionExec.java:150)
	at org.apache.hc.client5.http.impl.classic.ExecChainElement.execute(ExecChainElement.java:51)
	at org.apache.hc.client5.http.impl.classic.HttpRequestRetryExec.execute(HttpRequestRetryExec.java:113)
	at org.apache.hc.client5.http.impl.classic.ExecChainElement.execute(ExecChainElement.java:51)
	at org.apache.hc.client5.http.impl.classic.RedirectExec.execute(RedirectExec.java:110)
	at org.apache.hc.client5.http.impl.classic.ExecChainElement.execute(ExecChainElement.java:51)
	at org.apache.hc.client5.http.impl.classic.InternalHttpClient.doExecute(InternalHttpClient.java:183)
	at org.apache.hc.client5.http.impl.classic.CloseableHttpClient.execute(CloseableHttpClient.java:87)
	at org.apache.hc.client5.http.impl.classic.CloseableHttpClient.execute(CloseableHttpClient.java:55)
	at org.apache.hc.client5.http.classic.HttpClient.executeOpen(HttpClient.java:183)
	at org.springframework.http.client.HttpComponentsClientHttpRequest.executeInternal(HttpComponentsClientHttpRequest.java:99)
	at org.springframework.http.client.AbstractStreamingClientHttpRequest.executeInternal(AbstractStreamingClientHttpRequest.java:71)
	at org.springframework.http.client.AbstractClientHttpRequest.execute(AbstractClientHttpRequest.java:81)
	at org.springframework.http.client.InterceptingClientHttpRequest$InterceptingRequestExecution.execute(InterceptingClientHttpRequest.java:117)
	at org.springframework.cloud.netflix.eureka.http.RestTemplateTransportClientFactory.lambda$restTemplate$2(RestTemplateTransportClientFactory.java:145)
	at org.springframework.http.client.InterceptingClientHttpRequest$InterceptingRequestExecution.execute(InterceptingClientHttpRequest.java:88)
	at org.springframework.http.client.InterceptingClientHttpRequest.executeInternal(InterceptingClientHttpRequest.java:72)
	at org.springframework.http.client.AbstractBufferingClientHttpRequest.executeInternal(AbstractBufferingClientHttpRequest.java:48)
	at org.springframework.http.client.AbstractClientHttpRequest.execute(AbstractClientHttpRequest.java:81)
	at org.springframework.web.client.RestTemplate.doExecute(RestTemplate.java:900)
	... 20 more

2025-06-28 15:01:02 - Request execution failed with message: I/O error on PUT request for "http://localhost:8761/eureka/apps/ORDERSERVICE/LTIN556294.cts.com:orderService:9997": Connect to http://localhost:8761 [localhost/127.0.0.1, localhost/0:0:0:0:0:0:0:1] failed: Connection refused: getsockopt
2025-06-28 15:01:02 - Request execution failed with message: I/O error on GET request for "http://localhost:8761/eureka/apps/delta": Connect to http://localhost:8761 [localhost/127.0.0.1, localhost/0:0:0:0:0:0:0:1] failed: Connection refused: getsockopt
2025-06-28 15:01:02 - Request execution error. endpoint=DefaultEndpoint{ serviceUrl='http://localhost:8761/eureka/}, exception=I/O error on GET request for "http://localhost:8761/eureka/apps/delta": Connect to http://localhost:8761 [localhost/127.0.0.1, localhost/0:0:0:0:0:0:0:1] failed: Connection refused: getsockopt stacktrace=org.springframework.web.client.ResourceAccessException: I/O error on GET request for "http://localhost:8761/eureka/apps/delta": Connect to http://localhost:8761 [localhost/127.0.0.1, localhost/0:0:0:0:0:0:0:1] failed: Connection refused: getsockopt
	at org.springframework.web.client.RestTemplate.createResourceAccessException(RestTemplate.java:926)
	at org.springframework.web.client.RestTemplate.doExecute(RestTemplate.java:906)
	at org.springframework.web.client.RestTemplate.execute(RestTemplate.java:841)
	at org.springframework.web.client.RestTemplate.exchange(RestTemplate.java:702)
	at org.springframework.cloud.netflix.eureka.http.RestTemplateEurekaHttpClient.getApplicationsInternal(RestTemplateEurekaHttpClient.java:174)
	at org.springframework.cloud.netflix.eureka.http.RestTemplateEurekaHttpClient.getDelta(RestTemplateEurekaHttpClient.java:186)
	at com.netflix.discovery.shared.transport.decorator.EurekaHttpClientDecorator$7.execute(EurekaHttpClientDecorator.java:152)
	at com.netflix.discovery.shared.transport.decorator.RedirectingEurekaHttpClient.executeOnNewServer(RedirectingEurekaHttpClient.java:121)
	at com.netflix.discovery.shared.transport.decorator.RedirectingEurekaHttpClient.execute(RedirectingEurekaHttpClient.java:80)
	at com.netflix.discovery.shared.transport.decorator.EurekaHttpClientDecorator.getDelta(EurekaHttpClientDecorator.java:149)
	at com.netflix.discovery.shared.transport.decorator.EurekaHttpClientDecorator$7.execute(EurekaHttpClientDecorator.java:152)
	at com.netflix.discovery.shared.transport.decorator.RetryableEurekaHttpClient.execute(RetryableEurekaHttpClient.java:120)
	at com.netflix.discovery.shared.transport.decorator.EurekaHttpClientDecorator.getDelta(EurekaHttpClientDecorator.java:149)
	at com.netflix.discovery.shared.transport.decorator.EurekaHttpClientDecorator$7.execute(EurekaHttpClientDecorator.java:152)
	at com.netflix.discovery.shared.transport.decorator.SessionedEurekaHttpClient.execute(SessionedEurekaHttpClient.java:76)
	at com.netflix.discovery.shared.transport.decorator.EurekaHttpClientDecorator.getDelta(EurekaHttpClientDecorator.java:149)
	at com.netflix.discovery.DiscoveryClient.getAndUpdateDelta(DiscoveryClient.java:1080)
	at com.netflix.discovery.DiscoveryClient.fetchRegistry(DiscoveryClient.java:963)
	at com.netflix.discovery.DiscoveryClient.refreshRegistry(DiscoveryClient.java:1473)
	at com.netflix.discovery.DiscoveryClient$CacheRefreshThread.run(DiscoveryClient.java:1441)
	at java.base/java.util.concurrent.Executors$RunnableAdapter.call(Executors.java:572)
	at java.base/java.util.concurrent.FutureTask.run(FutureTask.java:317)
	at java.base/java.util.concurrent.ThreadPoolExecutor.runWorker(ThreadPoolExecutor.java:1144)
	at java.base/java.util.concurrent.ThreadPoolExecutor$Worker.run(ThreadPoolExecutor.java:642)
	at java.base/java.lang.Thread.run(Thread.java:1583)
Caused by: org.apache.hc.client5.http.HttpHostConnectException: Connect to http://localhost:8761 [localhost/127.0.0.1, localhost/0:0:0:0:0:0:0:1] failed: Connection refused: getsockopt
	at java.base/sun.nio.ch.Net.pollConnect(Native Method)
	at java.base/sun.nio.ch.Net.pollConnectNow(Net.java:682)
	at java.base/sun.nio.ch.NioSocketImpl.timedFinishConnect(NioSocketImpl.java:542)
	at java.base/sun.nio.ch.NioSocketImpl.connect(NioSocketImpl.java:592)
	at java.base/java.net.SocksSocketImpl.connect(SocksSocketImpl.java:327)
	at java.base/java.net.Socket.connect(Socket.java:751)
	at org.apache.hc.client5.http.impl.io.DefaultHttpClientConnectionOperator.connect(DefaultHttpClientConnectionOperator.java:216)
	at org.apache.hc.client5.http.impl.io.PoolingHttpClientConnectionManager.connect(PoolingHttpClientConnectionManager.java:490)
	at org.apache.hc.client5.http.impl.classic.InternalExecRuntime.connectEndpoint(InternalExecRuntime.java:164)
	at org.apache.hc.client5.http.impl.classic.InternalExecRuntime.connectEndpoint(InternalExecRuntime.java:174)
	at org.apache.hc.client5.http.impl.classic.ConnectExec.execute(ConnectExec.java:144)
	at org.apache.hc.client5.http.impl.classic.ExecChainElement.execute(ExecChainElement.java:51)
	at org.apache.hc.client5.http.impl.classic.ProtocolExec.execute(ProtocolExec.java:192)
	at org.apache.hc.client5.http.impl.classic.ExecChainElement.execute(ExecChainElement.java:51)
	at org.apache.hc.client5.http.impl.classic.ContentCompressionExec.execute(ContentCompressionExec.java:150)
	at org.apache.hc.client5.http.impl.classic.ExecChainElement.execute(ExecChainElement.java:51)
	at org.apache.hc.client5.http.impl.classic.HttpRequestRetryExec.execute(HttpRequestRetryExec.java:113)
	at org.apache.hc.client5.http.impl.classic.ExecChainElement.execute(ExecChainElement.java:51)
	at org.apache.hc.client5.http.impl.classic.RedirectExec.execute(RedirectExec.java:110)
	at org.apache.hc.client5.http.impl.classic.ExecChainElement.execute(ExecChainElement.java:51)
	at org.apache.hc.client5.http.impl.classic.InternalHttpClient.doExecute(InternalHttpClient.java:183)
	at org.apache.hc.client5.http.impl.classic.CloseableHttpClient.execute(CloseableHttpClient.java:87)
	at org.apache.hc.client5.http.impl.classic.CloseableHttpClient.execute(CloseableHttpClient.java:55)
	at org.apache.hc.client5.http.classic.HttpClient.executeOpen(HttpClient.java:183)
	at org.springframework.http.client.HttpComponentsClientHttpRequest.executeInternal(HttpComponentsClientHttpRequest.java:99)
	at org.springframework.http.client.AbstractStreamingClientHttpRequest.executeInternal(AbstractStreamingClientHttpRequest.java:71)
	at org.springframework.http.client.AbstractClientHttpRequest.execute(AbstractClientHttpRequest.java:81)
	at org.springframework.http.client.InterceptingClientHttpRequest$InterceptingRequestExecution.execute(InterceptingClientHttpRequest.java:117)
	at org.springframework.cloud.netflix.eureka.http.RestTemplateTransportClientFactory.lambda$restTemplate$2(RestTemplateTransportClientFactory.java:145)
	at org.springframework.http.client.InterceptingClientHttpRequest$InterceptingRequestExecution.execute(InterceptingClientHttpRequest.java:88)
	at org.springframework.http.client.InterceptingClientHttpRequest.executeInternal(InterceptingClientHttpRequest.java:72)
	at org.springframework.http.client.AbstractBufferingClientHttpRequest.executeInternal(AbstractBufferingClientHttpRequest.java:48)
	at org.springframework.http.client.AbstractClientHttpRequest.execute(AbstractClientHttpRequest.java:81)
	at org.springframework.web.client.RestTemplate.doExecute(RestTemplate.java:900)
	... 23 more

2025-06-28 15:01:02 - Request execution failed with message: I/O error on GET request for "http://localhost:8761/eureka/apps/delta": Connect to http://localhost:8761 [localhost/127.0.0.1, localhost/0:0:0:0:0:0:0:1] failed: Connection refused: getsockopt
2025-06-28 15:01:02 - DiscoveryClient_ORDERSERVICE/LTIN556294.cts.com:orderService:9997 - was unable to refresh its cache! This periodic background refresh will be retried in 30 seconds. status = Cannot execute request on any known server stacktrace = com.netflix.discovery.shared.transport.TransportException: Cannot execute request on any known server
	at com.netflix.discovery.shared.transport.decorator.RetryableEurekaHttpClient.execute(RetryableEurekaHttpClient.java:112)
	at com.netflix.discovery.shared.transport.decorator.EurekaHttpClientDecorator.getDelta(EurekaHttpClientDecorator.java:149)
	at com.netflix.discovery.shared.transport.decorator.EurekaHttpClientDecorator$7.execute(EurekaHttpClientDecorator.java:152)
	at com.netflix.discovery.shared.transport.decorator.SessionedEurekaHttpClient.execute(SessionedEurekaHttpClient.java:76)
	at com.netflix.discovery.shared.transport.decorator.EurekaHttpClientDecorator.getDelta(EurekaHttpClientDecorator.java:149)
	at com.netflix.discovery.DiscoveryClient.getAndUpdateDelta(DiscoveryClient.java:1080)
	at com.netflix.discovery.DiscoveryClient.fetchRegistry(DiscoveryClient.java:963)
	at com.netflix.discovery.DiscoveryClient.refreshRegistry(DiscoveryClient.java:1473)
	at com.netflix.discovery.DiscoveryClient$CacheRefreshThread.run(DiscoveryClient.java:1441)
	at java.base/java.util.concurrent.Executors$RunnableAdapter.call(Executors.java:572)
	at java.base/java.util.concurrent.FutureTask.run(FutureTask.java:317)
	at java.base/java.util.concurrent.ThreadPoolExecutor.runWorker(ThreadPoolExecutor.java:1144)
	at java.base/java.util.concurrent.ThreadPoolExecutor$Worker.run(ThreadPoolExecutor.java:642)
	at java.base/java.lang.Thread.run(Thread.java:1583)

2025-06-28 15:01:02 - DiscoveryClient_ORDERSERVICE/LTIN556294.cts.com:orderService:9997 - was unable to send heartbeat!
com.netflix.discovery.shared.transport.TransportException: Cannot execute request on any known server
	at com.netflix.discovery.shared.transport.decorator.RetryableEurekaHttpClient.execute(RetryableEurekaHttpClient.java:112)
	at com.netflix.discovery.shared.transport.decorator.EurekaHttpClientDecorator.sendHeartBeat(EurekaHttpClientDecorator.java:89)
	at com.netflix.discovery.shared.transport.decorator.EurekaHttpClientDecorator$3.execute(EurekaHttpClientDecorator.java:92)
	at com.netflix.discovery.shared.transport.decorator.SessionedEurekaHttpClient.execute(SessionedEurekaHttpClient.java:76)
	at com.netflix.discovery.shared.transport.decorator.EurekaHttpClientDecorator.sendHeartBeat(EurekaHttpClientDecorator.java:89)
	at com.netflix.discovery.DiscoveryClient.renew(DiscoveryClient.java:845)
	at com.netflix.discovery.DiscoveryClient$HeartbeatThread.run(DiscoveryClient.java:1402)
	at java.base/java.util.concurrent.Executors$RunnableAdapter.call(Executors.java:572)
	at java.base/java.util.concurrent.FutureTask.run(FutureTask.java:317)
	at java.base/java.util.concurrent.ThreadPoolExecutor.runWorker(ThreadPoolExecutor.java:1144)
	at java.base/java.util.concurrent.ThreadPoolExecutor$Worker.run(ThreadPoolExecutor.java:642)
	at java.base/java.lang.Thread.run(Thread.java:1583)
2025-06-28 15:01:10 - Application shutdown requested.
2025-06-28 15:01:10 - Unregistering application ORDERSERVICE with eureka with status DOWN
2025-06-28 15:01:10 - Saw local status change event StatusChangeEvent [timestamp=1751103070643, current=DOWN, previous=UP]
2025-06-28 15:01:10 - DiscoveryClient_ORDERSERVICE/LTIN556294.cts.com:orderService:9997: registering service...
2025-06-28 15:01:10 - Request execution error. endpoint=DefaultEndpoint{ serviceUrl='http://localhost:8761/eureka/}, exception=I/O error on POST request for "http://localhost:8761/eureka/apps/ORDERSERVICE": Connect to http://localhost:8761 [localhost/127.0.0.1, localhost/0:0:0:0:0:0:0:1] failed: Connection refused: getsockopt stacktrace=org.springframework.web.client.ResourceAccessException: I/O error on POST request for "http://localhost:8761/eureka/apps/ORDERSERVICE": Connect to http://localhost:8761 [localhost/127.0.0.1, localhost/0:0:0:0:0:0:0:1] failed: Connection refused: getsockopt
	at org.springframework.web.client.RestTemplate.createResourceAccessException(RestTemplate.java:926)
	at org.springframework.web.client.RestTemplate.doExecute(RestTemplate.java:906)
	at org.springframework.web.client.RestTemplate.execute(RestTemplate.java:841)
	at org.springframework.web.client.RestTemplate.exchange(RestTemplate.java:702)
	at org.springframework.cloud.netflix.eureka.http.RestTemplateEurekaHttpClient.register(RestTemplateEurekaHttpClient.java:87)
	at com.netflix.discovery.shared.transport.decorator.EurekaHttpClientDecorator$1.execute(EurekaHttpClientDecorator.java:59)
	at com.netflix.discovery.shared.transport.decorator.RedirectingEurekaHttpClient.executeOnNewServer(RedirectingEurekaHttpClient.java:121)
	at com.netflix.discovery.shared.transport.decorator.RedirectingEurekaHttpClient.execute(RedirectingEurekaHttpClient.java:80)
	at com.netflix.discovery.shared.transport.decorator.EurekaHttpClientDecorator.register(EurekaHttpClientDecorator.java:56)
	at com.netflix.discovery.shared.transport.decorator.EurekaHttpClientDecorator$1.execute(EurekaHttpClientDecorator.java:59)
	at com.netflix.discovery.shared.transport.decorator.RetryableEurekaHttpClient.execute(RetryableEurekaHttpClient.java:120)
	at com.netflix.discovery.shared.transport.decorator.EurekaHttpClientDecorator.register(EurekaHttpClientDecorator.java:56)
	at com.netflix.discovery.shared.transport.decorator.EurekaHttpClientDecorator$1.execute(EurekaHttpClientDecorator.java:59)
	at com.netflix.discovery.shared.transport.decorator.SessionedEurekaHttpClient.execute(SessionedEurekaHttpClient.java:76)
	at com.netflix.discovery.shared.transport.decorator.EurekaHttpClientDecorator.register(EurekaHttpClientDecorator.java:56)
	at com.netflix.discovery.DiscoveryClient.register(DiscoveryClient.java:828)
	at com.netflix.discovery.InstanceInfoReplicator.run(InstanceInfoReplicator.java:125)
	at com.netflix.discovery.InstanceInfoReplicator$2.run(InstanceInfoReplicator.java:105)
	at java.base/java.util.concurrent.Executors$RunnableAdapter.call(Executors.java:572)
	at java.base/java.util.concurrent.FutureTask.run(FutureTask.java:317)
	at java.base/java.util.concurrent.ScheduledThreadPoolExecutor$ScheduledFutureTask.run(ScheduledThreadPoolExecutor.java:304)
	at java.base/java.util.concurrent.ThreadPoolExecutor.runWorker(ThreadPoolExecutor.java:1144)
	at java.base/java.util.concurrent.ThreadPoolExecutor$Worker.run(ThreadPoolExecutor.java:642)
	at java.base/java.lang.Thread.run(Thread.java:1583)
Caused by: org.apache.hc.client5.http.HttpHostConnectException: Connect to http://localhost:8761 [localhost/127.0.0.1, localhost/0:0:0:0:0:0:0:1] failed: Connection refused: getsockopt
	at java.base/sun.nio.ch.Net.pollConnect(Native Method)
	at java.base/sun.nio.ch.Net.pollConnectNow(Net.java:682)
	at java.base/sun.nio.ch.NioSocketImpl.timedFinishConnect(NioSocketImpl.java:542)
	at java.base/sun.nio.ch.NioSocketImpl.connect(NioSocketImpl.java:592)
	at java.base/java.net.SocksSocketImpl.connect(SocksSocketImpl.java:327)
	at java.base/java.net.Socket.connect(Socket.java:751)
	at org.apache.hc.client5.http.impl.io.DefaultHttpClientConnectionOperator.connect(DefaultHttpClientConnectionOperator.java:216)
	at org.apache.hc.client5.http.impl.io.PoolingHttpClientConnectionManager.connect(PoolingHttpClientConnectionManager.java:490)
	at org.apache.hc.client5.http.impl.classic.InternalExecRuntime.connectEndpoint(InternalExecRuntime.java:164)
	at org.apache.hc.client5.http.impl.classic.InternalExecRuntime.connectEndpoint(InternalExecRuntime.java:174)
	at org.apache.hc.client5.http.impl.classic.ConnectExec.execute(ConnectExec.java:144)
	at org.apache.hc.client5.http.impl.classic.ExecChainElement.execute(ExecChainElement.java:51)
	at org.apache.hc.client5.http.impl.classic.ProtocolExec.execute(ProtocolExec.java:192)
	at org.apache.hc.client5.http.impl.classic.ExecChainElement.execute(ExecChainElement.java:51)
	at org.apache.hc.client5.http.impl.classic.ContentCompressionExec.execute(ContentCompressionExec.java:150)
	at org.apache.hc.client5.http.impl.classic.ExecChainElement.execute(ExecChainElement.java:51)
	at org.apache.hc.client5.http.impl.classic.HttpRequestRetryExec.execute(HttpRequestRetryExec.java:113)
	at org.apache.hc.client5.http.impl.classic.ExecChainElement.execute(ExecChainElement.java:51)
	at org.apache.hc.client5.http.impl.classic.RedirectExec.execute(RedirectExec.java:110)
	at org.apache.hc.client5.http.impl.classic.ExecChainElement.execute(ExecChainElement.java:51)
	at org.apache.hc.client5.http.impl.classic.InternalHttpClient.doExecute(InternalHttpClient.java:183)
	at org.apache.hc.client5.http.impl.classic.CloseableHttpClient.execute(CloseableHttpClient.java:87)
	at org.apache.hc.client5.http.impl.classic.CloseableHttpClient.execute(CloseableHttpClient.java:55)
	at org.apache.hc.client5.http.classic.HttpClient.executeOpen(HttpClient.java:183)
	at org.springframework.http.client.HttpComponentsClientHttpRequest.executeInternal(HttpComponentsClientHttpRequest.java:99)
	at org.springframework.http.client.AbstractStreamingClientHttpRequest.executeInternal(AbstractStreamingClientHttpRequest.java:71)
	at org.springframework.http.client.AbstractClientHttpRequest.execute(AbstractClientHttpRequest.java:81)
	at org.springframework.http.client.InterceptingClientHttpRequest$InterceptingRequestExecution.execute(InterceptingClientHttpRequest.java:117)
	at org.springframework.cloud.netflix.eureka.http.RestTemplateTransportClientFactory.lambda$restTemplate$2(RestTemplateTransportClientFactory.java:145)
	at org.springframework.http.client.InterceptingClientHttpRequest$InterceptingRequestExecution.execute(InterceptingClientHttpRequest.java:88)
	at org.springframework.http.client.InterceptingClientHttpRequest.executeInternal(InterceptingClientHttpRequest.java:72)
	at org.springframework.http.client.AbstractBufferingClientHttpRequest.executeInternal(AbstractBufferingClientHttpRequest.java:48)
	at org.springframework.http.client.AbstractClientHttpRequest.execute(AbstractClientHttpRequest.java:81)
	at org.springframework.web.client.RestTemplate.doExecute(RestTemplate.java:900)
	... 22 more

2025-06-28 15:01:10 - Request execution failed with message: I/O error on POST request for "http://localhost:8761/eureka/apps/ORDERSERVICE": Connect to http://localhost:8761 [localhost/127.0.0.1, localhost/0:0:0:0:0:0:0:1] failed: Connection refused: getsockopt
2025-06-28 15:01:10 - DiscoveryClient_ORDERSERVICE/LTIN556294.cts.com:orderService:9997 - registration failed Cannot execute request on any known server
com.netflix.discovery.shared.transport.TransportException: Cannot execute request on any known server
	at com.netflix.discovery.shared.transport.decorator.RetryableEurekaHttpClient.execute(RetryableEurekaHttpClient.java:112)
	at com.netflix.discovery.shared.transport.decorator.EurekaHttpClientDecorator.register(EurekaHttpClientDecorator.java:56)
	at com.netflix.discovery.shared.transport.decorator.EurekaHttpClientDecorator$1.execute(EurekaHttpClientDecorator.java:59)
	at com.netflix.discovery.shared.transport.decorator.SessionedEurekaHttpClient.execute(SessionedEurekaHttpClient.java:76)
	at com.netflix.discovery.shared.transport.decorator.EurekaHttpClientDecorator.register(EurekaHttpClientDecorator.java:56)
	at com.netflix.discovery.DiscoveryClient.register(DiscoveryClient.java:828)
	at com.netflix.discovery.InstanceInfoReplicator.run(InstanceInfoReplicator.java:125)
	at com.netflix.discovery.InstanceInfoReplicator$2.run(InstanceInfoReplicator.java:105)
	at java.base/java.util.concurrent.Executors$RunnableAdapter.call(Executors.java:572)
	at java.base/java.util.concurrent.FutureTask.run(FutureTask.java:317)
	at java.base/java.util.concurrent.ScheduledThreadPoolExecutor$ScheduledFutureTask.run(ScheduledThreadPoolExecutor.java:304)
	at java.base/java.util.concurrent.ThreadPoolExecutor.runWorker(ThreadPoolExecutor.java:1144)
	at java.base/java.util.concurrent.ThreadPoolExecutor$Worker.run(ThreadPoolExecutor.java:642)
	at java.base/java.lang.Thread.run(Thread.java:1583)
2025-06-28 15:01:10 - There was a problem with the instance info replicator
com.netflix.discovery.shared.transport.TransportException: Cannot execute request on any known server
	at com.netflix.discovery.shared.transport.decorator.RetryableEurekaHttpClient.execute(RetryableEurekaHttpClient.java:112)
	at com.netflix.discovery.shared.transport.decorator.EurekaHttpClientDecorator.register(EurekaHttpClientDecorator.java:56)
	at com.netflix.discovery.shared.transport.decorator.EurekaHttpClientDecorator$1.execute(EurekaHttpClientDecorator.java:59)
	at com.netflix.discovery.shared.transport.decorator.SessionedEurekaHttpClient.execute(SessionedEurekaHttpClient.java:76)
	at com.netflix.discovery.shared.transport.decorator.EurekaHttpClientDecorator.register(EurekaHttpClientDecorator.java:56)
	at com.netflix.discovery.DiscoveryClient.register(DiscoveryClient.java:828)
	at com.netflix.discovery.InstanceInfoReplicator.run(InstanceInfoReplicator.java:125)
	at com.netflix.discovery.InstanceInfoReplicator$2.run(InstanceInfoReplicator.java:105)
	at java.base/java.util.concurrent.Executors$RunnableAdapter.call(Executors.java:572)
	at java.base/java.util.concurrent.FutureTask.run(FutureTask.java:317)
	at java.base/java.util.concurrent.ScheduledThreadPoolExecutor$ScheduledFutureTask.run(ScheduledThreadPoolExecutor.java:304)
	at java.base/java.util.concurrent.ThreadPoolExecutor.runWorker(ThreadPoolExecutor.java:1144)
	at java.base/java.util.concurrent.ThreadPoolExecutor$Worker.run(ThreadPoolExecutor.java:642)
	at java.base/java.lang.Thread.run(Thread.java:1583)
2025-06-28 15:01:10 - Commencing graceful shutdown. Waiting for active requests to complete
2025-06-28 15:01:10 - Graceful shutdown complete
2025-06-28 15:01:10 - Closing JPA EntityManagerFactory for persistence unit 'default'
2025-06-28 15:01:10 - HikariPool-1 - Shutdown initiated...
2025-06-28 15:01:10 - HikariPool-1 - Shutdown completed.
2025-06-28 15:01:10 - Shutting down DiscoveryClient ...
2025-06-28 15:01:13 - Unregistering ...
2025-06-28 15:01:13 - Request execution error. endpoint=DefaultEndpoint{ serviceUrl='http://localhost:8761/eureka/}, exception=I/O error on DELETE request for "http://localhost:8761/eureka/apps/ORDERSERVICE/LTIN556294.cts.com:orderService:9997": Connect to http://localhost:8761 [localhost/127.0.0.1, localhost/0:0:0:0:0:0:0:1] failed: Connection refused: getsockopt stacktrace=org.springframework.web.client.ResourceAccessException: I/O error on DELETE request for "http://localhost:8761/eureka/apps/ORDERSERVICE/LTIN556294.cts.com:orderService:9997": Connect to http://localhost:8761 [localhost/127.0.0.1, localhost/0:0:0:0:0:0:0:1] failed: Connection refused: getsockopt
	at org.springframework.web.client.RestTemplate.createResourceAccessException(RestTemplate.java:926)
	at org.springframework.web.client.RestTemplate.doExecute(RestTemplate.java:906)
	at org.springframework.web.client.RestTemplate.execute(RestTemplate.java:841)
	at org.springframework.web.client.RestTemplate.exchange(RestTemplate.java:702)
	at org.springframework.cloud.netflix.eureka.http.RestTemplateEurekaHttpClient.cancel(RestTemplateEurekaHttpClient.java:100)
	at com.netflix.discovery.shared.transport.decorator.EurekaHttpClientDecorator$2.execute(EurekaHttpClientDecorator.java:74)
	at com.netflix.discovery.shared.transport.decorator.RedirectingEurekaHttpClient.executeOnNewServer(RedirectingEurekaHttpClient.java:121)
	at com.netflix.discovery.shared.transport.decorator.RedirectingEurekaHttpClient.execute(RedirectingEurekaHttpClient.java:80)
	at com.netflix.discovery.shared.transport.decorator.EurekaHttpClientDecorator.cancel(EurekaHttpClientDecorator.java:71)
	at com.netflix.discovery.shared.transport.decorator.EurekaHttpClientDecorator$2.execute(EurekaHttpClientDecorator.java:74)
	at com.netflix.discovery.shared.transport.decorator.RetryableEurekaHttpClient.execute(RetryableEurekaHttpClient.java:120)
	at com.netflix.discovery.shared.transport.decorator.EurekaHttpClientDecorator.cancel(EurekaHttpClientDecorator.java:71)
	at com.netflix.discovery.shared.transport.decorator.EurekaHttpClientDecorator$2.execute(EurekaHttpClientDecorator.java:74)
	at com.netflix.discovery.shared.transport.decorator.SessionedEurekaHttpClient.execute(SessionedEurekaHttpClient.java:76)
	at com.netflix.discovery.shared.transport.decorator.EurekaHttpClientDecorator.cancel(EurekaHttpClientDecorator.java:71)
	at com.netflix.discovery.DiscoveryClient.unregister(DiscoveryClient.java:919)
	at com.netflix.discovery.DiscoveryClient.shutdown(DiscoveryClient.java:900)
	at java.base/jdk.internal.reflect.DirectMethodHandleAccessor.invoke(DirectMethodHandleAccessor.java:103)
	at java.base/java.lang.reflect.Method.invoke(Method.java:580)
	at org.springframework.beans.factory.annotation.InitDestroyAnnotationBeanPostProcessor$LifecycleMethod.invoke(InitDestroyAnnotationBeanPostProcessor.java:457)
	at org.springframework.beans.factory.annotation.InitDestroyAnnotationBeanPostProcessor$LifecycleMetadata.invokeDestroyMethods(InitDestroyAnnotationBeanPostProcessor.java:415)
	at org.springframework.beans.factory.annotation.InitDestroyAnnotationBeanPostProcessor.postProcessBeforeDestruction(InitDestroyAnnotationBeanPostProcessor.java:239)
	at org.springframework.beans.factory.support.DisposableBeanAdapter.destroy(DisposableBeanAdapter.java:202)
	at org.springframework.beans.factory.support.DisposableBeanAdapter.run(DisposableBeanAdapter.java:195)
	at org.springframework.cloud.context.scope.GenericScope$BeanLifecycleWrapper.destroy(GenericScope.java:387)
	at org.springframework.cloud.context.scope.GenericScope.destroy(GenericScope.java:134)
	at org.springframework.beans.factory.support.DisposableBeanAdapter.destroy(DisposableBeanAdapter.java:211)
	at org.springframework.beans.factory.support.DefaultSingletonBeanRegistry.destroyBean(DefaultSingletonBeanRegistry.java:798)
	at org.springframework.beans.factory.support.DefaultSingletonBeanRegistry.destroySingleton(DefaultSingletonBeanRegistry.java:748)
	at org.springframework.beans.factory.support.DefaultListableBeanFactory.destroySingleton(DefaultListableBeanFactory.java:1474)
	at org.springframework.beans.factory.support.DefaultSingletonBeanRegistry.destroySingletons(DefaultSingletonBeanRegistry.java:707)
	at org.springframework.beans.factory.support.DefaultListableBeanFactory.destroySingletons(DefaultListableBeanFactory.java:1467)
	at org.springframework.context.support.AbstractApplicationContext.destroyBeans(AbstractApplicationContext.java:1219)
	at org.springframework.context.support.AbstractApplicationContext.doClose(AbstractApplicationContext.java:1180)
	at org.springframework.boot.web.servlet.context.ServletWebServerApplicationContext.doClose(ServletWebServerApplicationContext.java:179)
	at org.springframework.context.support.AbstractApplicationContext.close(AbstractApplicationContext.java:1126)
	at org.springframework.boot.admin.SpringApplicationAdminMXBeanRegistrar$SpringApplicationAdmin.shutdown(SpringApplicationAdminMXBeanRegistrar.java:160)
	at java.base/jdk.internal.reflect.DirectMethodHandleAccessor.invoke(DirectMethodHandleAccessor.java:103)
	at java.base/java.lang.reflect.Method.invoke(Method.java:580)
	at sun.reflect.misc.Trampoline.invoke(MethodUtil.java:64)
	at java.base/jdk.internal.reflect.DirectMethodHandleAccessor.invoke(DirectMethodHandleAccessor.java:103)
	at java.base/java.lang.reflect.Method.invoke(Method.java:580)
	at java.base/sun.reflect.misc.MethodUtil.invoke(MethodUtil.java:97)
	at java.management/com.sun.jmx.mbeanserver.ConvertingMethod.invokeWithOpenReturn(ConvertingMethod.java:193)
	at java.management/com.sun.jmx.mbeanserver.ConvertingMethod.invokeWithOpenReturn(ConvertingMethod.java:175)
	at java.management/com.sun.jmx.mbeanserver.MXBeanIntrospector.invokeM2(MXBeanIntrospector.java:115)
	at java.management/com.sun.jmx.mbeanserver.MXBeanIntrospector.invokeM2(MXBeanIntrospector.java:52)
	at java.management/com.sun.jmx.mbeanserver.MBeanIntrospector.invokeM(MBeanIntrospector.java:236)
	at java.management/com.sun.jmx.mbeanserver.PerInterface.invoke(PerInterface.java:138)
	at java.management/com.sun.jmx.mbeanserver.MBeanSupport.invoke(MBeanSupport.java:252)
	at java.management/com.sun.jmx.interceptor.DefaultMBeanServerInterceptor.invoke(DefaultMBeanServerInterceptor.java:803)
	at java.management/com.sun.jmx.mbeanserver.JmxMBeanServer.invoke(JmxMBeanServer.java:802)
	at java.management.rmi/javax.management.remote.rmi.RMIConnectionImpl.doOperation(RMIConnectionImpl.java:1472)
	at java.management.rmi/javax.management.remote.rmi.RMIConnectionImpl$PrivilegedOperation.run(RMIConnectionImpl.java:1310)
	at java.management.rmi/javax.management.remote.rmi.RMIConnectionImpl.doPrivilegedOperation(RMIConnectionImpl.java:1405)
	at java.management.rmi/javax.management.remote.rmi.RMIConnectionImpl.invoke(RMIConnectionImpl.java:829)
	at java.base/jdk.internal.reflect.DirectMethodHandleAccessor.invoke(DirectMethodHandleAccessor.java:103)
	at java.base/java.lang.reflect.Method.invoke(Method.java:580)
	at java.rmi/sun.rmi.server.UnicastServerRef.dispatch(UnicastServerRef.java:360)
	at java.rmi/sun.rmi.transport.Transport$1.run(Transport.java:200)
	at java.rmi/sun.rmi.transport.Transport$1.run(Transport.java:197)
	at java.base/java.security.AccessController.doPrivileged(AccessController.java:714)
	at java.rmi/sun.rmi.transport.Transport.serviceCall(Transport.java:196)
	at java.rmi/sun.rmi.transport.tcp.TCPTransport.handleMessages(TCPTransport.java:598)
	at java.rmi/sun.rmi.transport.tcp.TCPTransport$ConnectionHandler.run0(TCPTransport.java:844)
	at java.rmi/sun.rmi.transport.tcp.TCPTransport$ConnectionHandler.lambda$run$0(TCPTransport.java:721)
	at java.base/java.security.AccessController.doPrivileged(AccessController.java:400)
	at java.rmi/sun.rmi.transport.tcp.TCPTransport$ConnectionHandler.run(TCPTransport.java:720)
	at java.base/java.util.concurrent.ThreadPoolExecutor.runWorker(ThreadPoolExecutor.java:1144)
	at java.base/java.util.concurrent.ThreadPoolExecutor$Worker.run(ThreadPoolExecutor.java:642)
	at java.base/java.lang.Thread.run(Thread.java:1583)
Caused by: org.apache.hc.client5.http.HttpHostConnectException: Connect to http://localhost:8761 [localhost/127.0.0.1, localhost/0:0:0:0:0:0:0:1] failed: Connection refused: getsockopt
	at java.base/sun.nio.ch.Net.pollConnect(Native Method)
	at java.base/sun.nio.ch.Net.pollConnectNow(Net.java:682)
	at java.base/sun.nio.ch.NioSocketImpl.timedFinishConnect(NioSocketImpl.java:542)
	at java.base/sun.nio.ch.NioSocketImpl.connect(NioSocketImpl.java:592)
	at java.base/java.net.SocksSocketImpl.connect(SocksSocketImpl.java:327)
	at java.base/java.net.Socket.connect(Socket.java:751)
	at org.apache.hc.client5.http.impl.io.DefaultHttpClientConnectionOperator.connect(DefaultHttpClientConnectionOperator.java:216)
	at org.apache.hc.client5.http.impl.io.PoolingHttpClientConnectionManager.connect(PoolingHttpClientConnectionManager.java:490)
	at org.apache.hc.client5.http.impl.classic.InternalExecRuntime.connectEndpoint(InternalExecRuntime.java:164)
	at org.apache.hc.client5.http.impl.classic.InternalExecRuntime.connectEndpoint(InternalExecRuntime.java:174)
	at org.apache.hc.client5.http.impl.classic.ConnectExec.execute(ConnectExec.java:144)
	at org.apache.hc.client5.http.impl.classic.ExecChainElement.execute(ExecChainElement.java:51)
	at org.apache.hc.client5.http.impl.classic.ProtocolExec.execute(ProtocolExec.java:192)
	at org.apache.hc.client5.http.impl.classic.ExecChainElement.execute(ExecChainElement.java:51)
	at org.apache.hc.client5.http.impl.classic.ContentCompressionExec.execute(ContentCompressionExec.java:150)
	at org.apache.hc.client5.http.impl.classic.ExecChainElement.execute(ExecChainElement.java:51)
	at org.apache.hc.client5.http.impl.classic.HttpRequestRetryExec.execute(HttpRequestRetryExec.java:113)
	at org.apache.hc.client5.http.impl.classic.ExecChainElement.execute(ExecChainElement.java:51)
	at org.apache.hc.client5.http.impl.classic.RedirectExec.execute(RedirectExec.java:110)
	at org.apache.hc.client5.http.impl.classic.ExecChainElement.execute(ExecChainElement.java:51)
	at org.apache.hc.client5.http.impl.classic.InternalHttpClient.doExecute(InternalHttpClient.java:183)
	at org.apache.hc.client5.http.impl.classic.CloseableHttpClient.execute(CloseableHttpClient.java:87)
	at org.apache.hc.client5.http.impl.classic.CloseableHttpClient.execute(CloseableHttpClient.java:55)
	at org.apache.hc.client5.http.classic.HttpClient.executeOpen(HttpClient.java:183)
	at org.springframework.http.client.HttpComponentsClientHttpRequest.executeInternal(HttpComponentsClientHttpRequest.java:99)
	at org.springframework.http.client.AbstractStreamingClientHttpRequest.executeInternal(AbstractStreamingClientHttpRequest.java:71)
	at org.springframework.http.client.AbstractClientHttpRequest.execute(AbstractClientHttpRequest.java:81)
	at org.springframework.http.client.InterceptingClientHttpRequest$InterceptingRequestExecution.execute(InterceptingClientHttpRequest.java:117)
	at org.springframework.cloud.netflix.eureka.http.RestTemplateTransportClientFactory.lambda$restTemplate$2(RestTemplateTransportClientFactory.java:145)
	at org.springframework.http.client.InterceptingClientHttpRequest$InterceptingRequestExecution.execute(InterceptingClientHttpRequest.java:88)
	at org.springframework.http.client.InterceptingClientHttpRequest.executeInternal(InterceptingClientHttpRequest.java:72)
	at org.springframework.http.client.AbstractBufferingClientHttpRequest.executeInternal(AbstractBufferingClientHttpRequest.java:48)
	at org.springframework.http.client.AbstractClientHttpRequest.execute(AbstractClientHttpRequest.java:81)
	at org.springframework.web.client.RestTemplate.doExecute(RestTemplate.java:900)
	... 69 more

2025-06-28 15:01:13 - Request execution failed with message: I/O error on DELETE request for "http://localhost:8761/eureka/apps/ORDERSERVICE/LTIN556294.cts.com:orderService:9997": Connect to http://localhost:8761 [localhost/127.0.0.1, localhost/0:0:0:0:0:0:0:1] failed: Connection refused: getsockopt
2025-06-28 15:01:13 - DiscoveryClient_ORDERSERVICE/LTIN556294.cts.com:orderService:9997 - de-registration failedCannot execute request on any known server
com.netflix.discovery.shared.transport.TransportException: Cannot execute request on any known server
	at com.netflix.discovery.shared.transport.decorator.RetryableEurekaHttpClient.execute(RetryableEurekaHttpClient.java:112)
	at com.netflix.discovery.shared.transport.decorator.EurekaHttpClientDecorator.cancel(EurekaHttpClientDecorator.java:71)
	at com.netflix.discovery.shared.transport.decorator.EurekaHttpClientDecorator$2.execute(EurekaHttpClientDecorator.java:74)
	at com.netflix.discovery.shared.transport.decorator.SessionedEurekaHttpClient.execute(SessionedEurekaHttpClient.java:76)
	at com.netflix.discovery.shared.transport.decorator.EurekaHttpClientDecorator.cancel(EurekaHttpClientDecorator.java:71)
	at com.netflix.discovery.DiscoveryClient.unregister(DiscoveryClient.java:919)
	at com.netflix.discovery.DiscoveryClient.shutdown(DiscoveryClient.java:900)
	at java.base/jdk.internal.reflect.DirectMethodHandleAccessor.invoke(DirectMethodHandleAccessor.java:103)
	at java.base/java.lang.reflect.Method.invoke(Method.java:580)
	at org.springframework.beans.factory.annotation.InitDestroyAnnotationBeanPostProcessor$LifecycleMethod.invoke(InitDestroyAnnotationBeanPostProcessor.java:457)
	at org.springframework.beans.factory.annotation.InitDestroyAnnotationBeanPostProcessor$LifecycleMetadata.invokeDestroyMethods(InitDestroyAnnotationBeanPostProcessor.java:415)
	at org.springframework.beans.factory.annotation.InitDestroyAnnotationBeanPostProcessor.postProcessBeforeDestruction(InitDestroyAnnotationBeanPostProcessor.java:239)
	at org.springframework.beans.factory.support.DisposableBeanAdapter.destroy(DisposableBeanAdapter.java:202)
	at org.springframework.beans.factory.support.DisposableBeanAdapter.run(DisposableBeanAdapter.java:195)
	at org.springframework.cloud.context.scope.GenericScope$BeanLifecycleWrapper.destroy(GenericScope.java:387)
	at org.springframework.cloud.context.scope.GenericScope.destroy(GenericScope.java:134)
	at org.springframework.beans.factory.support.DisposableBeanAdapter.destroy(DisposableBeanAdapter.java:211)
	at org.springframework.beans.factory.support.DefaultSingletonBeanRegistry.destroyBean(DefaultSingletonBeanRegistry.java:798)
	at org.springframework.beans.factory.support.DefaultSingletonBeanRegistry.destroySingleton(DefaultSingletonBeanRegistry.java:748)
	at org.springframework.beans.factory.support.DefaultListableBeanFactory.destroySingleton(DefaultListableBeanFactory.java:1474)
	at org.springframework.beans.factory.support.DefaultSingletonBeanRegistry.destroySingletons(DefaultSingletonBeanRegistry.java:707)
	at org.springframework.beans.factory.support.DefaultListableBeanFactory.destroySingletons(DefaultListableBeanFactory.java:1467)
	at org.springframework.context.support.AbstractApplicationContext.destroyBeans(AbstractApplicationContext.java:1219)
	at org.springframework.context.support.AbstractApplicationContext.doClose(AbstractApplicationContext.java:1180)
	at org.springframework.boot.web.servlet.context.ServletWebServerApplicationContext.doClose(ServletWebServerApplicationContext.java:179)
	at org.springframework.context.support.AbstractApplicationContext.close(AbstractApplicationContext.java:1126)
	at org.springframework.boot.admin.SpringApplicationAdminMXBeanRegistrar$SpringApplicationAdmin.shutdown(SpringApplicationAdminMXBeanRegistrar.java:160)
	at java.base/jdk.internal.reflect.DirectMethodHandleAccessor.invoke(DirectMethodHandleAccessor.java:103)
	at java.base/java.lang.reflect.Method.invoke(Method.java:580)
	at sun.reflect.misc.Trampoline.invoke(MethodUtil.java:64)
	at java.base/jdk.internal.reflect.DirectMethodHandleAccessor.invoke(DirectMethodHandleAccessor.java:103)
	at java.base/java.lang.reflect.Method.invoke(Method.java:580)
	at java.base/sun.reflect.misc.MethodUtil.invoke(MethodUtil.java:97)
	at java.management/com.sun.jmx.mbeanserver.ConvertingMethod.invokeWithOpenReturn(ConvertingMethod.java:193)
	at java.management/com.sun.jmx.mbeanserver.ConvertingMethod.invokeWithOpenReturn(ConvertingMethod.java:175)
	at java.management/com.sun.jmx.mbeanserver.MXBeanIntrospector.invokeM2(MXBeanIntrospector.java:115)
	at java.management/com.sun.jmx.mbeanserver.MXBeanIntrospector.invokeM2(MXBeanIntrospector.java:52)
	at java.management/com.sun.jmx.mbeanserver.MBeanIntrospector.invokeM(MBeanIntrospector.java:236)
	at java.management/com.sun.jmx.mbeanserver.PerInterface.invoke(PerInterface.java:138)
	at java.management/com.sun.jmx.mbeanserver.MBeanSupport.invoke(MBeanSupport.java:252)
	at java.management/com.sun.jmx.interceptor.DefaultMBeanServerInterceptor.invoke(DefaultMBeanServerInterceptor.java:803)
	at java.management/com.sun.jmx.mbeanserver.JmxMBeanServer.invoke(JmxMBeanServer.java:802)
	at java.management.rmi/javax.management.remote.rmi.RMIConnectionImpl.doOperation(RMIConnectionImpl.java:1472)
	at java.management.rmi/javax.management.remote.rmi.RMIConnectionImpl$PrivilegedOperation.run(RMIConnectionImpl.java:1310)
	at java.management.rmi/javax.management.remote.rmi.RMIConnectionImpl.doPrivilegedOperation(RMIConnectionImpl.java:1405)
	at java.management.rmi/javax.management.remote.rmi.RMIConnectionImpl.invoke(RMIConnectionImpl.java:829)
	at java.base/jdk.internal.reflect.DirectMethodHandleAccessor.invoke(DirectMethodHandleAccessor.java:103)
	at java.base/java.lang.reflect.Method.invoke(Method.java:580)
	at java.rmi/sun.rmi.server.UnicastServerRef.dispatch(UnicastServerRef.java:360)
	at java.rmi/sun.rmi.transport.Transport$1.run(Transport.java:200)
	at java.rmi/sun.rmi.transport.Transport$1.run(Transport.java:197)
	at java.base/java.security.AccessController.doPrivileged(AccessController.java:714)
	at java.rmi/sun.rmi.transport.Transport.serviceCall(Transport.java:196)
	at java.rmi/sun.rmi.transport.tcp.TCPTransport.handleMessages(TCPTransport.java:598)
	at java.rmi/sun.rmi.transport.tcp.TCPTransport$ConnectionHandler.run0(TCPTransport.java:844)
	at java.rmi/sun.rmi.transport.tcp.TCPTransport$ConnectionHandler.lambda$run$0(TCPTransport.java:721)
	at java.base/java.security.AccessController.doPrivileged(AccessController.java:400)
	at java.rmi/sun.rmi.transport.tcp.TCPTransport$ConnectionHandler.run(TCPTransport.java:720)
	at java.base/java.util.concurrent.ThreadPoolExecutor.runWorker(ThreadPoolExecutor.java:1144)
	at java.base/java.util.concurrent.ThreadPoolExecutor$Worker.run(ThreadPoolExecutor.java:642)
	at java.base/java.lang.Thread.run(Thread.java:1583)
2025-06-28 15:01:13 - Completed shut down of DiscoveryClient
2025-06-28 15:01:39 - Starting OrderServiceApplication using Java 21.0.6 with PID 24904 (C:\Users\2406708\Documents\workspace-spring-tool-suite-4-4.29.1.RELEASE project\orderservice3\target\classes started by 2406708 in C:\Users\2406708\Documents\workspace-spring-tool-suite-4-4.29.1.RELEASE project\orderservice3)
2025-06-28 15:01:39 - No active profile set, falling back to 1 default profile: "default"
2025-06-28 15:01:44 - Bootstrapping Spring Data JPA repositories in DEFAULT mode.
2025-06-28 15:01:45 - Finished Spring Data repository scanning in 719 ms. Found 3 JPA repository interfaces.
2025-06-28 15:01:47 - BeanFactory id=91c13b37-8427-312a-86db-ccde1fc08773
2025-06-28 15:01:49 - Tomcat initialized with port 9997 (http)
2025-06-28 15:01:49 - Starting service [Tomcat]
2025-06-28 15:01:49 - Starting Servlet engine: [Apache Tomcat/10.1.41]
2025-06-28 15:01:49 - Initializing Spring embedded WebApplicationContext
2025-06-28 15:01:49 - Root WebApplicationContext: initialization completed in 10310 ms
2025-06-28 15:01:50 - HHH000204: Processing PersistenceUnitInfo [name: default]
2025-06-28 15:01:51 - HHH000412: Hibernate ORM core version 6.6.15.Final
2025-06-28 15:01:51 - HHH000026: Second-level cache disabled
2025-06-28 15:01:52 - No LoadTimeWeaver setup: ignoring JPA class transformer
2025-06-28 15:01:52 - HikariPool-1 - Starting...
2025-06-28 15:01:54 - HikariPool-1 - Added connection com.mysql.cj.jdbc.ConnectionImpl@690677de
2025-06-28 15:01:54 - HikariPool-1 - Start completed.
2025-06-28 15:01:54 - HHH10001005: Database info:
	Database JDBC URL [Connecting through datasource 'HikariDataSource (HikariPool-1)']
	Database driver: undefined/unknown
	Database version: 8.0.41
	Autocommit mode: undefined/unknown
	Isolation level: undefined/unknown
	Minimum pool size: undefined/unknown
	Maximum pool size: undefined/unknown
2025-06-28 15:01:58 - HHH000489: No JTA platform available (set 'hibernate.transaction.jta.platform' to enable JTA platform integration)
2025-06-28 15:01:59 - GenerationTarget encountered exception accepting command : Error executing DDL "
    drop table if exists cart_order" via JDBC [Cannot drop table 'cart_order' referenced by a foreign key constraint 'FKdhc8cujm37nbcjuck0dl0rs54' on table 'order_cart_item'.]
org.hibernate.tool.schema.spi.CommandAcceptanceException: Error executing DDL "
    drop table if exists cart_order" via JDBC [Cannot drop table 'cart_order' referenced by a foreign key constraint 'FKdhc8cujm37nbcjuck0dl0rs54' on table 'order_cart_item'.]
	at org.hibernate.tool.schema.internal.exec.GenerationTargetToDatabase.accept(GenerationTargetToDatabase.java:94)
	at org.hibernate.tool.schema.internal.Helper.applySqlString(Helper.java:233)
	at org.hibernate.tool.schema.internal.Helper.applySqlStrings(Helper.java:217)
	at org.hibernate.tool.schema.internal.SchemaDropperImpl.dropTables(SchemaDropperImpl.java:384)
	at org.hibernate.tool.schema.internal.SchemaDropperImpl.dropConstraintsTablesSequences(SchemaDropperImpl.java:256)
	at org.hibernate.tool.schema.internal.SchemaDropperImpl.dropFromMetadata(SchemaDropperImpl.java:218)
	at org.hibernate.tool.schema.internal.SchemaDropperImpl.performDrop(SchemaDropperImpl.java:186)
	at org.hibernate.tool.schema.internal.SchemaDropperImpl.doDrop(SchemaDropperImpl.java:156)
	at org.hibernate.tool.schema.internal.SchemaDropperImpl.doDrop(SchemaDropperImpl.java:116)
	at org.hibernate.tool.schema.spi.SchemaManagementToolCoordinator.performDatabaseAction(SchemaManagementToolCoordinator.java:238)
	at org.hibernate.tool.schema.spi.SchemaManagementToolCoordinator.lambda$process$5(SchemaManagementToolCoordinator.java:144)
	at java.base/java.util.HashMap.forEach(HashMap.java:1429)
	at org.hibernate.tool.schema.spi.SchemaManagementToolCoordinator.process(SchemaManagementToolCoordinator.java:141)
	at org.hibernate.boot.internal.SessionFactoryObserverForSchemaExport.sessionFactoryCreated(SessionFactoryObserverForSchemaExport.java:37)
	at org.hibernate.internal.SessionFactoryObserverChain.sessionFactoryCreated(SessionFactoryObserverChain.java:35)
	at org.hibernate.internal.SessionFactoryImpl.<init>(SessionFactoryImpl.java:324)
	at org.hibernate.boot.internal.SessionFactoryBuilderImpl.build(SessionFactoryBuilderImpl.java:463)
	at org.hibernate.jpa.boot.internal.EntityManagerFactoryBuilderImpl.build(EntityManagerFactoryBuilderImpl.java:1517)
	at org.springframework.orm.jpa.vendor.SpringHibernateJpaPersistenceProvider.createContainerEntityManagerFactory(SpringHibernateJpaPersistenceProvider.java:66)
	at org.springframework.orm.jpa.LocalContainerEntityManagerFactoryBean.createNativeEntityManagerFactory(LocalContainerEntityManagerFactoryBean.java:390)
	at org.springframework.orm.jpa.AbstractEntityManagerFactoryBean.buildNativeEntityManagerFactory(AbstractEntityManagerFactoryBean.java:419)
	at org.springframework.orm.jpa.AbstractEntityManagerFactoryBean.afterPropertiesSet(AbstractEntityManagerFactoryBean.java:400)
	at org.springframework.orm.jpa.LocalContainerEntityManagerFactoryBean.afterPropertiesSet(LocalContainerEntityManagerFactoryBean.java:366)
	at org.springframework.beans.factory.support.AbstractAutowireCapableBeanFactory.invokeInitMethods(AbstractAutowireCapableBeanFactory.java:1873)
	at org.springframework.beans.factory.support.AbstractAutowireCapableBeanFactory.initializeBean(AbstractAutowireCapableBeanFactory.java:1822)
	at org.springframework.beans.factory.support.AbstractAutowireCapableBeanFactory.doCreateBean(AbstractAutowireCapableBeanFactory.java:607)
	at org.springframework.beans.factory.support.AbstractAutowireCapableBeanFactory.createBean(AbstractAutowireCapableBeanFactory.java:529)
	at org.springframework.beans.factory.support.AbstractBeanFactory.lambda$doGetBean$0(AbstractBeanFactory.java:339)
	at org.springframework.beans.factory.support.DefaultSingletonBeanRegistry.getSingleton(DefaultSingletonBeanRegistry.java:373)
	at org.springframework.beans.factory.support.AbstractBeanFactory.doGetBean(AbstractBeanFactory.java:337)
	at org.springframework.beans.factory.support.AbstractBeanFactory.getBean(AbstractBeanFactory.java:207)
	at org.springframework.context.support.AbstractApplicationContext.finishBeanFactoryInitialization(AbstractApplicationContext.java:970)
	at org.springframework.context.support.AbstractApplicationContext.refresh(AbstractApplicationContext.java:627)
	at org.springframework.boot.web.servlet.context.ServletWebServerApplicationContext.refresh(ServletWebServerApplicationContext.java:146)
	at org.springframework.boot.SpringApplication.refresh(SpringApplication.java:753)
	at org.springframework.boot.SpringApplication.refreshContext(SpringApplication.java:439)
	at org.springframework.boot.SpringApplication.run(SpringApplication.java:318)
	at org.springframework.boot.SpringApplication.run(SpringApplication.java:1362)
	at org.springframework.boot.SpringApplication.run(SpringApplication.java:1351)
	at com.cts.OrderServiceApplication.main(OrderServiceApplication.java:16)
Caused by: java.sql.SQLException: Cannot drop table 'cart_order' referenced by a foreign key constraint 'FKdhc8cujm37nbcjuck0dl0rs54' on table 'order_cart_item'.
	at com.mysql.cj.jdbc.exceptions.SQLError.createSQLException(SQLError.java:121)
	at com.mysql.cj.jdbc.exceptions.SQLExceptionsMapping.translateException(SQLExceptionsMapping.java:114)
	at com.mysql.cj.jdbc.StatementImpl.executeInternal(StatementImpl.java:837)
	at com.mysql.cj.jdbc.StatementImpl.execute(StatementImpl.java:685)
	at com.zaxxer.hikari.pool.ProxyStatement.execute(ProxyStatement.java:95)
	at com.zaxxer.hikari.pool.HikariProxyStatement.execute(HikariProxyStatement.java)
	at org.hibernate.tool.schema.internal.exec.GenerationTargetToDatabase.accept(GenerationTargetToDatabase.java:80)
	... 39 common frames omitted
2025-06-28 15:01:59 - GenerationTarget encountered exception accepting command : Error executing DDL "
    create table cart_order (
        address_id integer not null,
        total_price float(53) not null,
        user_id integer not null,
        order_time datetime(6),
        payment_id bigint,
        order_id varchar(255) not null,
        order_status varchar(255),
        payment_method varchar(255),
        payment_status varchar(255),
        refund_status varchar(255),
        primary key (order_id)
    ) engine=InnoDB" via JDBC [Table 'cart_order' already exists]
org.hibernate.tool.schema.spi.CommandAcceptanceException: Error executing DDL "
    create table cart_order (
        address_id integer not null,
        total_price float(53) not null,
        user_id integer not null,
        order_time datetime(6),
        payment_id bigint,
        order_id varchar(255) not null,
        order_status varchar(255),
        payment_method varchar(255),
        payment_status varchar(255),
        refund_status varchar(255),
        primary key (order_id)
    ) engine=InnoDB" via JDBC [Table 'cart_order' already exists]
	at org.hibernate.tool.schema.internal.exec.GenerationTargetToDatabase.accept(GenerationTargetToDatabase.java:94)
	at org.hibernate.tool.schema.internal.Helper.applySqlString(Helper.java:233)
	at org.hibernate.tool.schema.internal.Helper.applySqlStrings(Helper.java:217)
	at org.hibernate.tool.schema.internal.SchemaCreatorImpl.createTables(SchemaCreatorImpl.java:430)
	at org.hibernate.tool.schema.internal.SchemaCreatorImpl.createSequencesTablesConstraints(SchemaCreatorImpl.java:346)
	at org.hibernate.tool.schema.internal.SchemaCreatorImpl.createFromMetadata(SchemaCreatorImpl.java:241)
	at org.hibernate.tool.schema.internal.SchemaCreatorImpl.performCreation(SchemaCreatorImpl.java:174)
	at org.hibernate.tool.schema.internal.SchemaCreatorImpl.doCreation(SchemaCreatorImpl.java:144)
	at org.hibernate.tool.schema.internal.SchemaCreatorImpl.doCreation(SchemaCreatorImpl.java:120)
	at org.hibernate.tool.schema.spi.SchemaManagementToolCoordinator.performDatabaseAction(SchemaManagementToolCoordinator.java:250)
	at org.hibernate.tool.schema.spi.SchemaManagementToolCoordinator.lambda$process$5(SchemaManagementToolCoordinator.java:144)
	at java.base/java.util.HashMap.forEach(HashMap.java:1429)
	at org.hibernate.tool.schema.spi.SchemaManagementToolCoordinator.process(SchemaManagementToolCoordinator.java:141)
	at org.hibernate.boot.internal.SessionFactoryObserverForSchemaExport.sessionFactoryCreated(SessionFactoryObserverForSchemaExport.java:37)
	at org.hibernate.internal.SessionFactoryObserverChain.sessionFactoryCreated(SessionFactoryObserverChain.java:35)
	at org.hibernate.internal.SessionFactoryImpl.<init>(SessionFactoryImpl.java:324)
	at org.hibernate.boot.internal.SessionFactoryBuilderImpl.build(SessionFactoryBuilderImpl.java:463)
	at org.hibernate.jpa.boot.internal.EntityManagerFactoryBuilderImpl.build(EntityManagerFactoryBuilderImpl.java:1517)
	at org.springframework.orm.jpa.vendor.SpringHibernateJpaPersistenceProvider.createContainerEntityManagerFactory(SpringHibernateJpaPersistenceProvider.java:66)
	at org.springframework.orm.jpa.LocalContainerEntityManagerFactoryBean.createNativeEntityManagerFactory(LocalContainerEntityManagerFactoryBean.java:390)
	at org.springframework.orm.jpa.AbstractEntityManagerFactoryBean.buildNativeEntityManagerFactory(AbstractEntityManagerFactoryBean.java:419)
	at org.springframework.orm.jpa.AbstractEntityManagerFactoryBean.afterPropertiesSet(AbstractEntityManagerFactoryBean.java:400)
	at org.springframework.orm.jpa.LocalContainerEntityManagerFactoryBean.afterPropertiesSet(LocalContainerEntityManagerFactoryBean.java:366)
	at org.springframework.beans.factory.support.AbstractAutowireCapableBeanFactory.invokeInitMethods(AbstractAutowireCapableBeanFactory.java:1873)
	at org.springframework.beans.factory.support.AbstractAutowireCapableBeanFactory.initializeBean(AbstractAutowireCapableBeanFactory.java:1822)
	at org.springframework.beans.factory.support.AbstractAutowireCapableBeanFactory.doCreateBean(AbstractAutowireCapableBeanFactory.java:607)
	at org.springframework.beans.factory.support.AbstractAutowireCapableBeanFactory.createBean(AbstractAutowireCapableBeanFactory.java:529)
	at org.springframework.beans.factory.support.AbstractBeanFactory.lambda$doGetBean$0(AbstractBeanFactory.java:339)
	at org.springframework.beans.factory.support.DefaultSingletonBeanRegistry.getSingleton(DefaultSingletonBeanRegistry.java:373)
	at org.springframework.beans.factory.support.AbstractBeanFactory.doGetBean(AbstractBeanFactory.java:337)
	at org.springframework.beans.factory.support.AbstractBeanFactory.getBean(AbstractBeanFactory.java:207)
	at org.springframework.context.support.AbstractApplicationContext.finishBeanFactoryInitialization(AbstractApplicationContext.java:970)
	at org.springframework.context.support.AbstractApplicationContext.refresh(AbstractApplicationContext.java:627)
	at org.springframework.boot.web.servlet.context.ServletWebServerApplicationContext.refresh(ServletWebServerApplicationContext.java:146)
	at org.springframework.boot.SpringApplication.refresh(SpringApplication.java:753)
	at org.springframework.boot.SpringApplication.refreshContext(SpringApplication.java:439)
	at org.springframework.boot.SpringApplication.run(SpringApplication.java:318)
	at org.springframework.boot.SpringApplication.run(SpringApplication.java:1362)
	at org.springframework.boot.SpringApplication.run(SpringApplication.java:1351)
	at com.cts.OrderServiceApplication.main(OrderServiceApplication.java:16)
Caused by: java.sql.SQLSyntaxErrorException: Table 'cart_order' already exists
	at com.mysql.cj.jdbc.exceptions.SQLError.createSQLException(SQLError.java:112)
	at com.mysql.cj.jdbc.exceptions.SQLExceptionsMapping.translateException(SQLExceptionsMapping.java:114)
	at com.mysql.cj.jdbc.StatementImpl.executeInternal(StatementImpl.java:837)
	at com.mysql.cj.jdbc.StatementImpl.execute(StatementImpl.java:685)
	at com.zaxxer.hikari.pool.ProxyStatement.execute(ProxyStatement.java:95)
	at com.zaxxer.hikari.pool.HikariProxyStatement.execute(HikariProxyStatement.java)
	at org.hibernate.tool.schema.internal.exec.GenerationTargetToDatabase.accept(GenerationTargetToDatabase.java:80)
	... 39 common frames omitted
2025-06-28 15:01:59 - Initialized JPA EntityManagerFactory for persistence unit 'default'
2025-06-28 15:02:01 - spring.jpa.open-in-view is enabled by default. Therefore, database queries may be performed during view rendering. Explicitly configure spring.jpa.open-in-view to disable this warning
2025-06-28 15:02:01 - For 'user3' URL not provided. Will try picking an instance via load-balancing.
2025-06-28 15:02:01 - For 'Project' URL not provided. Will try picking an instance via load-balancing.
2025-06-28 15:02:01 - For 'payment' URL not provided. Will try picking an instance via load-balancing.
2025-06-28 15:02:01 - For 'CartModule' URL not provided. Will try picking an instance via load-balancing.
2025-06-28 15:02:02 - Global AuthenticationManager configured with UserDetailsService bean with name userDetailsService
2025-06-28 15:02:04 - Eureka HTTP Client uses RestTemplate.
2025-06-28 15:02:04 - Spring Cloud LoadBalancer is currently working with the default cache. While this cache implementation is useful for development and tests, it's recommended to use Caffeine cache in production.You can switch to using Caffeine cache, by adding it and org.springframework.cache.caffeine.CaffeineCacheManager to the classpath.
2025-06-28 15:02:04 - Setting initial instance status as: STARTING
2025-06-28 15:02:04 - Initializing Eureka in region us-east-1
2025-06-28 15:02:04 - Resolving eureka endpoints via configuration
2025-06-28 15:02:04 - Disable delta property : false
2025-06-28 15:02:04 - Single vip registry refresh property : null
2025-06-28 15:02:04 - Force full registry fetch : false
2025-06-28 15:02:04 - Application is null : false
2025-06-28 15:02:04 - Registered Applications size is zero : true
2025-06-28 15:02:04 - Application version is -1: true
2025-06-28 15:02:04 - Getting all instance registry info from the eureka server
2025-06-28 15:02:05 - The response status is 200
2025-06-28 15:02:05 - Starting heartbeat executor: renew interval is: 30
2025-06-28 15:02:05 - InstanceInfoReplicator onDemand update allowed rate per min is 4
2025-06-28 15:02:05 - Discovery Client initialized at timestamp 1751103125801 with initial instances count: 4
2025-06-28 15:02:05 - Registering application ORDERSERVICE with eureka with status UP
2025-06-28 15:02:05 - Saw local status change event StatusChangeEvent [timestamp=1751103125820, current=UP, previous=STARTING]
2025-06-28 15:02:05 - DiscoveryClient_ORDERSERVICE/LTIN556294.cts.com:orderService:9997: registering service...
2025-06-28 15:02:05 - Tomcat started on port 9997 (http) with context path '/'
2025-06-28 15:02:05 - Updating port to 9997
2025-06-28 15:02:05 - Started OrderServiceApplication in 29.522 seconds (process running for 33.715)
2025-06-28 15:02:05 - DiscoveryClient_ORDERSERVICE/LTIN556294.cts.com:orderService:9997 - registration status: 204
2025-06-28 15:06:20 - Application shutdown requested.
2025-06-28 15:06:20 - Unregistering application ORDERSERVICE with eureka with status DOWN
2025-06-28 15:06:20 - Saw local status change event StatusChangeEvent [timestamp=1751103380470, current=DOWN, previous=UP]
2025-06-28 15:06:20 - DiscoveryClient_ORDERSERVICE/LTIN556294.cts.com:orderService:9997: registering service...
2025-06-28 15:06:20 - Commencing graceful shutdown. Waiting for active requests to complete
2025-06-28 15:06:20 - DiscoveryClient_ORDERSERVICE/LTIN556294.cts.com:orderService:9997 - registration status: 204
2025-06-28 15:06:20 - Graceful shutdown complete
2025-06-28 15:06:20 - Closing JPA EntityManagerFactory for persistence unit 'default'
2025-06-28 15:06:20 - HikariPool-1 - Shutdown initiated...
2025-06-28 15:06:20 - HikariPool-1 - Shutdown completed.
2025-06-28 15:06:20 - Shutting down DiscoveryClient ...
2025-06-28 15:06:23 - Unregistering ...
2025-06-28 15:06:23 - DiscoveryClient_ORDERSERVICE/LTIN556294.cts.com:orderService:9997 - deregister  status: 200
2025-06-28 15:06:23 - Completed shut down of DiscoveryClient
2025-06-28 15:06:28 - Starting OrderServiceApplication using Java 21.0.6 with PID 41760 (C:\Users\2406708\Documents\workspace-spring-tool-suite-4-4.29.1.RELEASE project\orderservice3\target\classes started by 2406708 in C:\Users\2406708\Documents\workspace-spring-tool-suite-4-4.29.1.RELEASE project\orderservice3)
2025-06-28 15:06:28 - No active profile set, falling back to 1 default profile: "default"
2025-06-28 15:06:29 - Bootstrapping Spring Data JPA repositories in DEFAULT mode.
2025-06-28 15:06:30 - Finished Spring Data repository scanning in 244 ms. Found 3 JPA repository interfaces.
2025-06-28 15:06:30 - BeanFactory id=91c13b37-8427-312a-86db-ccde1fc08773
2025-06-28 15:06:31 - Tomcat initialized with port 9997 (http)
2025-06-28 15:06:31 - Starting service [Tomcat]
2025-06-28 15:06:31 - Starting Servlet engine: [Apache Tomcat/10.1.41]
2025-06-28 15:06:31 - Initializing Spring embedded WebApplicationContext
2025-06-28 15:06:31 - Root WebApplicationContext: initialization completed in 3263 ms
2025-06-28 15:06:31 - HHH000204: Processing PersistenceUnitInfo [name: default]
2025-06-28 15:06:31 - HHH000412: Hibernate ORM core version 6.6.15.Final
2025-06-28 15:06:32 - HHH000026: Second-level cache disabled
2025-06-28 15:06:32 - No LoadTimeWeaver setup: ignoring JPA class transformer
2025-06-28 15:06:32 - HikariPool-1 - Starting...
2025-06-28 15:06:33 - HikariPool-1 - Added connection com.mysql.cj.jdbc.ConnectionImpl@77e1dacd
2025-06-28 15:06:33 - HikariPool-1 - Start completed.
2025-06-28 15:06:33 - HHH10001005: Database info:
	Database JDBC URL [Connecting through datasource 'HikariDataSource (HikariPool-1)']
	Database driver: undefined/unknown
	Database version: 8.0.41
	Autocommit mode: undefined/unknown
	Isolation level: undefined/unknown
	Minimum pool size: undefined/unknown
	Maximum pool size: undefined/unknown
2025-06-28 15:06:34 - HHH000489: No JTA platform available (set 'hibernate.transaction.jta.platform' to enable JTA platform integration)
2025-06-28 15:06:35 - Initialized JPA EntityManagerFactory for persistence unit 'default'
2025-06-28 15:06:36 - spring.jpa.open-in-view is enabled by default. Therefore, database queries may be performed during view rendering. Explicitly configure spring.jpa.open-in-view to disable this warning
2025-06-28 15:06:36 - For 'user3' URL not provided. Will try picking an instance via load-balancing.
2025-06-28 15:06:36 - For 'Project' URL not provided. Will try picking an instance via load-balancing.
2025-06-28 15:06:36 - For 'payment' URL not provided. Will try picking an instance via load-balancing.
2025-06-28 15:06:36 - For 'CartModule' URL not provided. Will try picking an instance via load-balancing.
2025-06-28 15:06:36 - Global AuthenticationManager configured with UserDetailsService bean with name userDetailsService
2025-06-28 15:06:37 - Eureka HTTP Client uses RestTemplate.
2025-06-28 15:06:37 - Spring Cloud LoadBalancer is currently working with the default cache. While this cache implementation is useful for development and tests, it's recommended to use Caffeine cache in production.You can switch to using Caffeine cache, by adding it and org.springframework.cache.caffeine.CaffeineCacheManager to the classpath.
2025-06-28 15:06:37 - Setting initial instance status as: STARTING
2025-06-28 15:06:37 - Initializing Eureka in region us-east-1
2025-06-28 15:06:37 - Resolving eureka endpoints via configuration
2025-06-28 15:06:38 - Disable delta property : false
2025-06-28 15:06:38 - Single vip registry refresh property : null
2025-06-28 15:06:38 - Force full registry fetch : false
2025-06-28 15:06:38 - Application is null : false
2025-06-28 15:06:38 - Registered Applications size is zero : true
2025-06-28 15:06:38 - Application version is -1: true
2025-06-28 15:06:38 - Getting all instance registry info from the eureka server
2025-06-28 15:06:38 - The response status is 200
2025-06-28 15:06:38 - Starting heartbeat executor: renew interval is: 30
2025-06-28 15:06:38 - InstanceInfoReplicator onDemand update allowed rate per min is 4
2025-06-28 15:06:38 - Discovery Client initialized at timestamp 1751103398566 with initial instances count: 6
2025-06-28 15:06:38 - Registering application ORDERSERVICE with eureka with status UP
2025-06-28 15:06:38 - Saw local status change event StatusChangeEvent [timestamp=1751103398578, current=UP, previous=STARTING]
2025-06-28 15:06:38 - DiscoveryClient_ORDERSERVICE/LTIN556294.cts.com:orderService:9997: registering service...
2025-06-28 15:06:38 - Tomcat started on port 9997 (http) with context path '/'
2025-06-28 15:06:38 - Updating port to 9997
2025-06-28 15:06:38 - Started OrderServiceApplication in 11.308 seconds (process running for 12.788)
2025-06-28 15:06:38 - DiscoveryClient_ORDERSERVICE/LTIN556294.cts.com:orderService:9997 - registration status: 204
2025-06-28 15:11:38 - Resolving eureka endpoints via configuration
2025-06-28 15:16:38 - Resolving eureka endpoints via configuration
2025-06-28 15:21:38 - Resolving eureka endpoints via configuration
2025-06-28 15:26:38 - Resolving eureka endpoints via configuration
2025-06-28 15:31:38 - Resolving eureka endpoints via configuration
2025-06-28 15:36:38 - Resolving eureka endpoints via configuration
2025-06-28 15:41:38 - Resolving eureka endpoints via configuration
2025-06-28 15:46:38 - Resolving eureka endpoints via configuration
2025-06-28 15:51:38 - Resolving eureka endpoints via configuration
2025-06-28 15:56:38 - Resolving eureka endpoints via configuration
2025-06-28 16:00:28 - Initializing Spring DispatcherServlet 'dispatcherServlet'
2025-06-28 16:00:28 - Initializing Servlet 'dispatcherServlet'
2025-06-28 16:00:28 - Completed initialization in 77 ms
2025-06-28 16:00:28 - Searching orders for user ID: 2
2025-06-28 16:00:29 - Found 0 direct orders for user ID: 2
2025-06-28 16:00:29 - Found 0 cart orders for user ID: 2
2025-06-28 16:00:29 - ⚠️ No orders found for user ID: 2
2025-06-28 16:00:29 - Searching orders for user ID: 2
2025-06-28 16:00:29 - Found 0 direct orders for user ID: 2
2025-06-28 16:00:29 - Found 0 cart orders for user ID: 2
2025-06-28 16:00:29 - ⚠️ No orders found for user ID: 2
2025-06-28 16:01:38 - Resolving eureka endpoints via configuration
2025-06-28 16:06:38 - Resolving eureka endpoints via configuration
2025-06-28 16:11:38 - Resolving eureka endpoints via configuration
2025-06-28 16:16:38 - Resolving eureka endpoints via configuration
2025-06-28 16:17:04 - Placing cart order with Cash on Delivery for user ID: 2
2025-06-28 16:17:04 - Generated unique order ID: 0387686498
2025-06-28 16:17:05 - Cart order successfully placed: 0387686498
2025-06-28 16:17:05 - Searching for order with ID: 0387686498
2025-06-28 16:17:05 - Cart order found with ID: 0387686498
2025-06-28 16:17:05 - Fetched totalPrice from cartOrder: ₹16898.98
2025-06-28 16:17:05 - Final OrderDTO (cart) → orderAmount: ₹16898.98
2025-06-28 16:17:05 - Searching for order with ID: 0387686498
2025-06-28 16:17:05 - Cart order found with ID: 0387686498
2025-06-28 16:17:05 - Fetched totalPrice from cartOrder: ₹16898.98
2025-06-28 16:17:05 - Final OrderDTO (cart) → orderAmount: ₹16898.98
2025-06-28 16:18:11 - Starting cart payment initiation for user ID: 2
2025-06-28 16:18:14 - Cart payment initiated successfully. Payment ID: 263603567
2025-06-28 16:18:24 - Finalizing cart order for payment ID: 263603567
2025-06-28 16:18:24 - Finalizing cart order for payment ID: 263603567
2025-06-28 16:18:24 - Generated unique order ID: 0846683713
2025-06-28 16:18:24 - Generated unique order ID: 0864792444
2025-06-28 16:18:24 - Cart order successfully placed with ID: 0846683713
2025-06-28 16:18:25 - SQL Error: 1062, SQLState: 23000
2025-06-28 16:18:25 - Duplicate entry '3' for key 'order_cart_item.PRIMARY'
2025-06-28 16:19:38 - Searching orders for user ID: 2
2025-06-28 16:19:38 - Found 0 direct orders for user ID: 2
2025-06-28 16:19:38 - Found 3 cart orders for user ID: 2
2025-06-28 16:19:38 - Searching orders for user ID: 2
2025-06-28 16:19:38 - Found 0 direct orders for user ID: 2
2025-06-28 16:19:38 - Found 3 cart orders for user ID: 2
2025-06-28 16:20:17 - Searching orders for user ID: 2
2025-06-28 16:20:17 - Found 0 direct orders for user ID: 2
2025-06-28 16:20:17 - Found 3 cart orders for user ID: 2
2025-06-28 16:20:17 - Searching orders for user ID: 2
2025-06-28 16:20:17 - Found 0 direct orders for user ID: 2
2025-06-28 16:20:17 - Found 3 cart orders for user ID: 2
2025-06-28 16:20:22 - Searching orders for user ID: 2
2025-06-28 16:20:22 - Found 0 direct orders for user ID: 2
2025-06-28 16:20:22 - Found 3 cart orders for user ID: 2
2025-06-28 16:20:22 - Searching orders for user ID: 2
2025-06-28 16:20:22 - Found 0 direct orders for user ID: 2
2025-06-28 16:20:22 - Found 3 cart orders for user ID: 2
2025-06-28 16:20:33 - Searching orders for user ID: 2
2025-06-28 16:20:33 - Found 0 direct orders for user ID: 2
2025-06-28 16:20:33 - Found 3 cart orders for user ID: 2
2025-06-28 16:20:33 - Searching orders for user ID: 2
2025-06-28 16:20:33 - Found 0 direct orders for user ID: 2
2025-06-28 16:20:33 - Found 3 cart orders for user ID: 2
2025-06-28 16:20:37 - Searching orders for user ID: 2
2025-06-28 16:20:37 - Found 0 direct orders for user ID: 2
2025-06-28 16:20:37 - Found 3 cart orders for user ID: 2
2025-06-28 16:20:37 - Searching orders for user ID: 2
2025-06-28 16:20:37 - Found 0 direct orders for user ID: 2
2025-06-28 16:20:37 - Found 3 cart orders for user ID: 2
2025-06-28 16:20:39 - Searching orders for user ID: 2
2025-06-28 16:20:39 - Found 0 direct orders for user ID: 2
2025-06-28 16:20:39 - Found 3 cart orders for user ID: 2
2025-06-28 16:20:39 - Searching orders for user ID: 2
2025-06-28 16:20:39 - Found 0 direct orders for user ID: 2
2025-06-28 16:20:39 - Found 3 cart orders for user ID: 2
2025-06-28 16:20:55 - Searching orders for user ID: 2
2025-06-28 16:20:55 - Found 0 direct orders for user ID: 2
2025-06-28 16:20:55 - Found 3 cart orders for user ID: 2
2025-06-28 16:20:55 - Searching orders for user ID: 2
2025-06-28 16:20:55 - Found 0 direct orders for user ID: 2
2025-06-28 16:20:55 - Found 3 cart orders for user ID: 2
2025-06-28 16:21:27 - Searching orders for user ID: 2
2025-06-28 16:21:27 - Found 0 direct orders for user ID: 2
2025-06-28 16:21:27 - Found 3 cart orders for user ID: 2
2025-06-28 16:21:27 - Searching orders for user ID: 2
2025-06-28 16:21:27 - Found 0 direct orders for user ID: 2
2025-06-28 16:21:27 - Found 3 cart orders for user ID: 2
2025-06-28 16:21:32 - Searching orders for user ID: 2
2025-06-28 16:21:32 - Found 0 direct orders for user ID: 2
2025-06-28 16:21:32 - Found 3 cart orders for user ID: 2
2025-06-28 16:21:32 - Searching orders for user ID: 2
2025-06-28 16:21:32 - Found 0 direct orders for user ID: 2
2025-06-28 16:21:32 - Found 3 cart orders for user ID: 2
2025-06-28 16:21:36 - Attempting to cancel order with ID: 0846683713
2025-06-28 16:21:36 - Cart order cancelled successfully: 0846683713
2025-06-28 16:21:38 - Resolving eureka endpoints via configuration
2025-06-28 16:21:44 - Searching orders for user ID: 2
2025-06-28 16:21:44 - Found 0 direct orders for user ID: 2
2025-06-28 16:21:44 - Found 3 cart orders for user ID: 2
2025-06-28 16:21:44 - Searching orders for user ID: 2
2025-06-28 16:21:44 - Found 0 direct orders for user ID: 2
2025-06-28 16:21:44 - Found 3 cart orders for user ID: 2
2025-06-28 16:21:50 - Searching orders for user ID: 2
2025-06-28 16:21:50 - Found 0 direct orders for user ID: 2
2025-06-28 16:21:50 - Found 3 cart orders for user ID: 2
2025-06-28 16:21:50 - Searching orders for user ID: 2
2025-06-28 16:21:50 - Found 0 direct orders for user ID: 2
2025-06-28 16:21:50 - Found 3 cart orders for user ID: 2
2025-06-28 16:23:47 - Searching orders for user ID: 2
2025-06-28 16:23:47 - Found 0 direct orders for user ID: 2
2025-06-28 16:23:47 - Found 3 cart orders for user ID: 2
2025-06-28 16:23:48 - Searching orders for user ID: 2
2025-06-28 16:23:48 - Found 0 direct orders for user ID: 2
2025-06-28 16:23:48 - Found 3 cart orders for user ID: 2
2025-06-28 16:23:57 - Searching orders for user ID: 2
2025-06-28 16:23:57 - Found 0 direct orders for user ID: 2
2025-06-28 16:23:57 - Found 3 cart orders for user ID: 2
2025-06-28 16:23:57 - Searching orders for user ID: 2
2025-06-28 16:23:57 - Found 0 direct orders for user ID: 2
2025-06-28 16:23:57 - Found 3 cart orders for user ID: 2
2025-06-28 16:24:00 - Searching orders for user ID: 2
2025-06-28 16:24:00 - Found 0 direct orders for user ID: 2
2025-06-28 16:24:00 - Found 3 cart orders for user ID: 2
2025-06-28 16:24:00 - Searching orders for user ID: 2
2025-06-28 16:24:00 - Found 0 direct orders for user ID: 2
2025-06-28 16:24:00 - Found 3 cart orders for user ID: 2
2025-06-28 16:24:40 - Searching orders for user ID: 2
2025-06-28 16:24:40 - Found 0 direct orders for user ID: 2
2025-06-28 16:24:40 - Found 3 cart orders for user ID: 2
2025-06-28 16:24:41 - Searching orders for user ID: 2
2025-06-28 16:24:41 - Found 0 direct orders for user ID: 2
2025-06-28 16:24:41 - Found 3 cart orders for user ID: 2
2025-06-28 16:26:30 - Searching orders for user ID: 2
2025-06-28 16:26:30 - Found 0 direct orders for user ID: 2
2025-06-28 16:26:30 - Found 3 cart orders for user ID: 2
2025-06-28 16:26:30 - Searching orders for user ID: 2
2025-06-28 16:26:30 - Found 0 direct orders for user ID: 2
2025-06-28 16:26:30 - Found 3 cart orders for user ID: 2
2025-06-28 16:26:35 - Searching orders for user ID: 2
2025-06-28 16:26:35 - Found 0 direct orders for user ID: 2
2025-06-28 16:26:35 - Found 3 cart orders for user ID: 2
2025-06-28 16:26:35 - Searching orders for user ID: 2
2025-06-28 16:26:35 - Found 0 direct orders for user ID: 2
2025-06-28 16:26:35 - Found 3 cart orders for user ID: 2
2025-06-28 16:26:38 - Resolving eureka endpoints via configuration
2025-06-28 16:26:38 - Searching orders for user ID: 2
2025-06-28 16:26:38 - Found 0 direct orders for user ID: 2
2025-06-28 16:26:38 - Found 3 cart orders for user ID: 2
2025-06-28 16:26:38 - Searching orders for user ID: 2
2025-06-28 16:26:38 - Found 0 direct orders for user ID: 2
2025-06-28 16:26:38 - Found 3 cart orders for user ID: 2
2025-06-28 16:26:46 - Searching orders for user ID: 2
2025-06-28 16:26:46 - Found 0 direct orders for user ID: 2
2025-06-28 16:26:46 - Found 3 cart orders for user ID: 2
2025-06-28 16:26:46 - Searching orders for user ID: 2
2025-06-28 16:26:46 - Found 0 direct orders for user ID: 2
2025-06-28 16:26:46 - Found 3 cart orders for user ID: 2
2025-06-28 16:27:04 - Placing cart order with Cash on Delivery for user ID: 2
2025-06-28 16:27:08 - Placing cart order with Cash on Delivery for user ID: 2
2025-06-28 16:27:20 - Starting cart payment initiation for user ID: 2
2025-06-28 16:27:55 - Placing cart order with Cash on Delivery for user ID: 2
2025-06-28 16:27:55 - Generated unique order ID: 0394949815
2025-06-28 16:27:55 - Cart order successfully placed: 0394949815
2025-06-28 16:27:55 - Searching for order with ID: 0394949815
2025-06-28 16:27:55 - Cart order found with ID: 0394949815
2025-06-28 16:27:55 - Fetched totalPrice from cartOrder: ₹2990.75
2025-06-28 16:27:55 - Final OrderDTO (cart) → orderAmount: ₹2990.75
2025-06-28 16:27:55 - Searching for order with ID: 0394949815
2025-06-28 16:27:55 - Cart order found with ID: 0394949815
2025-06-28 16:27:55 - Fetched totalPrice from cartOrder: ₹2990.75
2025-06-28 16:27:55 - Final OrderDTO (cart) → orderAmount: ₹2990.75
2025-06-28 16:28:03 - Searching orders for user ID: 2
2025-06-28 16:28:03 - Found 0 direct orders for user ID: 2
2025-06-28 16:28:03 - Found 4 cart orders for user ID: 2
2025-06-28 16:28:03 - Searching orders for user ID: 2
2025-06-28 16:28:03 - Found 0 direct orders for user ID: 2
2025-06-28 16:28:03 - Found 4 cart orders for user ID: 2
2025-06-28 16:28:11 - Placing cart order with Cash on Delivery for user ID: 2
2025-06-28 16:28:24 - Placing cart order with Cash on Delivery for user ID: 2
2025-06-28 16:30:14 - Placing cart order with Cash on Delivery for user ID: 2
2025-06-28 16:31:38 - Resolving eureka endpoints via configuration
2025-06-28 16:32:07 - Placing cart order with Cash on Delivery for user ID: 2
2025-06-28 16:32:07 - Generated unique order ID: 0963720610
2025-06-28 16:32:07 - Cart order successfully placed: 0963720610
2025-06-28 16:32:07 - Searching for order with ID: 0963720610
2025-06-28 16:32:07 - Cart order found with ID: 0963720610
2025-06-28 16:32:07 - Fetched totalPrice from cartOrder: ₹16930.75
2025-06-28 16:32:07 - Final OrderDTO (cart) → orderAmount: ₹16930.75
2025-06-28 16:32:07 - Searching for order with ID: 0963720610
2025-06-28 16:32:07 - Cart order found with ID: 0963720610
2025-06-28 16:32:07 - Fetched totalPrice from cartOrder: ₹16930.75
2025-06-28 16:32:07 - Final OrderDTO (cart) → orderAmount: ₹16930.75
2025-06-28 16:36:38 - Resolving eureka endpoints via configuration
2025-06-28 16:41:38 - Resolving eureka endpoints via configuration
2025-06-28 16:46:38 - Resolving eureka endpoints via configuration
2025-06-28 16:51:38 - Resolving eureka endpoints via configuration
2025-06-28 16:56:38 - Resolving eureka endpoints via configuration
2025-06-28 17:01:38 - Resolving eureka endpoints via configuration
2025-06-28 17:05:10 - Application shutdown requested.
2025-06-28 17:05:10 - Unregistering application ORDERSERVICE with eureka with status DOWN
2025-06-28 17:05:10 - Saw local status change event StatusChangeEvent [timestamp=1751110510443, current=DOWN, previous=UP]
2025-06-28 17:05:10 - DiscoveryClient_ORDERSERVICE/LTIN556294.cts.com:orderService:9997: registering service...
2025-06-28 17:05:10 - Commencing graceful shutdown. Waiting for active requests to complete
2025-06-28 17:05:10 - Request execution error. endpoint=DefaultEndpoint{ serviceUrl='http://localhost:8761/eureka/} exception=I/O error on POST request for "http://localhost:8761/eureka/apps/ORDERSERVICE": Connect to http://localhost:8761 [localhost/127.0.0.1, localhost/0:0:0:0:0:0:0:1] failed: Connection refused: getsockopt stacktrace=org.springframework.web.client.ResourceAccessException: I/O error on POST request for "http://localhost:8761/eureka/apps/ORDERSERVICE": Connect to http://localhost:8761 [localhost/127.0.0.1, localhost/0:0:0:0:0:0:0:1] failed: Connection refused: getsockopt
	at org.springframework.web.client.RestTemplate.createResourceAccessException(RestTemplate.java:926)
	at org.springframework.web.client.RestTemplate.doExecute(RestTemplate.java:906)
	at org.springframework.web.client.RestTemplate.execute(RestTemplate.java:841)
	at org.springframework.web.client.RestTemplate.exchange(RestTemplate.java:702)
	at org.springframework.cloud.netflix.eureka.http.RestTemplateEurekaHttpClient.register(RestTemplateEurekaHttpClient.java:87)
	at com.netflix.discovery.shared.transport.decorator.EurekaHttpClientDecorator$1.execute(EurekaHttpClientDecorator.java:59)
	at com.netflix.discovery.shared.transport.decorator.RedirectingEurekaHttpClient.execute(RedirectingEurekaHttpClient.java:91)
	at com.netflix.discovery.shared.transport.decorator.EurekaHttpClientDecorator.register(EurekaHttpClientDecorator.java:56)
	at com.netflix.discovery.shared.transport.decorator.EurekaHttpClientDecorator$1.execute(EurekaHttpClientDecorator.java:59)
	at com.netflix.discovery.shared.transport.decorator.RetryableEurekaHttpClient.execute(RetryableEurekaHttpClient.java:120)
	at com.netflix.discovery.shared.transport.decorator.EurekaHttpClientDecorator.register(EurekaHttpClientDecorator.java:56)
	at com.netflix.discovery.shared.transport.decorator.EurekaHttpClientDecorator$1.execute(EurekaHttpClientDecorator.java:59)
	at com.netflix.discovery.shared.transport.decorator.SessionedEurekaHttpClient.execute(SessionedEurekaHttpClient.java:76)
	at com.netflix.discovery.shared.transport.decorator.EurekaHttpClientDecorator.register(EurekaHttpClientDecorator.java:56)
	at com.netflix.discovery.DiscoveryClient.register(DiscoveryClient.java:828)
	at com.netflix.discovery.InstanceInfoReplicator.run(InstanceInfoReplicator.java:125)
	at com.netflix.discovery.InstanceInfoReplicator$2.run(InstanceInfoReplicator.java:105)
	at java.base/java.util.concurrent.Executors$RunnableAdapter.call(Executors.java:572)
	at java.base/java.util.concurrent.FutureTask.run(FutureTask.java:317)
	at java.base/java.util.concurrent.ScheduledThreadPoolExecutor$ScheduledFutureTask.run(ScheduledThreadPoolExecutor.java:304)
	at java.base/java.util.concurrent.ThreadPoolExecutor.runWorker(ThreadPoolExecutor.java:1144)
	at java.base/java.util.concurrent.ThreadPoolExecutor$Worker.run(ThreadPoolExecutor.java:642)
	at java.base/java.lang.Thread.run(Thread.java:1583)
Caused by: org.apache.hc.client5.http.HttpHostConnectException: Connect to http://localhost:8761 [localhost/127.0.0.1, localhost/0:0:0:0:0:0:0:1] failed: Connection refused: getsockopt
	at java.base/sun.nio.ch.Net.pollConnect(Native Method)
	at java.base/sun.nio.ch.Net.pollConnectNow(Net.java:682)
	at java.base/sun.nio.ch.NioSocketImpl.timedFinishConnect(NioSocketImpl.java:542)
	at java.base/sun.nio.ch.NioSocketImpl.connect(NioSocketImpl.java:592)
	at java.base/java.net.SocksSocketImpl.connect(SocksSocketImpl.java:327)
	at java.base/java.net.Socket.connect(Socket.java:751)
	at org.apache.hc.client5.http.impl.io.DefaultHttpClientConnectionOperator.connect(DefaultHttpClientConnectionOperator.java:216)
	at org.apache.hc.client5.http.impl.io.PoolingHttpClientConnectionManager.connect(PoolingHttpClientConnectionManager.java:490)
	at org.apache.hc.client5.http.impl.classic.InternalExecRuntime.connectEndpoint(InternalExecRuntime.java:164)
	at org.apache.hc.client5.http.impl.classic.InternalExecRuntime.connectEndpoint(InternalExecRuntime.java:174)
	at org.apache.hc.client5.http.impl.classic.ConnectExec.execute(ConnectExec.java:144)
	at org.apache.hc.client5.http.impl.classic.ExecChainElement.execute(ExecChainElement.java:51)
	at org.apache.hc.client5.http.impl.classic.ProtocolExec.execute(ProtocolExec.java:192)
	at org.apache.hc.client5.http.impl.classic.ExecChainElement.execute(ExecChainElement.java:51)
	at org.apache.hc.client5.http.impl.classic.ContentCompressionExec.execute(ContentCompressionExec.java:150)
	at org.apache.hc.client5.http.impl.classic.ExecChainElement.execute(ExecChainElement.java:51)
	at org.apache.hc.client5.http.impl.classic.HttpRequestRetryExec.execute(HttpRequestRetryExec.java:113)
	at org.apache.hc.client5.http.impl.classic.ExecChainElement.execute(ExecChainElement.java:51)
	at org.apache.hc.client5.http.impl.classic.RedirectExec.execute(RedirectExec.java:110)
	at org.apache.hc.client5.http.impl.classic.ExecChainElement.execute(ExecChainElement.java:51)
	at org.apache.hc.client5.http.impl.classic.InternalHttpClient.doExecute(InternalHttpClient.java:183)
	at org.apache.hc.client5.http.impl.classic.CloseableHttpClient.execute(CloseableHttpClient.java:87)
	at org.apache.hc.client5.http.impl.classic.CloseableHttpClient.execute(CloseableHttpClient.java:55)
	at org.apache.hc.client5.http.classic.HttpClient.executeOpen(HttpClient.java:183)
	at org.springframework.http.client.HttpComponentsClientHttpRequest.executeInternal(HttpComponentsClientHttpRequest.java:99)
	at org.springframework.http.client.AbstractStreamingClientHttpRequest.executeInternal(AbstractStreamingClientHttpRequest.java:71)
	at org.springframework.http.client.AbstractClientHttpRequest.execute(AbstractClientHttpRequest.java:81)
	at org.springframework.http.client.InterceptingClientHttpRequest$InterceptingRequestExecution.execute(InterceptingClientHttpRequest.java:117)
	at org.springframework.cloud.netflix.eureka.http.RestTemplateTransportClientFactory.lambda$restTemplate$2(RestTemplateTransportClientFactory.java:145)
	at org.springframework.http.client.InterceptingClientHttpRequest$InterceptingRequestExecution.execute(InterceptingClientHttpRequest.java:88)
	at org.springframework.http.client.InterceptingClientHttpRequest.executeInternal(InterceptingClientHttpRequest.java:72)
	at org.springframework.http.client.AbstractBufferingClientHttpRequest.executeInternal(AbstractBufferingClientHttpRequest.java:48)
	at org.springframework.http.client.AbstractClientHttpRequest.execute(AbstractClientHttpRequest.java:81)
	at org.springframework.web.client.RestTemplate.doExecute(RestTemplate.java:900)
	... 21 more

2025-06-28 17:05:10 - Request execution failed with message: I/O error on POST request for "http://localhost:8761/eureka/apps/ORDERSERVICE": Connect to http://localhost:8761 [localhost/127.0.0.1, localhost/0:0:0:0:0:0:0:1] failed: Connection refused: getsockopt
2025-06-28 17:05:10 - Graceful shutdown complete
2025-06-28 17:05:10 - Request execution error. endpoint=DefaultEndpoint{ serviceUrl='http://localhost:8761/eureka/}, exception=I/O error on POST request for "http://localhost:8761/eureka/apps/ORDERSERVICE": Connect to http://localhost:8761 [localhost/127.0.0.1, localhost/0:0:0:0:0:0:0:1] failed: Connection refused: getsockopt stacktrace=org.springframework.web.client.ResourceAccessException: I/O error on POST request for "http://localhost:8761/eureka/apps/ORDERSERVICE": Connect to http://localhost:8761 [localhost/127.0.0.1, localhost/0:0:0:0:0:0:0:1] failed: Connection refused: getsockopt
	at org.springframework.web.client.RestTemplate.createResourceAccessException(RestTemplate.java:926)
	at org.springframework.web.client.RestTemplate.doExecute(RestTemplate.java:906)
	at org.springframework.web.client.RestTemplate.execute(RestTemplate.java:841)
	at org.springframework.web.client.RestTemplate.exchange(RestTemplate.java:702)
	at org.springframework.cloud.netflix.eureka.http.RestTemplateEurekaHttpClient.register(RestTemplateEurekaHttpClient.java:87)
	at com.netflix.discovery.shared.transport.decorator.EurekaHttpClientDecorator$1.execute(EurekaHttpClientDecorator.java:59)
	at com.netflix.discovery.shared.transport.decorator.RedirectingEurekaHttpClient.executeOnNewServer(RedirectingEurekaHttpClient.java:121)
	at com.netflix.discovery.shared.transport.decorator.RedirectingEurekaHttpClient.execute(RedirectingEurekaHttpClient.java:80)
	at com.netflix.discovery.shared.transport.decorator.EurekaHttpClientDecorator.register(EurekaHttpClientDecorator.java:56)
	at com.netflix.discovery.shared.transport.decorator.EurekaHttpClientDecorator$1.execute(EurekaHttpClientDecorator.java:59)
	at com.netflix.discovery.shared.transport.decorator.RetryableEurekaHttpClient.execute(RetryableEurekaHttpClient.java:120)
	at com.netflix.discovery.shared.transport.decorator.EurekaHttpClientDecorator.register(EurekaHttpClientDecorator.java:56)
	at com.netflix.discovery.shared.transport.decorator.EurekaHttpClientDecorator$1.execute(EurekaHttpClientDecorator.java:59)
	at com.netflix.discovery.shared.transport.decorator.SessionedEurekaHttpClient.execute(SessionedEurekaHttpClient.java:76)
	at com.netflix.discovery.shared.transport.decorator.EurekaHttpClientDecorator.register(EurekaHttpClientDecorator.java:56)
	at com.netflix.discovery.DiscoveryClient.register(DiscoveryClient.java:828)
	at com.netflix.discovery.InstanceInfoReplicator.run(InstanceInfoReplicator.java:125)
	at com.netflix.discovery.InstanceInfoReplicator$2.run(InstanceInfoReplicator.java:105)
	at java.base/java.util.concurrent.Executors$RunnableAdapter.call(Executors.java:572)
	at java.base/java.util.concurrent.FutureTask.run(FutureTask.java:317)
	at java.base/java.util.concurrent.ScheduledThreadPoolExecutor$ScheduledFutureTask.run(ScheduledThreadPoolExecutor.java:304)
	at java.base/java.util.concurrent.ThreadPoolExecutor.runWorker(ThreadPoolExecutor.java:1144)
	at java.base/java.util.concurrent.ThreadPoolExecutor$Worker.run(ThreadPoolExecutor.java:642)
	at java.base/java.lang.Thread.run(Thread.java:1583)
Caused by: org.apache.hc.client5.http.HttpHostConnectException: Connect to http://localhost:8761 [localhost/127.0.0.1, localhost/0:0:0:0:0:0:0:1] failed: Connection refused: getsockopt
	at java.base/sun.nio.ch.Net.pollConnect(Native Method)
	at java.base/sun.nio.ch.Net.pollConnectNow(Net.java:682)
	at java.base/sun.nio.ch.NioSocketImpl.timedFinishConnect(NioSocketImpl.java:542)
	at java.base/sun.nio.ch.NioSocketImpl.connect(NioSocketImpl.java:592)
	at java.base/java.net.SocksSocketImpl.connect(SocksSocketImpl.java:327)
	at java.base/java.net.Socket.connect(Socket.java:751)
	at org.apache.hc.client5.http.impl.io.DefaultHttpClientConnectionOperator.connect(DefaultHttpClientConnectionOperator.java:216)
	at org.apache.hc.client5.http.impl.io.PoolingHttpClientConnectionManager.connect(PoolingHttpClientConnectionManager.java:490)
	at org.apache.hc.client5.http.impl.classic.InternalExecRuntime.connectEndpoint(InternalExecRuntime.java:164)
	at org.apache.hc.client5.http.impl.classic.InternalExecRuntime.connectEndpoint(InternalExecRuntime.java:174)
	at org.apache.hc.client5.http.impl.classic.ConnectExec.execute(ConnectExec.java:144)
	at org.apache.hc.client5.http.impl.classic.ExecChainElement.execute(ExecChainElement.java:51)
	at org.apache.hc.client5.http.impl.classic.ProtocolExec.execute(ProtocolExec.java:192)
	at org.apache.hc.client5.http.impl.classic.ExecChainElement.execute(ExecChainElement.java:51)
	at org.apache.hc.client5.http.impl.classic.ContentCompressionExec.execute(ContentCompressionExec.java:150)
	at org.apache.hc.client5.http.impl.classic.ExecChainElement.execute(ExecChainElement.java:51)
	at org.apache.hc.client5.http.impl.classic.HttpRequestRetryExec.execute(HttpRequestRetryExec.java:113)
	at org.apache.hc.client5.http.impl.classic.ExecChainElement.execute(ExecChainElement.java:51)
	at org.apache.hc.client5.http.impl.classic.RedirectExec.execute(RedirectExec.java:110)
	at org.apache.hc.client5.http.impl.classic.ExecChainElement.execute(ExecChainElement.java:51)
	at org.apache.hc.client5.http.impl.classic.InternalHttpClient.doExecute(InternalHttpClient.java:183)
	at org.apache.hc.client5.http.impl.classic.CloseableHttpClient.execute(CloseableHttpClient.java:87)
	at org.apache.hc.client5.http.impl.classic.CloseableHttpClient.execute(CloseableHttpClient.java:55)
	at org.apache.hc.client5.http.classic.HttpClient.executeOpen(HttpClient.java:183)
	at org.springframework.http.client.HttpComponentsClientHttpRequest.executeInternal(HttpComponentsClientHttpRequest.java:99)
	at org.springframework.http.client.AbstractStreamingClientHttpRequest.executeInternal(AbstractStreamingClientHttpRequest.java:71)
	at org.springframework.http.client.AbstractClientHttpRequest.execute(AbstractClientHttpRequest.java:81)
	at org.springframework.http.client.InterceptingClientHttpRequest$InterceptingRequestExecution.execute(InterceptingClientHttpRequest.java:117)
	at org.springframework.cloud.netflix.eureka.http.RestTemplateTransportClientFactory.lambda$restTemplate$2(RestTemplateTransportClientFactory.java:145)
	at org.springframework.http.client.InterceptingClientHttpRequest$InterceptingRequestExecution.execute(InterceptingClientHttpRequest.java:88)
	at org.springframework.http.client.InterceptingClientHttpRequest.executeInternal(InterceptingClientHttpRequest.java:72)
	at org.springframework.http.client.AbstractBufferingClientHttpRequest.executeInternal(AbstractBufferingClientHttpRequest.java:48)
	at org.springframework.http.client.AbstractClientHttpRequest.execute(AbstractClientHttpRequest.java:81)
	at org.springframework.web.client.RestTemplate.doExecute(RestTemplate.java:900)
	... 22 more

2025-06-28 17:05:10 - Request execution failed with message: I/O error on POST request for "http://localhost:8761/eureka/apps/ORDERSERVICE": Connect to http://localhost:8761 [localhost/127.0.0.1, localhost/0:0:0:0:0:0:0:1] failed: Connection refused: getsockopt
2025-06-28 17:05:10 - DiscoveryClient_ORDERSERVICE/LTIN556294.cts.com:orderService:9997 - registration failed Cannot execute request on any known server
com.netflix.discovery.shared.transport.TransportException: Cannot execute request on any known server
	at com.netflix.discovery.shared.transport.decorator.RetryableEurekaHttpClient.execute(RetryableEurekaHttpClient.java:112)
	at com.netflix.discovery.shared.transport.decorator.EurekaHttpClientDecorator.register(EurekaHttpClientDecorator.java:56)
	at com.netflix.discovery.shared.transport.decorator.EurekaHttpClientDecorator$1.execute(EurekaHttpClientDecorator.java:59)
	at com.netflix.discovery.shared.transport.decorator.SessionedEurekaHttpClient.execute(SessionedEurekaHttpClient.java:76)
	at com.netflix.discovery.shared.transport.decorator.EurekaHttpClientDecorator.register(EurekaHttpClientDecorator.java:56)
	at com.netflix.discovery.DiscoveryClient.register(DiscoveryClient.java:828)
	at com.netflix.discovery.InstanceInfoReplicator.run(InstanceInfoReplicator.java:125)
	at com.netflix.discovery.InstanceInfoReplicator$2.run(InstanceInfoReplicator.java:105)
	at java.base/java.util.concurrent.Executors$RunnableAdapter.call(Executors.java:572)
	at java.base/java.util.concurrent.FutureTask.run(FutureTask.java:317)
	at java.base/java.util.concurrent.ScheduledThreadPoolExecutor$ScheduledFutureTask.run(ScheduledThreadPoolExecutor.java:304)
	at java.base/java.util.concurrent.ThreadPoolExecutor.runWorker(ThreadPoolExecutor.java:1144)
	at java.base/java.util.concurrent.ThreadPoolExecutor$Worker.run(ThreadPoolExecutor.java:642)
	at java.base/java.lang.Thread.run(Thread.java:1583)
2025-06-28 17:05:10 - There was a problem with the instance info replicator
com.netflix.discovery.shared.transport.TransportException: Cannot execute request on any known server
	at com.netflix.discovery.shared.transport.decorator.RetryableEurekaHttpClient.execute(RetryableEurekaHttpClient.java:112)
	at com.netflix.discovery.shared.transport.decorator.EurekaHttpClientDecorator.register(EurekaHttpClientDecorator.java:56)
	at com.netflix.discovery.shared.transport.decorator.EurekaHttpClientDecorator$1.execute(EurekaHttpClientDecorator.java:59)
	at com.netflix.discovery.shared.transport.decorator.SessionedEurekaHttpClient.execute(SessionedEurekaHttpClient.java:76)
	at com.netflix.discovery.shared.transport.decorator.EurekaHttpClientDecorator.register(EurekaHttpClientDecorator.java:56)
	at com.netflix.discovery.DiscoveryClient.register(DiscoveryClient.java:828)
	at com.netflix.discovery.InstanceInfoReplicator.run(InstanceInfoReplicator.java:125)
	at com.netflix.discovery.InstanceInfoReplicator$2.run(InstanceInfoReplicator.java:105)
	at java.base/java.util.concurrent.Executors$RunnableAdapter.call(Executors.java:572)
	at java.base/java.util.concurrent.FutureTask.run(FutureTask.java:317)
	at java.base/java.util.concurrent.ScheduledThreadPoolExecutor$ScheduledFutureTask.run(ScheduledThreadPoolExecutor.java:304)
	at java.base/java.util.concurrent.ThreadPoolExecutor.runWorker(ThreadPoolExecutor.java:1144)
	at java.base/java.util.concurrent.ThreadPoolExecutor$Worker.run(ThreadPoolExecutor.java:642)
	at java.base/java.lang.Thread.run(Thread.java:1583)
2025-06-28 17:05:10 - Closing JPA EntityManagerFactory for persistence unit 'default'
2025-06-28 17:05:10 - HikariPool-1 - Shutdown initiated...
2025-06-28 17:05:11 - HikariPool-1 - Shutdown completed.
2025-06-28 17:05:11 - Shutting down DiscoveryClient ...
2025-06-28 17:05:14 - Unregistering ...
2025-06-28 17:05:14 - Request execution error. endpoint=DefaultEndpoint{ serviceUrl='http://localhost:8761/eureka/}, exception=I/O error on DELETE request for "http://localhost:8761/eureka/apps/ORDERSERVICE/LTIN556294.cts.com:orderService:9997": Connect to http://localhost:8761 [localhost/127.0.0.1, localhost/0:0:0:0:0:0:0:1] failed: Connection refused: getsockopt stacktrace=org.springframework.web.client.ResourceAccessException: I/O error on DELETE request for "http://localhost:8761/eureka/apps/ORDERSERVICE/LTIN556294.cts.com:orderService:9997": Connect to http://localhost:8761 [localhost/127.0.0.1, localhost/0:0:0:0:0:0:0:1] failed: Connection refused: getsockopt
	at org.springframework.web.client.RestTemplate.createResourceAccessException(RestTemplate.java:926)
	at org.springframework.web.client.RestTemplate.doExecute(RestTemplate.java:906)
	at org.springframework.web.client.RestTemplate.execute(RestTemplate.java:841)
	at org.springframework.web.client.RestTemplate.exchange(RestTemplate.java:702)
	at org.springframework.cloud.netflix.eureka.http.RestTemplateEurekaHttpClient.cancel(RestTemplateEurekaHttpClient.java:100)
	at com.netflix.discovery.shared.transport.decorator.EurekaHttpClientDecorator$2.execute(EurekaHttpClientDecorator.java:74)
	at com.netflix.discovery.shared.transport.decorator.RedirectingEurekaHttpClient.executeOnNewServer(RedirectingEurekaHttpClient.java:121)
	at com.netflix.discovery.shared.transport.decorator.RedirectingEurekaHttpClient.execute(RedirectingEurekaHttpClient.java:80)
	at com.netflix.discovery.shared.transport.decorator.EurekaHttpClientDecorator.cancel(EurekaHttpClientDecorator.java:71)
	at com.netflix.discovery.shared.transport.decorator.EurekaHttpClientDecorator$2.execute(EurekaHttpClientDecorator.java:74)
	at com.netflix.discovery.shared.transport.decorator.RetryableEurekaHttpClient.execute(RetryableEurekaHttpClient.java:120)
	at com.netflix.discovery.shared.transport.decorator.EurekaHttpClientDecorator.cancel(EurekaHttpClientDecorator.java:71)
	at com.netflix.discovery.shared.transport.decorator.EurekaHttpClientDecorator$2.execute(EurekaHttpClientDecorator.java:74)
	at com.netflix.discovery.shared.transport.decorator.SessionedEurekaHttpClient.execute(SessionedEurekaHttpClient.java:76)
	at com.netflix.discovery.shared.transport.decorator.EurekaHttpClientDecorator.cancel(EurekaHttpClientDecorator.java:71)
	at com.netflix.discovery.DiscoveryClient.unregister(DiscoveryClient.java:919)
	at com.netflix.discovery.DiscoveryClient.shutdown(DiscoveryClient.java:900)
	at java.base/jdk.internal.reflect.DirectMethodHandleAccessor.invoke(DirectMethodHandleAccessor.java:103)
	at java.base/java.lang.reflect.Method.invoke(Method.java:580)
	at org.springframework.beans.factory.annotation.InitDestroyAnnotationBeanPostProcessor$LifecycleMethod.invoke(InitDestroyAnnotationBeanPostProcessor.java:457)
	at org.springframework.beans.factory.annotation.InitDestroyAnnotationBeanPostProcessor$LifecycleMetadata.invokeDestroyMethods(InitDestroyAnnotationBeanPostProcessor.java:415)
	at org.springframework.beans.factory.annotation.InitDestroyAnnotationBeanPostProcessor.postProcessBeforeDestruction(InitDestroyAnnotationBeanPostProcessor.java:239)
	at org.springframework.beans.factory.support.DisposableBeanAdapter.destroy(DisposableBeanAdapter.java:202)
	at org.springframework.beans.factory.support.DisposableBeanAdapter.run(DisposableBeanAdapter.java:195)
	at org.springframework.cloud.context.scope.GenericScope$BeanLifecycleWrapper.destroy(GenericScope.java:387)
	at org.springframework.cloud.context.scope.GenericScope.destroy(GenericScope.java:134)
	at org.springframework.beans.factory.support.DisposableBeanAdapter.destroy(DisposableBeanAdapter.java:211)
	at org.springframework.beans.factory.support.DefaultSingletonBeanRegistry.destroyBean(DefaultSingletonBeanRegistry.java:798)
	at org.springframework.beans.factory.support.DefaultSingletonBeanRegistry.destroySingleton(DefaultSingletonBeanRegistry.java:748)
	at org.springframework.beans.factory.support.DefaultListableBeanFactory.destroySingleton(DefaultListableBeanFactory.java:1474)
	at org.springframework.beans.factory.support.DefaultSingletonBeanRegistry.destroySingletons(DefaultSingletonBeanRegistry.java:707)
	at org.springframework.beans.factory.support.DefaultListableBeanFactory.destroySingletons(DefaultListableBeanFactory.java:1467)
	at org.springframework.context.support.AbstractApplicationContext.destroyBeans(AbstractApplicationContext.java:1219)
	at org.springframework.context.support.AbstractApplicationContext.doClose(AbstractApplicationContext.java:1180)
	at org.springframework.boot.web.servlet.context.ServletWebServerApplicationContext.doClose(ServletWebServerApplicationContext.java:179)
	at org.springframework.context.support.AbstractApplicationContext.close(AbstractApplicationContext.java:1126)
	at org.springframework.boot.admin.SpringApplicationAdminMXBeanRegistrar$SpringApplicationAdmin.shutdown(SpringApplicationAdminMXBeanRegistrar.java:160)
	at java.base/jdk.internal.reflect.DirectMethodHandleAccessor.invoke(DirectMethodHandleAccessor.java:103)
	at java.base/java.lang.reflect.Method.invoke(Method.java:580)
	at sun.reflect.misc.Trampoline.invoke(MethodUtil.java:64)
	at java.base/jdk.internal.reflect.DirectMethodHandleAccessor.invoke(DirectMethodHandleAccessor.java:103)
	at java.base/java.lang.reflect.Method.invoke(Method.java:580)
	at java.base/sun.reflect.misc.MethodUtil.invoke(MethodUtil.java:97)
	at java.management/com.sun.jmx.mbeanserver.ConvertingMethod.invokeWithOpenReturn(ConvertingMethod.java:193)
	at java.management/com.sun.jmx.mbeanserver.ConvertingMethod.invokeWithOpenReturn(ConvertingMethod.java:175)
	at java.management/com.sun.jmx.mbeanserver.MXBeanIntrospector.invokeM2(MXBeanIntrospector.java:115)
	at java.management/com.sun.jmx.mbeanserver.MXBeanIntrospector.invokeM2(MXBeanIntrospector.java:52)
	at java.management/com.sun.jmx.mbeanserver.MBeanIntrospector.invokeM(MBeanIntrospector.java:236)
	at java.management/com.sun.jmx.mbeanserver.PerInterface.invoke(PerInterface.java:138)
	at java.management/com.sun.jmx.mbeanserver.MBeanSupport.invoke(MBeanSupport.java:252)
	at java.management/com.sun.jmx.interceptor.DefaultMBeanServerInterceptor.invoke(DefaultMBeanServerInterceptor.java:803)
	at java.management/com.sun.jmx.mbeanserver.JmxMBeanServer.invoke(JmxMBeanServer.java:802)
	at java.management.rmi/javax.management.remote.rmi.RMIConnectionImpl.doOperation(RMIConnectionImpl.java:1472)
	at java.management.rmi/javax.management.remote.rmi.RMIConnectionImpl$PrivilegedOperation.run(RMIConnectionImpl.java:1310)
	at java.management.rmi/javax.management.remote.rmi.RMIConnectionImpl.doPrivilegedOperation(RMIConnectionImpl.java:1405)
	at java.management.rmi/javax.management.remote.rmi.RMIConnectionImpl.invoke(RMIConnectionImpl.java:829)
	at java.base/jdk.internal.reflect.DirectMethodHandleAccessor.invoke(DirectMethodHandleAccessor.java:103)
	at java.base/java.lang.reflect.Method.invoke(Method.java:580)
	at java.rmi/sun.rmi.server.UnicastServerRef.dispatch(UnicastServerRef.java:360)
	at java.rmi/sun.rmi.transport.Transport$1.run(Transport.java:200)
	at java.rmi/sun.rmi.transport.Transport$1.run(Transport.java:197)
	at java.base/java.security.AccessController.doPrivileged(AccessController.java:714)
	at java.rmi/sun.rmi.transport.Transport.serviceCall(Transport.java:196)
	at java.rmi/sun.rmi.transport.tcp.TCPTransport.handleMessages(TCPTransport.java:598)
	at java.rmi/sun.rmi.transport.tcp.TCPTransport$ConnectionHandler.run0(TCPTransport.java:844)
	at java.rmi/sun.rmi.transport.tcp.TCPTransport$ConnectionHandler.lambda$run$0(TCPTransport.java:721)
	at java.base/java.security.AccessController.doPrivileged(AccessController.java:400)
	at java.rmi/sun.rmi.transport.tcp.TCPTransport$ConnectionHandler.run(TCPTransport.java:720)
	at java.base/java.util.concurrent.ThreadPoolExecutor.runWorker(ThreadPoolExecutor.java:1144)
	at java.base/java.util.concurrent.ThreadPoolExecutor$Worker.run(ThreadPoolExecutor.java:642)
	at java.base/java.lang.Thread.run(Thread.java:1583)
Caused by: org.apache.hc.client5.http.HttpHostConnectException: Connect to http://localhost:8761 [localhost/127.0.0.1, localhost/0:0:0:0:0:0:0:1] failed: Connection refused: getsockopt
	at java.base/sun.nio.ch.Net.pollConnect(Native Method)
	at java.base/sun.nio.ch.Net.pollConnectNow(Net.java:682)
	at java.base/sun.nio.ch.NioSocketImpl.timedFinishConnect(NioSocketImpl.java:542)
	at java.base/sun.nio.ch.NioSocketImpl.connect(NioSocketImpl.java:592)
	at java.base/java.net.SocksSocketImpl.connect(SocksSocketImpl.java:327)
	at java.base/java.net.Socket.connect(Socket.java:751)
	at org.apache.hc.client5.http.impl.io.DefaultHttpClientConnectionOperator.connect(DefaultHttpClientConnectionOperator.java:216)
	at org.apache.hc.client5.http.impl.io.PoolingHttpClientConnectionManager.connect(PoolingHttpClientConnectionManager.java:490)
	at org.apache.hc.client5.http.impl.classic.InternalExecRuntime.connectEndpoint(InternalExecRuntime.java:164)
	at org.apache.hc.client5.http.impl.classic.InternalExecRuntime.connectEndpoint(InternalExecRuntime.java:174)
	at org.apache.hc.client5.http.impl.classic.ConnectExec.execute(ConnectExec.java:144)
	at org.apache.hc.client5.http.impl.classic.ExecChainElement.execute(ExecChainElement.java:51)
	at org.apache.hc.client5.http.impl.classic.ProtocolExec.execute(ProtocolExec.java:192)
	at org.apache.hc.client5.http.impl.classic.ExecChainElement.execute(ExecChainElement.java:51)
	at org.apache.hc.client5.http.impl.classic.ContentCompressionExec.execute(ContentCompressionExec.java:150)
	at org.apache.hc.client5.http.impl.classic.ExecChainElement.execute(ExecChainElement.java:51)
	at org.apache.hc.client5.http.impl.classic.HttpRequestRetryExec.execute(HttpRequestRetryExec.java:113)
	at org.apache.hc.client5.http.impl.classic.ExecChainElement.execute(ExecChainElement.java:51)
	at org.apache.hc.client5.http.impl.classic.RedirectExec.execute(RedirectExec.java:110)
	at org.apache.hc.client5.http.impl.classic.ExecChainElement.execute(ExecChainElement.java:51)
	at org.apache.hc.client5.http.impl.classic.InternalHttpClient.doExecute(InternalHttpClient.java:183)
	at org.apache.hc.client5.http.impl.classic.CloseableHttpClient.execute(CloseableHttpClient.java:87)
	at org.apache.hc.client5.http.impl.classic.CloseableHttpClient.execute(CloseableHttpClient.java:55)
	at org.apache.hc.client5.http.classic.HttpClient.executeOpen(HttpClient.java:183)
	at org.springframework.http.client.HttpComponentsClientHttpRequest.executeInternal(HttpComponentsClientHttpRequest.java:99)
	at org.springframework.http.client.AbstractStreamingClientHttpRequest.executeInternal(AbstractStreamingClientHttpRequest.java:71)
	at org.springframework.http.client.AbstractClientHttpRequest.execute(AbstractClientHttpRequest.java:81)
	at org.springframework.http.client.InterceptingClientHttpRequest$InterceptingRequestExecution.execute(InterceptingClientHttpRequest.java:117)
	at org.springframework.cloud.netflix.eureka.http.RestTemplateTransportClientFactory.lambda$restTemplate$2(RestTemplateTransportClientFactory.java:145)
	at org.springframework.http.client.InterceptingClientHttpRequest$InterceptingRequestExecution.execute(InterceptingClientHttpRequest.java:88)
	at org.springframework.http.client.InterceptingClientHttpRequest.executeInternal(InterceptingClientHttpRequest.java:72)
	at org.springframework.http.client.AbstractBufferingClientHttpRequest.executeInternal(AbstractBufferingClientHttpRequest.java:48)
	at org.springframework.http.client.AbstractClientHttpRequest.execute(AbstractClientHttpRequest.java:81)
	at org.springframework.web.client.RestTemplate.doExecute(RestTemplate.java:900)
	... 69 more

2025-06-28 17:05:14 - Request execution failed with message: I/O error on DELETE request for "http://localhost:8761/eureka/apps/ORDERSERVICE/LTIN556294.cts.com:orderService:9997": Connect to http://localhost:8761 [localhost/127.0.0.1, localhost/0:0:0:0:0:0:0:1] failed: Connection refused: getsockopt
2025-06-28 17:05:14 - DiscoveryClient_ORDERSERVICE/LTIN556294.cts.com:orderService:9997 - de-registration failedCannot execute request on any known server
com.netflix.discovery.shared.transport.TransportException: Cannot execute request on any known server
	at com.netflix.discovery.shared.transport.decorator.RetryableEurekaHttpClient.execute(RetryableEurekaHttpClient.java:112)
	at com.netflix.discovery.shared.transport.decorator.EurekaHttpClientDecorator.cancel(EurekaHttpClientDecorator.java:71)
	at com.netflix.discovery.shared.transport.decorator.EurekaHttpClientDecorator$2.execute(EurekaHttpClientDecorator.java:74)
	at com.netflix.discovery.shared.transport.decorator.SessionedEurekaHttpClient.execute(SessionedEurekaHttpClient.java:76)
	at com.netflix.discovery.shared.transport.decorator.EurekaHttpClientDecorator.cancel(EurekaHttpClientDecorator.java:71)
	at com.netflix.discovery.DiscoveryClient.unregister(DiscoveryClient.java:919)
	at com.netflix.discovery.DiscoveryClient.shutdown(DiscoveryClient.java:900)
	at java.base/jdk.internal.reflect.DirectMethodHandleAccessor.invoke(DirectMethodHandleAccessor.java:103)
	at java.base/java.lang.reflect.Method.invoke(Method.java:580)
	at org.springframework.beans.factory.annotation.InitDestroyAnnotationBeanPostProcessor$LifecycleMethod.invoke(InitDestroyAnnotationBeanPostProcessor.java:457)
	at org.springframework.beans.factory.annotation.InitDestroyAnnotationBeanPostProcessor$LifecycleMetadata.invokeDestroyMethods(InitDestroyAnnotationBeanPostProcessor.java:415)
	at org.springframework.beans.factory.annotation.InitDestroyAnnotationBeanPostProcessor.postProcessBeforeDestruction(InitDestroyAnnotationBeanPostProcessor.java:239)
	at org.springframework.beans.factory.support.DisposableBeanAdapter.destroy(DisposableBeanAdapter.java:202)
	at org.springframework.beans.factory.support.DisposableBeanAdapter.run(DisposableBeanAdapter.java:195)
	at org.springframework.cloud.context.scope.GenericScope$BeanLifecycleWrapper.destroy(GenericScope.java:387)
	at org.springframework.cloud.context.scope.GenericScope.destroy(GenericScope.java:134)
	at org.springframework.beans.factory.support.DisposableBeanAdapter.destroy(DisposableBeanAdapter.java:211)
	at org.springframework.beans.factory.support.DefaultSingletonBeanRegistry.destroyBean(DefaultSingletonBeanRegistry.java:798)
	at org.springframework.beans.factory.support.DefaultSingletonBeanRegistry.destroySingleton(DefaultSingletonBeanRegistry.java:748)
	at org.springframework.beans.factory.support.DefaultListableBeanFactory.destroySingleton(DefaultListableBeanFactory.java:1474)
	at org.springframework.beans.factory.support.DefaultSingletonBeanRegistry.destroySingletons(DefaultSingletonBeanRegistry.java:707)
	at org.springframework.beans.factory.support.DefaultListableBeanFactory.destroySingletons(DefaultListableBeanFactory.java:1467)
	at org.springframework.context.support.AbstractApplicationContext.destroyBeans(AbstractApplicationContext.java:1219)
	at org.springframework.context.support.AbstractApplicationContext.doClose(AbstractApplicationContext.java:1180)
	at org.springframework.boot.web.servlet.context.ServletWebServerApplicationContext.doClose(ServletWebServerApplicationContext.java:179)
	at org.springframework.context.support.AbstractApplicationContext.close(AbstractApplicationContext.java:1126)
	at org.springframework.boot.admin.SpringApplicationAdminMXBeanRegistrar$SpringApplicationAdmin.shutdown(SpringApplicationAdminMXBeanRegistrar.java:160)
	at java.base/jdk.internal.reflect.DirectMethodHandleAccessor.invoke(DirectMethodHandleAccessor.java:103)
	at java.base/java.lang.reflect.Method.invoke(Method.java:580)
	at sun.reflect.misc.Trampoline.invoke(MethodUtil.java:64)
	at java.base/jdk.internal.reflect.DirectMethodHandleAccessor.invoke(DirectMethodHandleAccessor.java:103)
	at java.base/java.lang.reflect.Method.invoke(Method.java:580)
	at java.base/sun.reflect.misc.MethodUtil.invoke(MethodUtil.java:97)
	at java.management/com.sun.jmx.mbeanserver.ConvertingMethod.invokeWithOpenReturn(ConvertingMethod.java:193)
	at java.management/com.sun.jmx.mbeanserver.ConvertingMethod.invokeWithOpenReturn(ConvertingMethod.java:175)
	at java.management/com.sun.jmx.mbeanserver.MXBeanIntrospector.invokeM2(MXBeanIntrospector.java:115)
	at java.management/com.sun.jmx.mbeanserver.MXBeanIntrospector.invokeM2(MXBeanIntrospector.java:52)
	at java.management/com.sun.jmx.mbeanserver.MBeanIntrospector.invokeM(MBeanIntrospector.java:236)
	at java.management/com.sun.jmx.mbeanserver.PerInterface.invoke(PerInterface.java:138)
	at java.management/com.sun.jmx.mbeanserver.MBeanSupport.invoke(MBeanSupport.java:252)
	at java.management/com.sun.jmx.interceptor.DefaultMBeanServerInterceptor.invoke(DefaultMBeanServerInterceptor.java:803)
	at java.management/com.sun.jmx.mbeanserver.JmxMBeanServer.invoke(JmxMBeanServer.java:802)
	at java.management.rmi/javax.management.remote.rmi.RMIConnectionImpl.doOperation(RMIConnectionImpl.java:1472)
	at java.management.rmi/javax.management.remote.rmi.RMIConnectionImpl$PrivilegedOperation.run(RMIConnectionImpl.java:1310)
	at java.management.rmi/javax.management.remote.rmi.RMIConnectionImpl.doPrivilegedOperation(RMIConnectionImpl.java:1405)
	at java.management.rmi/javax.management.remote.rmi.RMIConnectionImpl.invoke(RMIConnectionImpl.java:829)
	at java.base/jdk.internal.reflect.DirectMethodHandleAccessor.invoke(DirectMethodHandleAccessor.java:103)
	at java.base/java.lang.reflect.Method.invoke(Method.java:580)
	at java.rmi/sun.rmi.server.UnicastServerRef.dispatch(UnicastServerRef.java:360)
	at java.rmi/sun.rmi.transport.Transport$1.run(Transport.java:200)
	at java.rmi/sun.rmi.transport.Transport$1.run(Transport.java:197)
	at java.base/java.security.AccessController.doPrivileged(AccessController.java:714)
	at java.rmi/sun.rmi.transport.Transport.serviceCall(Transport.java:196)
	at java.rmi/sun.rmi.transport.tcp.TCPTransport.handleMessages(TCPTransport.java:598)
	at java.rmi/sun.rmi.transport.tcp.TCPTransport$ConnectionHandler.run0(TCPTransport.java:844)
	at java.rmi/sun.rmi.transport.tcp.TCPTransport$ConnectionHandler.lambda$run$0(TCPTransport.java:721)
	at java.base/java.security.AccessController.doPrivileged(AccessController.java:400)
	at java.rmi/sun.rmi.transport.tcp.TCPTransport$ConnectionHandler.run(TCPTransport.java:720)
	at java.base/java.util.concurrent.ThreadPoolExecutor.runWorker(ThreadPoolExecutor.java:1144)
	at java.base/java.util.concurrent.ThreadPoolExecutor$Worker.run(ThreadPoolExecutor.java:642)
	at java.base/java.lang.Thread.run(Thread.java:1583)
2025-06-28 17:05:14 - Completed shut down of DiscoveryClient
2025-06-28 17:05:37 - Starting OrderServiceApplication using Java 21.0.6 with PID 32400 (C:\Users\2406708\Documents\workspace-spring-tool-suite-4-4.29.1.RELEASE project\orderservice3\target\classes started by 2406708 in C:\Users\2406708\Documents\workspace-spring-tool-suite-4-4.29.1.RELEASE project\orderservice3)
2025-06-28 17:05:38 - No active profile set, falling back to 1 default profile: "default"
2025-06-28 17:05:44 - Bootstrapping Spring Data JPA repositories in DEFAULT mode.
2025-06-28 17:05:45 - Finished Spring Data repository scanning in 852 ms. Found 3 JPA repository interfaces.
2025-06-28 17:05:46 - BeanFactory id=91c13b37-8427-312a-86db-ccde1fc08773
2025-06-28 17:05:48 - Tomcat initialized with port 9997 (http)
2025-06-28 17:05:48 - Starting service [Tomcat]
2025-06-28 17:05:48 - Starting Servlet engine: [Apache Tomcat/10.1.41]
2025-06-28 17:05:49 - Initializing Spring embedded WebApplicationContext
2025-06-28 17:05:49 - Root WebApplicationContext: initialization completed in 10884 ms
2025-06-28 17:05:50 - HHH000204: Processing PersistenceUnitInfo [name: default]
2025-06-28 17:05:50 - HHH000412: Hibernate ORM core version 6.6.15.Final
2025-06-28 17:05:50 - HHH000026: Second-level cache disabled
2025-06-28 17:05:51 - No LoadTimeWeaver setup: ignoring JPA class transformer
2025-06-28 17:05:52 - HikariPool-1 - Starting...
2025-06-28 17:05:53 - HikariPool-1 - Added connection com.mysql.cj.jdbc.ConnectionImpl@3bbc47c9
2025-06-28 17:05:53 - HikariPool-1 - Start completed.
2025-06-28 17:05:53 - HHH10001005: Database info:
	Database JDBC URL [Connecting through datasource 'HikariDataSource (HikariPool-1)']
	Database driver: undefined/unknown
	Database version: 8.0.41
	Autocommit mode: undefined/unknown
	Isolation level: undefined/unknown
	Minimum pool size: undefined/unknown
	Maximum pool size: undefined/unknown
2025-06-28 17:05:57 - HHH000489: No JTA platform available (set 'hibernate.transaction.jta.platform' to enable JTA platform integration)
2025-06-28 17:05:57 - Initialized JPA EntityManagerFactory for persistence unit 'default'
2025-06-28 17:05:59 - spring.jpa.open-in-view is enabled by default. Therefore, database queries may be performed during view rendering. Explicitly configure spring.jpa.open-in-view to disable this warning
2025-06-28 17:06:00 - For 'user3' URL not provided. Will try picking an instance via load-balancing.
2025-06-28 17:06:00 - For 'Project' URL not provided. Will try picking an instance via load-balancing.
2025-06-28 17:06:00 - For 'payment' URL not provided. Will try picking an instance via load-balancing.
2025-06-28 17:06:00 - For 'CartModule' URL not provided. Will try picking an instance via load-balancing.
2025-06-28 17:06:02 - Global AuthenticationManager configured with UserDetailsService bean with name userDetailsService
2025-06-28 17:06:04 - Eureka HTTP Client uses RestTemplate.
2025-06-28 17:06:04 - Spring Cloud LoadBalancer is currently working with the default cache. While this cache implementation is useful for development and tests, it's recommended to use Caffeine cache in production.You can switch to using Caffeine cache, by adding it and org.springframework.cache.caffeine.CaffeineCacheManager to the classpath.
2025-06-28 17:06:04 - Setting initial instance status as: STARTING
2025-06-28 17:06:04 - Initializing Eureka in region us-east-1
2025-06-28 17:06:04 - Resolving eureka endpoints via configuration
2025-06-28 17:06:04 - Disable delta property : false
2025-06-28 17:06:04 - Single vip registry refresh property : null
2025-06-28 17:06:04 - Force full registry fetch : false
2025-06-28 17:06:04 - Application is null : false
2025-06-28 17:06:04 - Registered Applications size is zero : true
2025-06-28 17:06:04 - Application version is -1: true
2025-06-28 17:06:04 - Getting all instance registry info from the eureka server
2025-06-28 17:06:05 - The response status is 200
2025-06-28 17:06:05 - Starting heartbeat executor: renew interval is: 30
2025-06-28 17:06:05 - InstanceInfoReplicator onDemand update allowed rate per min is 4
2025-06-28 17:06:05 - Discovery Client initialized at timestamp 1751110565660 with initial instances count: 4
2025-06-28 17:06:05 - Registering application ORDERSERVICE with eureka with status UP
2025-06-28 17:06:05 - Saw local status change event StatusChangeEvent [timestamp=1751110565679, current=UP, previous=STARTING]
2025-06-28 17:06:05 - DiscoveryClient_ORDERSERVICE/LTIN556294.cts.com:orderService:9997: registering service...
2025-06-28 17:06:05 - Tomcat started on port 9997 (http) with context path '/'
2025-06-28 17:06:05 - Updating port to 9997
2025-06-28 17:06:05 - Started OrderServiceApplication in 29.991 seconds (process running for 34.076)
2025-06-28 17:06:05 - DiscoveryClient_ORDERSERVICE/LTIN556294.cts.com:orderService:9997 - registration status: 204
2025-06-28 17:11:04 - Resolving eureka endpoints via configuration
2025-06-28 17:16:04 - Resolving eureka endpoints via configuration
2025-06-28 17:21:04 - Resolving eureka endpoints via configuration
2025-06-28 17:26:04 - Resolving eureka endpoints via configuration
2025-06-28 17:31:04 - Resolving eureka endpoints via configuration
2025-06-28 17:36:04 - Resolving eureka endpoints via configuration
2025-06-28 17:37:48 - Initializing Spring DispatcherServlet 'dispatcherServlet'
2025-06-28 17:37:48 - Initializing Servlet 'dispatcherServlet'
2025-06-28 17:37:48 - Completed initialization in 68 ms
2025-06-28 17:37:49 - Searching orders for user ID: 2
2025-06-28 17:37:49 - Found 0 direct orders for user ID: 2
2025-06-28 17:37:49 - Found 0 cart orders for user ID: 2
2025-06-28 17:37:49 - ⚠️ No orders found for user ID: 2
2025-06-28 17:37:49 - Searching orders for user ID: 2
2025-06-28 17:37:49 - Found 0 direct orders for user ID: 2
2025-06-28 17:37:49 - Found 0 cart orders for user ID: 2
2025-06-28 17:37:49 - ⚠️ No orders found for user ID: 2
2025-06-28 17:41:04 - Resolving eureka endpoints via configuration
2025-06-28 17:46:04 - Resolving eureka endpoints via configuration
2025-06-28 17:51:04 - Resolving eureka endpoints via configuration
2025-06-28 17:56:04 - Resolving eureka endpoints via configuration
2025-06-28 17:59:44 - Placing cart order with Cash on Delivery for user ID: 2
2025-06-28 17:59:45 - Generated unique order ID: 0460330626
2025-06-28 17:59:45 - Cart order successfully placed: 0460330626
2025-06-28 17:59:45 - Searching for order with ID: 0460330626
2025-06-28 17:59:45 - Cart order found with ID: 0460330626
2025-06-28 17:59:45 - Fetched totalPrice from cartOrder: ₹9289.0
2025-06-28 17:59:45 - Final OrderDTO (cart) → orderAmount: ₹9289.0
2025-06-28 17:59:45 - Searching for order with ID: 0460330626
2025-06-28 17:59:45 - Cart order found with ID: 0460330626
2025-06-28 17:59:45 - Fetched totalPrice from cartOrder: ₹9289.0
2025-06-28 17:59:45 - Final OrderDTO (cart) → orderAmount: ₹9289.0
2025-06-28 18:01:04 - Resolving eureka endpoints via configuration
2025-06-28 18:05:13 - Searching orders for user ID: 1
2025-06-28 18:05:13 - Found 0 direct orders for user ID: 1
2025-06-28 18:05:13 - Found 0 cart orders for user ID: 1
2025-06-28 18:05:13 - ⚠️ No orders found for user ID: 1
2025-06-28 18:05:13 - Searching orders for user ID: 1
2025-06-28 18:05:13 - Searching orders for user ID: 2
2025-06-28 18:05:13 - Found 0 direct orders for user ID: 1
2025-06-28 18:05:13 - Found 0 cart orders for user ID: 1
2025-06-28 18:05:13 - ⚠️ No orders found for user ID: 1
2025-06-28 18:05:13 - Found 0 direct orders for user ID: 2
2025-06-28 18:05:13 - Found 1 cart orders for user ID: 2
2025-06-28 18:05:13 - Searching orders for user ID: 2
2025-06-28 18:05:13 - Found 0 direct orders for user ID: 2
2025-06-28 18:05:13 - Found 1 cart orders for user ID: 2
2025-06-28 18:05:21 - Marking order as delivered for ID: 0460330626
2025-06-28 18:05:21 - Cart order marked as delivered: 0460330626
2025-06-28 18:05:25 - Searching orders for user ID: 1
2025-06-28 18:05:25 - Found 0 direct orders for user ID: 1
2025-06-28 18:05:25 - Found 0 cart orders for user ID: 1
2025-06-28 18:05:25 - ⚠️ No orders found for user ID: 1
2025-06-28 18:05:25 - Searching orders for user ID: 2
2025-06-28 18:05:25 - Searching orders for user ID: 1
2025-06-28 18:05:25 - Found 0 direct orders for user ID: 1
2025-06-28 18:05:25 - Found 0 direct orders for user ID: 2
2025-06-28 18:05:25 - Found 0 cart orders for user ID: 1
2025-06-28 18:05:25 - Found 1 cart orders for user ID: 2
2025-06-28 18:05:25 - ⚠️ No orders found for user ID: 1
2025-06-28 18:05:25 - Searching orders for user ID: 2
2025-06-28 18:05:25 - Found 0 direct orders for user ID: 2
2025-06-28 18:05:25 - Found 1 cart orders for user ID: 2
2025-06-28 18:06:04 - Resolving eureka endpoints via configuration
2025-06-28 18:08:35 - Placing cart order with Cash on Delivery for user ID: 2
2025-06-28 18:08:58 - Placing cart order with Cash on Delivery for user ID: 2
2025-06-28 18:08:58 - Generated unique order ID: 0703859567
2025-06-28 18:08:58 - Cart order successfully placed: 0703859567
2025-06-28 18:08:58 - Searching for order with ID: 0703859567
2025-06-28 18:08:58 - Cart order found with ID: 0703859567
2025-06-28 18:08:58 - Fetched totalPrice from cartOrder: ₹7499.99
2025-06-28 18:08:58 - Final OrderDTO (cart) → orderAmount: ₹7499.99
2025-06-28 18:08:58 - Searching for order with ID: 0703859567
2025-06-28 18:08:58 - Cart order found with ID: 0703859567
2025-06-28 18:08:58 - Fetched totalPrice from cartOrder: ₹7499.99
2025-06-28 18:08:58 - Final OrderDTO (cart) → orderAmount: ₹7499.99
2025-06-28 18:09:24 - Placing cart order with Cash on Delivery for user ID: 2
2025-06-28 18:09:24 - Generated unique order ID: 0120456429
2025-06-28 18:09:24 - Cart order successfully placed: 0120456429
2025-06-28 18:09:24 - Searching for order with ID: 0120456429
2025-06-28 18:09:24 - Cart order found with ID: 0120456429
2025-06-28 18:09:24 - Fetched totalPrice from cartOrder: ₹13749.75
2025-06-28 18:09:24 - Final OrderDTO (cart) → orderAmount: ₹13749.75
2025-06-28 18:09:24 - Searching for order with ID: 0120456429
2025-06-28 18:09:24 - Cart order found with ID: 0120456429
2025-06-28 18:09:24 - Fetched totalPrice from cartOrder: ₹13749.75
2025-06-28 18:09:24 - Final OrderDTO (cart) → orderAmount: ₹13749.75
2025-06-28 18:09:54 - Searching orders for user ID: 2
2025-06-28 18:09:54 - Found 0 direct orders for user ID: 2
2025-06-28 18:09:54 - Found 3 cart orders for user ID: 2
2025-06-28 18:09:54 - Searching orders for user ID: 2
2025-06-28 18:09:54 - Found 0 direct orders for user ID: 2
2025-06-28 18:09:54 - Found 3 cart orders for user ID: 2
2025-06-28 18:10:02 - Searching orders for user ID: 2
2025-06-28 18:10:02 - Found 0 direct orders for user ID: 2
2025-06-28 18:10:02 - Found 3 cart orders for user ID: 2
2025-06-28 18:10:02 - Searching orders for user ID: 2
2025-06-28 18:10:02 - Found 0 direct orders for user ID: 2
2025-06-28 18:10:02 - Found 3 cart orders for user ID: 2
2025-06-28 18:10:16 - Searching orders for user ID: 2
2025-06-28 18:10:16 - Found 0 direct orders for user ID: 2
2025-06-28 18:10:16 - Found 3 cart orders for user ID: 2
2025-06-28 18:10:16 - Searching orders for user ID: 2
2025-06-28 18:10:16 - Found 0 direct orders for user ID: 2
2025-06-28 18:10:16 - Found 3 cart orders for user ID: 2
2025-06-28 18:10:29 - Searching orders for user ID: 1
2025-06-28 18:10:29 - Found 0 direct orders for user ID: 1
2025-06-28 18:10:29 - Found 0 cart orders for user ID: 1
2025-06-28 18:10:29 - ⚠️ No orders found for user ID: 1
2025-06-28 18:10:29 - Searching orders for user ID: 1
2025-06-28 18:10:29 - Found 0 direct orders for user ID: 1
2025-06-28 18:10:29 - Found 0 cart orders for user ID: 1
2025-06-28 18:10:29 - ⚠️ No orders found for user ID: 1
2025-06-28 18:10:29 - Searching orders for user ID: 2
2025-06-28 18:10:29 - Found 0 direct orders for user ID: 2
2025-06-28 18:10:29 - Found 3 cart orders for user ID: 2
2025-06-28 18:10:29 - Searching orders for user ID: 2
2025-06-28 18:10:29 - Found 0 direct orders for user ID: 2
2025-06-28 18:10:29 - Found 3 cart orders for user ID: 2
2025-06-28 18:10:36 - Marking order as delivered for ID: 0120456429
2025-06-28 18:10:36 - Cart order marked as delivered: 0120456429
2025-06-28 18:10:36 - Marking order as delivered for ID: 0703859567
2025-06-28 18:10:36 - Cart order marked as delivered: 0703859567
2025-06-28 18:10:39 - Searching orders for user ID: 1
2025-06-28 18:10:39 - Found 0 direct orders for user ID: 1
2025-06-28 18:10:39 - Found 0 cart orders for user ID: 1
2025-06-28 18:10:39 - ⚠️ No orders found for user ID: 1
2025-06-28 18:10:39 - Searching orders for user ID: 1
2025-06-28 18:10:39 - Searching orders for user ID: 2
2025-06-28 18:10:39 - Found 0 direct orders for user ID: 1
2025-06-28 18:10:39 - Found 0 cart orders for user ID: 1
2025-06-28 18:10:39 - Found 0 direct orders for user ID: 2
2025-06-28 18:10:39 - ⚠️ No orders found for user ID: 1
2025-06-28 18:10:39 - Found 3 cart orders for user ID: 2
2025-06-28 18:10:39 - Searching orders for user ID: 2
2025-06-28 18:10:39 - Found 0 direct orders for user ID: 2
2025-06-28 18:10:39 - Found 3 cart orders for user ID: 2
2025-06-28 18:10:57 - Searching orders for user ID: 2
2025-06-28 18:10:57 - Found 0 direct orders for user ID: 2
2025-06-28 18:10:57 - Found 3 cart orders for user ID: 2
2025-06-28 18:10:57 - Searching orders for user ID: 2
2025-06-28 18:10:57 - Found 0 direct orders for user ID: 2
2025-06-28 18:10:57 - Found 3 cart orders for user ID: 2
2025-06-28 18:11:04 - Resolving eureka endpoints via configuration
2025-06-28 18:11:10 - Searching orders for user ID: 2
2025-06-28 18:11:10 - Found 0 direct orders for user ID: 2
2025-06-28 18:11:10 - Found 3 cart orders for user ID: 2
2025-06-28 18:11:10 - Searching orders for user ID: 2
2025-06-28 18:11:10 - Found 0 direct orders for user ID: 2
2025-06-28 18:11:10 - Found 3 cart orders for user ID: 2
2025-06-28 18:13:35 - Searching orders for user ID: 2
2025-06-28 18:13:35 - Found 0 direct orders for user ID: 2
2025-06-28 18:13:35 - Found 3 cart orders for user ID: 2
2025-06-28 18:13:35 - Searching orders for user ID: 2
2025-06-28 18:13:35 - Found 0 direct orders for user ID: 2
2025-06-28 18:13:35 - Found 3 cart orders for user ID: 2
2025-06-28 18:14:09 - Searching orders for user ID: 2
2025-06-28 18:14:09 - Found 0 direct orders for user ID: 2
2025-06-28 18:14:09 - Found 3 cart orders for user ID: 2
2025-06-28 18:14:09 - Searching orders for user ID: 2
2025-06-28 18:14:09 - Found 0 direct orders for user ID: 2
2025-06-28 18:14:09 - Found 3 cart orders for user ID: 2
2025-06-28 18:14:31 - Searching orders for user ID: 2
2025-06-28 18:14:31 - Found 0 direct orders for user ID: 2
2025-06-28 18:14:31 - Found 3 cart orders for user ID: 2
2025-06-28 18:14:31 - Searching orders for user ID: 2
2025-06-28 18:14:31 - Found 0 direct orders for user ID: 2
2025-06-28 18:14:31 - Found 3 cart orders for user ID: 2
2025-06-28 18:15:59 - Initiating replacement for order ID: 0120456429
2025-06-28 18:15:59 - Cart order successfully replaced: 0120456429
2025-06-28 18:15:59 - Searching orders for user ID: 2
2025-06-28 18:15:59 - Found 0 direct orders for user ID: 2
2025-06-28 18:15:59 - Found 3 cart orders for user ID: 2
2025-06-28 18:16:04 - Resolving eureka endpoints via configuration
2025-06-28 18:16:07 - Initiating return process for order ID: 0120456429
2025-06-28 18:16:07 - Cart order returned: 0120456429
2025-06-28 18:16:07 - Searching orders for user ID: 2
2025-06-28 18:16:07 - Found 0 direct orders for user ID: 2
2025-06-28 18:16:07 - Found 3 cart orders for user ID: 2
2025-06-28 18:16:21 - Searching orders for user ID: 2
2025-06-28 18:16:21 - Found 0 direct orders for user ID: 2
2025-06-28 18:16:21 - Found 3 cart orders for user ID: 2
2025-06-28 18:16:21 - Searching orders for user ID: 2
2025-06-28 18:16:21 - Found 0 direct orders for user ID: 2
2025-06-28 18:16:21 - Found 3 cart orders for user ID: 2
2025-06-28 18:17:20 - Searching orders for user ID: 1
2025-06-28 18:17:20 - Found 0 direct orders for user ID: 1
2025-06-28 18:17:20 - Found 0 cart orders for user ID: 1
2025-06-28 18:17:20 - ⚠️ No orders found for user ID: 1
2025-06-28 18:17:20 - Searching orders for user ID: 1
2025-06-28 18:17:20 - Searching orders for user ID: 2
2025-06-28 18:17:20 - Found 0 direct orders for user ID: 2
2025-06-28 18:17:20 - Found 0 direct orders for user ID: 1
2025-06-28 18:17:20 - Found 0 cart orders for user ID: 1
2025-06-28 18:17:20 - ⚠️ No orders found for user ID: 1
2025-06-28 18:17:20 - Found 3 cart orders for user ID: 2
2025-06-28 18:17:20 - Searching orders for user ID: 2
2025-06-28 18:17:20 - Found 0 direct orders for user ID: 2
2025-06-28 18:17:20 - Found 3 cart orders for user ID: 2
2025-06-28 18:17:28 - Searching orders for user ID: 1
2025-06-28 18:17:28 - Found 0 direct orders for user ID: 1
2025-06-28 18:17:28 - Found 0 cart orders for user ID: 1
2025-06-28 18:17:28 - ⚠️ No orders found for user ID: 1
2025-06-28 18:17:28 - Searching orders for user ID: 1
2025-06-28 18:17:28 - Searching orders for user ID: 2
2025-06-28 18:17:28 - Found 0 direct orders for user ID: 2
2025-06-28 18:17:28 - Found 0 direct orders for user ID: 1
2025-06-28 18:17:28 - Found 0 cart orders for user ID: 1
2025-06-28 18:17:28 - Found 3 cart orders for user ID: 2
2025-06-28 18:17:28 - ⚠️ No orders found for user ID: 1
2025-06-28 18:17:28 - Searching orders for user ID: 2
2025-06-28 18:17:29 - Found 0 direct orders for user ID: 2
2025-06-28 18:17:29 - Found 3 cart orders for user ID: 2
2025-06-28 18:18:07 - Searching orders for user ID: 2
2025-06-28 18:18:07 - Found 0 direct orders for user ID: 2
2025-06-28 18:18:07 - Found 3 cart orders for user ID: 2
2025-06-28 18:18:07 - Searching orders for user ID: 2
2025-06-28 18:18:07 - Found 0 direct orders for user ID: 2
2025-06-28 18:18:07 - Found 3 cart orders for user ID: 2
2025-06-28 18:18:15 - Searching orders for user ID: 2
2025-06-28 18:18:15 - Found 0 direct orders for user ID: 2
2025-06-28 18:18:15 - Found 3 cart orders for user ID: 2
2025-06-28 18:18:15 - Searching orders for user ID: 2
2025-06-28 18:18:15 - Found 0 direct orders for user ID: 2
2025-06-28 18:18:15 - Found 3 cart orders for user ID: 2
2025-06-28 18:18:51 - Placing cart order with Cash on Delivery for user ID: 2
2025-06-28 18:20:10 - Searching orders for user ID: 2
2025-06-28 18:20:10 - Found 0 direct orders for user ID: 2
2025-06-28 18:20:10 - Found 3 cart orders for user ID: 2
2025-06-28 18:20:10 - Searching orders for user ID: 2
2025-06-28 18:20:10 - Found 0 direct orders for user ID: 2
2025-06-28 18:20:10 - Found 3 cart orders for user ID: 2
2025-06-28 18:20:17 - Searching orders for user ID: 2
2025-06-28 18:20:17 - Found 0 direct orders for user ID: 2
2025-06-28 18:20:17 - Found 3 cart orders for user ID: 2
2025-06-28 18:20:17 - Searching orders for user ID: 2
2025-06-28 18:20:17 - Found 0 direct orders for user ID: 2
2025-06-28 18:20:17 - Found 3 cart orders for user ID: 2
2025-06-28 18:21:04 - Resolving eureka endpoints via configuration
2025-06-28 18:21:05 - Searching orders for user ID: 2
2025-06-28 18:21:05 - Found 0 direct orders for user ID: 2
2025-06-28 18:21:05 - Found 3 cart orders for user ID: 2
2025-06-28 18:21:05 - Searching orders for user ID: 2
2025-06-28 18:21:05 - Found 0 direct orders for user ID: 2
2025-06-28 18:21:05 - Found 3 cart orders for user ID: 2
2025-06-28 18:25:42 - Searching orders for user ID: 2
2025-06-28 18:25:42 - Found 0 direct orders for user ID: 2
2025-06-28 18:25:42 - Found 3 cart orders for user ID: 2
2025-06-28 18:25:42 - Searching orders for user ID: 2
2025-06-28 18:25:42 - Found 0 direct orders for user ID: 2
2025-06-28 18:25:42 - Found 3 cart orders for user ID: 2
2025-06-28 18:25:44 - Searching orders for user ID: 2
2025-06-28 18:25:44 - Found 0 direct orders for user ID: 2
2025-06-28 18:25:44 - Found 3 cart orders for user ID: 2
2025-06-28 18:25:44 - Searching orders for user ID: 2
2025-06-28 18:25:44 - Found 0 direct orders for user ID: 2
2025-06-28 18:25:44 - Found 3 cart orders for user ID: 2
2025-06-28 18:26:04 - Resolving eureka endpoints via configuration
2025-06-28 18:26:33 - Searching orders for user ID: 2
2025-06-28 18:26:33 - Found 0 direct orders for user ID: 2
2025-06-28 18:26:33 - Found 3 cart orders for user ID: 2
2025-06-28 18:26:33 - Searching orders for user ID: 2
2025-06-28 18:26:33 - Found 0 direct orders for user ID: 2
2025-06-28 18:26:33 - Found 3 cart orders for user ID: 2
2025-06-28 18:26:34 - Searching orders for user ID: 2
2025-06-28 18:26:34 - Found 0 direct orders for user ID: 2
2025-06-28 18:26:34 - Found 3 cart orders for user ID: 2
2025-06-28 18:26:34 - Searching orders for user ID: 2
2025-06-28 18:26:34 - Found 0 direct orders for user ID: 2
2025-06-28 18:26:34 - Found 3 cart orders for user ID: 2
2025-06-28 18:27:10 - Searching orders for user ID: 2
2025-06-28 18:27:10 - Found 0 direct orders for user ID: 2
2025-06-28 18:27:10 - Found 3 cart orders for user ID: 2
2025-06-28 18:27:10 - Searching orders for user ID: 2
2025-06-28 18:27:10 - Found 0 direct orders for user ID: 2
2025-06-28 18:27:10 - Found 3 cart orders for user ID: 2
2025-06-28 18:28:13 - Searching orders for user ID: 2
2025-06-28 18:28:13 - Found 0 direct orders for user ID: 2
2025-06-28 18:28:13 - Found 3 cart orders for user ID: 2
2025-06-28 18:28:13 - Searching orders for user ID: 2
2025-06-28 18:28:13 - Found 0 direct orders for user ID: 2
2025-06-28 18:28:13 - Found 3 cart orders for user ID: 2
2025-06-28 18:28:16 - Searching orders for user ID: 2
2025-06-28 18:28:16 - Found 0 direct orders for user ID: 2
2025-06-28 18:28:16 - Found 3 cart orders for user ID: 2
2025-06-28 18:28:16 - Searching orders for user ID: 2
2025-06-28 18:28:16 - Found 0 direct orders for user ID: 2
2025-06-28 18:28:16 - Found 3 cart orders for user ID: 2
2025-06-28 18:30:53 - Searching orders for user ID: 2
2025-06-28 18:30:53 - Found 0 direct orders for user ID: 2
2025-06-28 18:30:53 - Found 3 cart orders for user ID: 2
2025-06-28 18:30:53 - Searching orders for user ID: 2
2025-06-28 18:30:53 - Found 0 direct orders for user ID: 2
2025-06-28 18:30:53 - Found 3 cart orders for user ID: 2
2025-06-28 18:31:04 - Resolving eureka endpoints via configuration
2025-06-28 18:32:13 - Searching orders for user ID: 2
2025-06-28 18:32:13 - Found 0 direct orders for user ID: 2
2025-06-28 18:32:13 - Found 3 cart orders for user ID: 2
2025-06-28 18:32:13 - Searching orders for user ID: 2
2025-06-28 18:32:13 - Found 0 direct orders for user ID: 2
2025-06-28 18:32:13 - Found 3 cart orders for user ID: 2
2025-06-28 18:32:21 - Searching orders for user ID: 2
2025-06-28 18:32:21 - Found 0 direct orders for user ID: 2
2025-06-28 18:32:21 - Found 3 cart orders for user ID: 2
2025-06-28 18:32:21 - Searching orders for user ID: 2
2025-06-28 18:32:21 - Found 0 direct orders for user ID: 2
2025-06-28 18:32:21 - Found 3 cart orders for user ID: 2
2025-06-28 18:36:04 - Resolving eureka endpoints via configuration
2025-06-28 18:36:47 - Searching orders for user ID: 2
2025-06-28 18:36:47 - Found 0 direct orders for user ID: 2
2025-06-28 18:36:47 - Found 3 cart orders for user ID: 2
2025-06-28 18:36:47 - Searching orders for user ID: 2
2025-06-28 18:36:47 - Found 0 direct orders for user ID: 2
2025-06-28 18:36:47 - Found 3 cart orders for user ID: 2
2025-06-28 18:41:04 - Resolving eureka endpoints via configuration
2025-06-28 18:44:28 - Searching orders for user ID: 1
2025-06-28 18:44:28 - Found 0 direct orders for user ID: 1
2025-06-28 18:44:28 - Found 0 cart orders for user ID: 1
2025-06-28 18:44:28 - ⚠️ No orders found for user ID: 1
2025-06-28 18:44:28 - Searching orders for user ID: 2
2025-06-28 18:44:28 - Found 0 direct orders for user ID: 2
2025-06-28 18:44:28 - Found 3 cart orders for user ID: 2
2025-06-28 18:44:28 - Searching orders for user ID: 1
2025-06-28 18:44:28 - Found 0 direct orders for user ID: 1
2025-06-28 18:44:28 - Found 0 cart orders for user ID: 1
2025-06-28 18:44:28 - ⚠️ No orders found for user ID: 1
2025-06-28 18:44:28 - Searching orders for user ID: 2
2025-06-28 18:44:28 - Found 0 direct orders for user ID: 2
2025-06-28 18:44:28 - Searching orders for user ID: 3
2025-06-28 18:44:28 - Found 3 cart orders for user ID: 2
2025-06-28 18:44:28 - Found 0 direct orders for user ID: 3
2025-06-28 18:44:28 - Found 0 cart orders for user ID: 3
2025-06-28 18:44:28 - ⚠️ No orders found for user ID: 3
2025-06-28 18:44:28 - Searching orders for user ID: 4
2025-06-28 18:44:28 - Found 0 direct orders for user ID: 4
2025-06-28 18:44:28 - Found 0 cart orders for user ID: 4
2025-06-28 18:44:28 - ⚠️ No orders found for user ID: 4
2025-06-28 18:44:28 - Searching orders for user ID: 3
2025-06-28 18:44:28 - Found 0 direct orders for user ID: 3
2025-06-28 18:44:28 - Found 0 cart orders for user ID: 3
2025-06-28 18:44:28 - ⚠️ No orders found for user ID: 3
2025-06-28 18:44:28 - Searching orders for user ID: 4
2025-06-28 18:44:28 - Found 0 direct orders for user ID: 4
2025-06-28 18:44:28 - Found 0 cart orders for user ID: 4
2025-06-28 18:44:28 - ⚠️ No orders found for user ID: 4
2025-06-28 18:44:49 - Searching for order with ID: 0120456429
2025-06-28 18:44:49 - Cart order found with ID: 0120456429
2025-06-28 18:44:49 - Fetched totalPrice from cartOrder: ₹13749.75
2025-06-28 18:44:49 - Final OrderDTO (cart) → orderAmount: ₹13749.75
2025-06-28 18:44:49 - Searching for order with ID: 0120456429
2025-06-28 18:44:49 - Cart order found with ID: 0120456429
2025-06-28 18:44:49 - Fetched totalPrice from cartOrder: ₹13749.75
2025-06-28 18:44:49 - Final OrderDTO (cart) → orderAmount: ₹13749.75
2025-06-28 18:44:58 - Searching for order with ID: 0120456429
2025-06-28 18:44:58 - Cart order found with ID: 0120456429
2025-06-28 18:44:58 - Fetched totalPrice from cartOrder: ₹13749.75
2025-06-28 18:44:58 - Final OrderDTO (cart) → orderAmount: ₹13749.75
2025-06-28 18:44:58 - Searching for order with ID: 0120456429
2025-06-28 18:44:58 - Cart order found with ID: 0120456429
2025-06-28 18:44:58 - Fetched totalPrice from cartOrder: ₹13749.75
2025-06-28 18:44:58 - Final OrderDTO (cart) → orderAmount: ₹13749.75
2025-06-28 18:45:07 - Searching for order with ID: 0120456429
2025-06-28 18:45:07 - Cart order found with ID: 0120456429
2025-06-28 18:45:07 - Fetched totalPrice from cartOrder: ₹13749.75
2025-06-28 18:45:07 - Final OrderDTO (cart) → orderAmount: ₹13749.75
2025-06-28 18:45:07 - Searching for order with ID: 0120456429
2025-06-28 18:45:07 - Cart order found with ID: 0120456429
2025-06-28 18:45:07 - Fetched totalPrice from cartOrder: ₹13749.75
2025-06-28 18:45:07 - Final OrderDTO (cart) → orderAmount: ₹13749.75
2025-06-28 18:45:13 - Searching for order with ID: 0703859567
2025-06-28 18:45:13 - Cart order found with ID: 0703859567
2025-06-28 18:45:13 - Fetched totalPrice from cartOrder: ₹7499.99
2025-06-28 18:45:13 - Final OrderDTO (cart) → orderAmount: ₹7499.99
2025-06-28 18:45:13 - Searching for order with ID: 0703859567
2025-06-28 18:45:13 - Cart order found with ID: 0703859567
2025-06-28 18:45:13 - Fetched totalPrice from cartOrder: ₹7499.99
2025-06-28 18:45:13 - Final OrderDTO (cart) → orderAmount: ₹7499.99
2025-06-28 18:45:19 - Searching for order with ID: 0460330626
2025-06-28 18:45:19 - Cart order found with ID: 0460330626
2025-06-28 18:45:19 - Fetched totalPrice from cartOrder: ₹9289.0
2025-06-28 18:45:19 - Final OrderDTO (cart) → orderAmount: ₹9289.0
2025-06-28 18:45:19 - Searching for order with ID: 0460330626
2025-06-28 18:45:19 - Cart order found with ID: 0460330626
2025-06-28 18:45:19 - Fetched totalPrice from cartOrder: ₹9289.0
2025-06-28 18:45:19 - Final OrderDTO (cart) → orderAmount: ₹9289.0
2025-06-28 18:45:33 - Searching orders for user ID: 1
2025-06-28 18:45:33 - Found 0 direct orders for user ID: 1
2025-06-28 18:45:33 - Found 0 cart orders for user ID: 1
2025-06-28 18:45:33 - ⚠️ No orders found for user ID: 1
2025-06-28 18:45:33 - Searching orders for user ID: 2
2025-06-28 18:45:33 - Searching orders for user ID: 1
2025-06-28 18:45:33 - Found 0 direct orders for user ID: 2
2025-06-28 18:45:33 - Found 0 direct orders for user ID: 1
2025-06-28 18:45:33 - Found 3 cart orders for user ID: 2
2025-06-28 18:45:33 - Found 0 cart orders for user ID: 1
2025-06-28 18:45:33 - ⚠️ No orders found for user ID: 1
2025-06-28 18:45:33 - Searching orders for user ID: 2
2025-06-28 18:45:33 - Found 0 direct orders for user ID: 2
2025-06-28 18:45:33 - Found 3 cart orders for user ID: 2
2025-06-28 18:45:33 - Searching orders for user ID: 3
2025-06-28 18:45:33 - Found 0 direct orders for user ID: 3
2025-06-28 18:45:33 - Found 0 cart orders for user ID: 3
2025-06-28 18:45:33 - ⚠️ No orders found for user ID: 3
2025-06-28 18:45:33 - Searching orders for user ID: 4
2025-06-28 18:45:33 - Found 0 direct orders for user ID: 4
2025-06-28 18:45:33 - Found 0 cart orders for user ID: 4
2025-06-28 18:45:33 - ⚠️ No orders found for user ID: 4
2025-06-28 18:45:33 - Searching orders for user ID: 3
2025-06-28 18:45:33 - Found 0 direct orders for user ID: 3
2025-06-28 18:45:33 - Found 0 cart orders for user ID: 3
2025-06-28 18:45:33 - ⚠️ No orders found for user ID: 3
2025-06-28 18:45:33 - Searching orders for user ID: 4
2025-06-28 18:45:33 - Found 0 direct orders for user ID: 4
2025-06-28 18:45:33 - Found 0 cart orders for user ID: 4
2025-06-28 18:45:33 - ⚠️ No orders found for user ID: 4
2025-06-28 18:46:04 - Resolving eureka endpoints via configuration
2025-06-28 18:51:05 - Resolving eureka endpoints via configuration
2025-06-28 18:56:05 - Resolving eureka endpoints via configuration
2025-06-28 19:01:05 - Resolving eureka endpoints via configuration
2025-06-28 19:06:05 - Resolving eureka endpoints via configuration
2025-06-28 19:06:25 - Placing cart order with Cash on Delivery for user ID: 2
2025-06-28 19:06:25 - Generated unique order ID: 0483054025
2025-06-28 19:06:26 - Cart order successfully placed: 0483054025
2025-06-28 19:06:26 - Searching for order with ID: 0483054025
2025-06-28 19:06:26 - Cart order found with ID: 0483054025
2025-06-28 19:06:26 - Fetched totalPrice from cartOrder: ₹12798.0
2025-06-28 19:06:26 - Final OrderDTO (cart) → orderAmount: ₹12798.0
2025-06-28 19:06:26 - Searching for order with ID: 0483054025
2025-06-28 19:06:26 - Cart order found with ID: 0483054025
2025-06-28 19:06:26 - Fetched totalPrice from cartOrder: ₹12798.0
2025-06-28 19:06:26 - Final OrderDTO (cart) → orderAmount: ₹12798.0
2025-06-28 19:06:54 - Placing cart order with Cash on Delivery for user ID: 2
2025-06-28 19:07:06 - Starting cart payment initiation for user ID: 2
2025-06-28 19:07:20 - Placing cart order with Cash on Delivery for user ID: 2
2025-06-28 19:07:33 - Placing cart order with Cash on Delivery for user ID: 2
2025-06-28 19:07:47 - Searching orders for user ID: 2
2025-06-28 19:07:47 - Found 0 direct orders for user ID: 2
2025-06-28 19:07:47 - Found 4 cart orders for user ID: 2
2025-06-28 19:07:47 - Searching orders for user ID: 2
2025-06-28 19:07:47 - Found 0 direct orders for user ID: 2
2025-06-28 19:07:47 - Found 4 cart orders for user ID: 2
2025-06-28 19:07:50 - Searching orders for user ID: 2
2025-06-28 19:07:50 - Found 0 direct orders for user ID: 2
2025-06-28 19:07:50 - Found 4 cart orders for user ID: 2
2025-06-28 19:07:50 - Searching orders for user ID: 2
2025-06-28 19:07:50 - Found 0 direct orders for user ID: 2
2025-06-28 19:07:50 - Found 4 cart orders for user ID: 2
2025-06-28 19:08:02 - Attempting to cancel order with ID: 0483054025
2025-06-28 19:08:02 - Cart order cancelled successfully: 0483054025
2025-06-28 19:08:25 - Searching orders for user ID: 2
2025-06-28 19:08:25 - Found 0 direct orders for user ID: 2
2025-06-28 19:08:25 - Found 4 cart orders for user ID: 2
2025-06-28 19:08:25 - Searching orders for user ID: 2
2025-06-28 19:08:25 - Found 0 direct orders for user ID: 2
2025-06-28 19:08:25 - Found 4 cart orders for user ID: 2
2025-06-28 19:08:31 - Searching orders for user ID: 2
2025-06-28 19:08:31 - Found 0 direct orders for user ID: 2
2025-06-28 19:08:31 - Found 4 cart orders for user ID: 2
2025-06-28 19:08:31 - Searching orders for user ID: 2
2025-06-28 19:08:31 - Found 0 direct orders for user ID: 2
2025-06-28 19:08:31 - Found 4 cart orders for user ID: 2
2025-06-28 19:08:33 - Searching orders for user ID: 2
2025-06-28 19:08:33 - Found 0 direct orders for user ID: 2
2025-06-28 19:08:33 - Found 4 cart orders for user ID: 2
2025-06-28 19:08:33 - Searching orders for user ID: 2
2025-06-28 19:08:33 - Found 0 direct orders for user ID: 2
2025-06-28 19:08:33 - Found 4 cart orders for user ID: 2
2025-06-28 19:08:42 - Searching orders for user ID: 2
2025-06-28 19:08:42 - Found 0 direct orders for user ID: 2
2025-06-28 19:08:42 - Found 4 cart orders for user ID: 2
2025-06-28 19:08:42 - Searching orders for user ID: 2
2025-06-28 19:08:42 - Found 0 direct orders for user ID: 2
2025-06-28 19:08:42 - Found 4 cart orders for user ID: 2
2025-06-28 19:08:58 - Searching orders for user ID: 2
2025-06-28 19:08:58 - Found 0 direct orders for user ID: 2
2025-06-28 19:08:58 - Found 4 cart orders for user ID: 2
2025-06-28 19:08:58 - Searching orders for user ID: 2
2025-06-28 19:08:58 - Found 0 direct orders for user ID: 2
2025-06-28 19:08:58 - Found 4 cart orders for user ID: 2
2025-06-28 19:09:09 - Searching orders for user ID: 2
2025-06-28 19:09:09 - Found 0 direct orders for user ID: 2
2025-06-28 19:09:09 - Found 4 cart orders for user ID: 2
2025-06-28 19:09:09 - Searching orders for user ID: 2
2025-06-28 19:09:09 - Found 0 direct orders for user ID: 2
2025-06-28 19:09:09 - Found 4 cart orders for user ID: 2
2025-06-28 19:09:13 - Searching orders for user ID: 2
2025-06-28 19:09:13 - Found 0 direct orders for user ID: 2
2025-06-28 19:09:13 - Found 4 cart orders for user ID: 2
2025-06-28 19:09:13 - Searching orders for user ID: 2
2025-06-28 19:09:13 - Found 0 direct orders for user ID: 2
2025-06-28 19:09:13 - Found 4 cart orders for user ID: 2
2025-06-28 19:09:29 - Placing cart order with Cash on Delivery for user ID: 2
2025-06-28 19:10:01 - Placing cart order with Cash on Delivery for user ID: 2
2025-06-28 19:10:01 - Generated unique order ID: 0315561675
2025-06-28 19:10:02 - Cart order successfully placed: 0315561675
2025-06-28 19:10:02 - Searching for order with ID: 0315561675
2025-06-28 19:10:02 - Cart order found with ID: 0315561675
2025-06-28 19:10:02 - Fetched totalPrice from cartOrder: ₹15840.75
2025-06-28 19:10:02 - Final OrderDTO (cart) → orderAmount: ₹15840.75
2025-06-28 19:10:02 - Searching for order with ID: 0315561675
2025-06-28 19:10:02 - Cart order found with ID: 0315561675
2025-06-28 19:10:02 - Fetched totalPrice from cartOrder: ₹15840.75
2025-06-28 19:10:02 - Final OrderDTO (cart) → orderAmount: ₹15840.75
2025-06-28 19:11:05 - Resolving eureka endpoints via configuration
2025-06-28 19:16:05 - Resolving eureka endpoints via configuration
2025-06-28 19:21:05 - Resolving eureka endpoints via configuration
