2025-06-25 -Starting CartModuleApplication using Java 21.0.6 with PID 12000 (C:\Users\2406757\OneDrive - Cognizant\Desktop\EcommerceFSE\CartModule\target\classes started by 2406757 in C:\Users\2406757\OneDrive - Cognizant\Desktop\EcommerceFSE\CartModule)
2025-06-25 -No active profile set, falling back to 1 default profile: "default"
2025-06-25 -Bootstrapping Spring Data JPA repositories in DEFAULT mode.
2025-06-25 -Finished Spring Data repository scanning in 115 ms. Found 2 JPA repository interfaces.
2025-06-25 -BeanFactory id=34cee40f-e652-361d-93d1-9c233b6098bf
2025-06-25 -Tomcat initialized with port 9926 (http)
2025-06-25 -Starting service [Tomcat]
2025-06-25 -Starting Servlet engine: [Apache Tomcat/10.1.41]
2025-06-25 -Initializing Spring embedded WebApplicationContext
2025-06-25 -Root WebApplicationContext: initialization completed in 1616 ms
2025-06-25 -HHH000204: Processing PersistenceUnitInfo [name: default]
2025-06-25 -HHH000412: Hibernate ORM core version 6.6.15.Final
2025-06-25 -HHH000026: Second-level cache disabled
2025-06-25 -No LoadTimeWeaver setup: ignoring JPA class transformer
2025-06-25 -HikariPool-1 - Starting...
2025-06-25 -HikariPool-1 - Added connection com.mysql.cj.jdbc.ConnectionImpl@7c5d36c3
2025-06-25 -HikariPool-1 - Start completed.
2025-06-25 -HHH10001005: Database info:
	Database JDBC URL [Connecting through datasource 'HikariDataSource (HikariPool-1)']
	Database driver: undefined/unknown
	Database version: 8.0.41
	Autocommit mode: undefined/unknown
	Isolation level: undefined/unknown
	Minimum pool size: undefined/unknown
	Maximum pool size: undefined/unknown
2025-06-25 -HHH000489: No JTA platform available (set 'hibernate.transaction.jta.platform' to enable JTA platform integration)
2025-06-25 -Initialized JPA EntityManagerFactory for persistence unit 'default'
2025-06-25 -spring.jpa.open-in-view is enabled by default. Therefore, database queries may be performed during view rendering. Explicitly configure spring.jpa.open-in-view to disable this warning
2025-06-25 -For 'user2' URL not provided. Will try picking an instance via load-balancing.
2025-06-25 -For 'Project' URL not provided. Will try picking an instance via load-balancing.
2025-06-25 -Eureka HTTP Client uses RestTemplate.
2025-06-25 -Spring Cloud LoadBalancer is currently working with the default cache. While this cache implementation is useful for development and tests, it's recommended to use Caffeine cache in production.You can switch to using Caffeine cache, by adding it and org.springframework.cache.caffeine.CaffeineCacheManager to the classpath.
2025-06-25 -Setting initial instance status as: STARTING
2025-06-25 -Initializing Eureka in region us-east-1
2025-06-25 -Resolving eureka endpoints via configuration
2025-06-25 -Disable delta property : false
2025-06-25 -Single vip registry refresh property : null
2025-06-25 -Force full registry fetch : false
2025-06-25 -Application is null : false
2025-06-25 -Registered Applications size is zero : true
2025-06-25 -Application version is -1: true
2025-06-25 -Getting all instance registry info from the eureka server
2025-06-25 -The response status is 200
2025-06-25 -Starting heartbeat executor: renew interval is: 30
2025-06-25 -InstanceInfoReplicator onDemand update allowed rate per min is 4
2025-06-25 -Discovery Client initialized at timestamp 1750821294575 with initial instances count: 2
2025-06-25 -Registering application CARTMODULE with eureka with status UP
2025-06-25 -Saw local status change event StatusChangeEvent [timestamp=1750821294581, current=UP, previous=STARTING]
2025-06-25 -DiscoveryClient_CARTMODULE/LTIN555640.cts.com:CartModule:9926: registering service...
2025-06-25 -Tomcat started on port 9926 (http) with context path '/'
2025-06-25 -Updating port to 9926
2025-06-25 -Started CartModuleApplication in 5.573 seconds (process running for 6.3)
2025-06-25 -DiscoveryClient_CARTMODULE/LTIN555640.cts.com:CartModule:9926 - registration status: 204
2025-06-25 -Initializing Spring DispatcherServlet 'dispatcherServlet'
2025-06-25 -Initializing Servlet 'dispatcherServlet'
2025-06-25 -Completed initialization in 3 ms
2025-06-25 -Init duration for springdoc-openapi is: 510 ms
2025-06-25 -Resolving eureka endpoints via configuration
2025-06-25 -Resolving eureka endpoints via configuration
2025-06-25 -Resolving eureka endpoints via configuration
2025-06-25 -Resolving eureka endpoints via configuration
2025-06-25 -Resolving eureka endpoints via configuration
2025-06-25 -Resolving eureka endpoints via configuration
2025-06-25 -Resolving eureka endpoints via configuration
2025-06-25 -Resolving eureka endpoints via configuration
2025-06-25 -Resolving eureka endpoints via configuration
2025-06-25 -Resolving eureka endpoints via configuration
2025-06-25 -Resolving eureka endpoints via configuration
2025-06-25 -Resolving eureka endpoints via configuration
2025-06-25 -Resolving eureka endpoints via configuration
2025-06-25 -Resolving eureka endpoints via configuration
2025-06-25 -Resolving eureka endpoints via configuration
2025-06-25 -Resolving eureka endpoints via configuration
2025-06-25 -Resolving eureka endpoints via configuration
2025-06-25 -Resolving eureka endpoints via configuration
2025-06-25 -Resolving eureka endpoints via configuration
2025-06-25 -Resolving eureka endpoints via configuration
2025-06-25 -Resolving eureka endpoints via configuration
2025-06-25 -Resolving eureka endpoints via configuration
2025-06-25 -Resolving eureka endpoints via configuration
2025-06-25 -Resolving eureka endpoints via configuration
2025-06-25 -Resolving eureka endpoints via configuration
2025-06-25 -Resolving eureka endpoints via configuration
2025-06-25 -Resolving eureka endpoints via configuration
2025-06-25 -Resolving eureka endpoints via configuration
2025-06-25 -Resolving eureka endpoints via configuration
2025-06-25 -Resolving eureka endpoints via configuration
2025-06-25 -Resolving eureka endpoints via configuration
2025-06-25 -Resolving eureka endpoints via configuration
2025-06-25 -Resolving eureka endpoints via configuration
2025-06-25 -Resolving eureka endpoints via configuration
2025-06-25 -Resolving eureka endpoints via configuration
2025-06-25 -Resolving eureka endpoints via configuration
2025-06-25 -Resolving eureka endpoints via configuration
2025-06-25 -Resolving eureka endpoints via configuration
2025-06-25 -Resolving eureka endpoints via configuration
2025-06-25 -Error parsing HTTP request header
 Note: further occurrences of HTTP request parsing errors will be logged at DEBUG level.
java.lang.IllegalArgumentException: Invalid character found in method name [0x160x030x030x010xf40x010x000x010xf00x030x030x060xa60xac0x860xf80x960x8f0xd60xee0xc00x0d0xf90xc9?0x1d0xf50x91*0xfdx0x1b]_0xbf ]. HTTP method names must be tokens
	at org.apache.coyote.http11.Http11InputBuffer.parseRequestLine(Http11InputBuffer.java:403)
	at org.apache.coyote.http11.Http11Processor.service(Http11Processor.java:271)
	at org.apache.coyote.AbstractProcessorLight.process(AbstractProcessorLight.java:63)
	at org.apache.coyote.AbstractProtocol$ConnectionHandler.process(AbstractProtocol.java:903)
	at org.apache.tomcat.util.net.NioEndpoint$SocketProcessor.doRun(NioEndpoint.java:1740)
	at org.apache.tomcat.util.net.SocketProcessorBase.run(SocketProcessorBase.java:52)
	at org.apache.tomcat.util.threads.ThreadPoolExecutor.runWorker(ThreadPoolExecutor.java:1189)
	at org.apache.tomcat.util.threads.ThreadPoolExecutor$Worker.run(ThreadPoolExecutor.java:658)
	at org.apache.tomcat.util.threads.TaskThread$WrappingRunnable.run(TaskThread.java:63)
	at java.base/java.lang.Thread.run(Thread.java:1583)
2025-06-25 -Error parsing HTTP request header
 Note: further occurrences of HTTP request parsing errors will be logged at DEBUG level.
java.lang.IllegalArgumentException: Invalid character found in method name [0x160x030x020x010xc00x010x000x010xbc0x030x020xd8k0xee0x860xd50x920x06!?0x80@0xc0zl0xad0x9f0x090x180x9cN0x0d~_0xd60x8a0xd8}80xbfP0xab00x000x01|0x000x000x000x010x000x020x000x030x000x040x000x050x000x060x000x070x000x080x000x090x000x0a0x000x0b0x000x0c0x000x0d0x000x0e0x000x0f0x000x100x000x110x000x120x000x130x000x140x000x150x000x160x000x170x000x180x000x190x000x1a0x000x1b0x00/0x0000x0010x0020x0030x0040x0050x0060x0070x0080x0090x00:0x00;0x00<0x00=0x00>0x00?0x00@0x00A0x00B0x00C0x00D0x00E0x00F0x00g0x00h0x00i0x00j0x00k0x00l0x00m0x000x840x000x850x000x860x000x870x000x880x000x890x000x960x000x970x000x980x000x990x000x9a0x000x9b0x000x9c0x000x9d0x000x9e0x000x9f0x000xa00x000xa10x000xa20x000xa30x000xa40x000xa50x000xa60x000xa70x000xba0x000xbb0x000xbc0x000xbd0x000xbe0x000xbf0x000xc00x000xc10x000xc20x000xc30x000xc40x000xc50x130x010x130x020x130x030x130x040x130x050xc00x010xc00x020xc00x030xc00x040xc00x050xc00x060xc00x070xc00x080xc00x090xc00x0a0xc00x0b0xc00x0c0xc00x0d0xc00x0e0xc00x0f0xc00x100xc00x110xc00x120xc00x130xc00x140xc00x150xc00x160xc00x170xc00x180xc00x190xc0#0xc0$0xc0%0xc0&0xc0'0xc0(0xc0)0xc0*0xc0+0xc0,0xc0-0xc0.0xc0/0xc000xc010xc020xc0r0xc0s0xc0t0xc0u0xc0v0xc0w0xc0x0xc0y0xc0z0xc0{0xc0|0xc0}0xc0~0xc00x7f0xc00x800xc00x810xc00x820xc00x830xc00x840xc00x850xc00x860xc00x870xc00x880xc00x890xc00x8a0xc00x8b0xc00x8c0xc00x8d0xc00x8e0xc00x8f0xc00x900xc00x910xc00x920xc00x930xc00x940xc00x950xc00x960xc00x970xc00x980xc00x990xc00x9a0xc00x9b0xcc0xa80xcc0xa90xcc0xaa0xcc0xab0xcc0xac0xcc0xad0xcc0xae0x020x000x010x000x160x000x0a0x000x0a0x000x080x000x170x000x190x000x180x000x160x000x0b0x000x040x030x000x010x02...]. HTTP method names must be tokens
	at org.apache.coyote.http11.Http11InputBuffer.parseRequestLine(Http11InputBuffer.java:403)
	at org.apache.coyote.http11.Http11Processor.service(Http11Processor.java:271)
	at org.apache.coyote.AbstractProcessorLight.process(AbstractProcessorLight.java:63)
	at org.apache.coyote.AbstractProtocol$ConnectionHandler.process(AbstractProtocol.java:903)
	at org.apache.tomcat.util.net.NioEndpoint$SocketProcessor.doRun(NioEndpoint.java:1740)
	at org.apache.tomcat.util.net.SocketProcessorBase.run(SocketProcessorBase.java:52)
	at org.apache.tomcat.util.threads.ThreadPoolExecutor.runWorker(ThreadPoolExecutor.java:1189)
	at org.apache.tomcat.util.threads.ThreadPoolExecutor$Worker.run(ThreadPoolExecutor.java:658)
	at org.apache.tomcat.util.threads.TaskThread$WrappingRunnable.run(TaskThread.java:63)
	at java.base/java.lang.Thread.run(Thread.java:1583)
2025-06-25 -Error parsing HTTP request header
 Note: further occurrences of HTTP request parsing errors will be logged at DEBUG level.
java.lang.IllegalArgumentException: Invalid character found in method name [0x160x030x010x010xc00x010x000x010xbc0x030x010xe1[:0x8a0x110x140xf00xcb0x160xd30xf20x040xe8c0xa90xdf0x8b[0x950xbc0x19L0xa6P0xdc0x11m0x180x0d0x110x8f0xb60x000x01|0x000x000x000x010x000x020x000x030x000x040x000x050x000x060x000x070x000x080x000x090x000x0a0x000x0b0x000x0c0x000x0d0x000x0e0x000x0f0x000x100x000x110x000x120x000x130x000x140x000x150x000x160x000x170x000x180x000x190x000x1a0x000x1b0x00/0x0000x0010x0020x0030x0040x0050x0060x0070x0080x0090x00:0x00;0x00<0x00=0x00>0x00?0x00@0x00A0x00B0x00C0x00D0x00E0x00F0x00g0x00h0x00i0x00j0x00k0x00l0x00m0x000x840x000x850x000x860x000x870x000x880x000x890x000x960x000x970x000x980x000x990x000x9a0x000x9b0x000x9c0x000x9d0x000x9e0x000x9f0x000xa00x000xa10x000xa20x000xa30x000xa40x000xa50x000xa60x000xa70x000xba0x000xbb0x000xbc0x000xbd0x000xbe0x000xbf0x000xc00x000xc10x000xc20x000xc30x000xc40x000xc50x130x010x130x020x130x030x130x040x130x050xc00x010xc00x020xc00x030xc00x040xc00x050xc00x060xc00x070xc00x080xc00x090xc00x0a0xc00x0b0xc00x0c0xc00x0d0xc00x0e0xc00x0f0xc00x100xc00x110xc00x120xc00x130xc00x140xc00x150xc00x160xc00x170xc00x180xc00x190xc0#0xc0$0xc0%0xc0&0xc0'0xc0(0xc0)0xc0*0xc0+0xc0,0xc0-0xc0.0xc0/0xc000xc010xc020xc0r0xc0s0xc0t0xc0u0xc0v0xc0w0xc0x0xc0y0xc0z0xc0{0xc0|0xc0}0xc0~0xc00x7f0xc00x800xc00x810xc00x820xc00x830xc00x840xc00x850xc00x860xc00x870xc00x880xc00x890xc00x8a0xc00x8b0xc00x8c0xc00x8d0xc00x8e0xc00x8f0xc00x900xc00x910xc00x920xc00x930xc00x940xc00x950xc00x960xc00x970xc00x980xc00x990xc00x9a0xc00x9b0xcc0xa80xcc0xa90xcc0xaa0xcc0xab0xcc0xac0xcc0xad0xcc0xae0x020x000x010x000x160x000x0a0x000x0a0x000x080x000x170x000x190x000x180x000x160x000x0b0x000x040x030x000x010x02...]. HTTP method names must be tokens
	at org.apache.coyote.http11.Http11InputBuffer.parseRequestLine(Http11InputBuffer.java:403)
	at org.apache.coyote.http11.Http11Processor.service(Http11Processor.java:271)
	at org.apache.coyote.AbstractProcessorLight.process(AbstractProcessorLight.java:63)
	at org.apache.coyote.AbstractProtocol$ConnectionHandler.process(AbstractProtocol.java:903)
	at org.apache.tomcat.util.net.NioEndpoint$SocketProcessor.doRun(NioEndpoint.java:1740)
	at org.apache.tomcat.util.net.SocketProcessorBase.run(SocketProcessorBase.java:52)
	at org.apache.tomcat.util.threads.ThreadPoolExecutor.runWorker(ThreadPoolExecutor.java:1189)
	at org.apache.tomcat.util.threads.ThreadPoolExecutor$Worker.run(ThreadPoolExecutor.java:658)
	at org.apache.tomcat.util.threads.TaskThread$WrappingRunnable.run(TaskThread.java:63)
	at java.base/java.lang.Thread.run(Thread.java:1583)
2025-06-25 -Validating user ID 4 via User microservice
2025-06-25 -Checking product ID 2 via Product microservice
2025-06-25 -Checking stock for product ID 2
2025-06-25 -Resolving eureka endpoints via configuration
2025-06-25 -Resolving eureka endpoints via configuration
2025-06-25 -Resolving eureka endpoints via configuration
2025-06-25 -Resolving eureka endpoints via configuration
2025-06-25 -Resolving eureka endpoints via configuration
2025-06-25 -Resolving eureka endpoints via configuration
2025-06-25 -Resolving eureka endpoints via configuration
2025-06-25 -Resolving eureka endpoints via configuration
2025-06-25 -Resolving eureka endpoints via configuration
2025-06-25 -Resolving eureka endpoints via configuration
2025-06-25 -Resolving eureka endpoints via configuration
2025-06-25 -HikariPool-1 - Thread starvation or clock leap detected (housekeeper delta=51m52s631ms227µs499ns).
2025-06-25 -Resolving eureka endpoints via configuration
2025-06-25 -Resolving eureka endpoints via configuration
2025-06-25 -Resolving eureka endpoints via configuration
2025-06-25 -Resolving eureka endpoints via configuration
2025-06-25 -Resolving eureka endpoints via configuration
2025-06-25 -Resolving eureka endpoints via configuration
2025-06-25 -Resolving eureka endpoints via configuration
2025-06-25 -Resolving eureka endpoints via configuration
2025-06-25 -Resolving eureka endpoints via configuration
2025-06-25 -Resolving eureka endpoints via configuration
2025-06-25 -Resolving eureka endpoints via configuration
2025-06-25 -Resolving eureka endpoints via configuration
2025-06-25 -Resolving eureka endpoints via configuration
2025-06-25 -Resolving eureka endpoints via configuration
2025-06-25 -Resolving eureka endpoints via configuration
2025-06-25 -Resolving eureka endpoints via configuration
2025-06-25 -Resolving eureka endpoints via configuration
2025-06-25 -Application shutdown requested.
2025-06-25 -Unregistering application CARTMODULE with eureka with status DOWN
2025-06-25 -Saw local status change event StatusChangeEvent [timestamp=1750844751133, current=DOWN, previous=UP]
2025-06-25 -DiscoveryClient_CARTMODULE/LTIN555640.cts.com:CartModule:9926: registering service...
2025-06-25 -Commencing graceful shutdown. Waiting for active requests to complete
2025-06-25 -Graceful shutdown complete
2025-06-25 -DiscoveryClient_CARTMODULE/LTIN555640.cts.com:CartModule:9926 - registration status: 204
2025-06-25 -Closing JPA EntityManagerFactory for persistence unit 'default'
2025-06-25 -HikariPool-1 - Shutdown initiated...
2025-06-25 -HikariPool-1 - Shutdown completed.
2025-06-25 -Shutting down DiscoveryClient ...
2025-06-25 -Unregistering ...
2025-06-25 -DiscoveryClient_CARTMODULE/LTIN555640.cts.com:CartModule:9926 - deregister  status: 200
2025-06-25 -Completed shut down of DiscoveryClient
2025-06-25 -Starting CartModuleApplication using Java 21.0.6 with PID 1320 (C:\Users\2406757\OneDrive - Cognizant\Desktop\Ecommerce\CartModule\target\classes started by 2406757 in C:\Users\2406757\OneDrive - Cognizant\Desktop\Ecommerce\CartModule)
2025-06-25 -No active profile set, falling back to 1 default profile: "default"
2025-06-25 -Bootstrapping Spring Data JPA repositories in DEFAULT mode.
2025-06-25 -Finished Spring Data repository scanning in 224 ms. Found 2 JPA repository interfaces.
2025-06-25 -BeanFactory id=34cee40f-e652-361d-93d1-9c233b6098bf
2025-06-25 -Tomcat initialized with port 9926 (http)
2025-06-25 -Starting service [Tomcat]
2025-06-25 -Starting Servlet engine: [Apache Tomcat/10.1.41]
2025-06-25 -Initializing Spring embedded WebApplicationContext
2025-06-25 -Root WebApplicationContext: initialization completed in 3649 ms
2025-06-25 -HHH000204: Processing PersistenceUnitInfo [name: default]
2025-06-25 -HHH000412: Hibernate ORM core version 6.6.15.Final
2025-06-25 -HHH000026: Second-level cache disabled
2025-06-25 -No LoadTimeWeaver setup: ignoring JPA class transformer
2025-06-25 -HikariPool-1 - Starting...
2025-06-25 -HikariPool-1 - Added connection com.mysql.cj.jdbc.ConnectionImpl@42ef5216
2025-06-25 -HikariPool-1 - Start completed.
2025-06-25 -HHH10001005: Database info:
	Database JDBC URL [Connecting through datasource 'HikariDataSource (HikariPool-1)']
	Database driver: undefined/unknown
	Database version: 8.0.41
	Autocommit mode: undefined/unknown
	Isolation level: undefined/unknown
	Minimum pool size: undefined/unknown
	Maximum pool size: undefined/unknown
2025-06-25 -HHH000489: No JTA platform available (set 'hibernate.transaction.jta.platform' to enable JTA platform integration)
2025-06-25 -Initialized JPA EntityManagerFactory for persistence unit 'default'
2025-06-25 -spring.jpa.open-in-view is enabled by default. Therefore, database queries may be performed during view rendering. Explicitly configure spring.jpa.open-in-view to disable this warning
2025-06-25 -For 'user2' URL not provided. Will try picking an instance via load-balancing.
2025-06-25 -For 'Project' URL not provided. Will try picking an instance via load-balancing.
2025-06-25 -Eureka HTTP Client uses RestTemplate.
2025-06-25 -Spring Cloud LoadBalancer is currently working with the default cache. While this cache implementation is useful for development and tests, it's recommended to use Caffeine cache in production.You can switch to using Caffeine cache, by adding it and org.springframework.cache.caffeine.CaffeineCacheManager to the classpath.
2025-06-25 -Setting initial instance status as: STARTING
2025-06-25 -Initializing Eureka in region us-east-1
2025-06-25 -Resolving eureka endpoints via configuration
2025-06-25 -Disable delta property : false
2025-06-25 -Single vip registry refresh property : null
2025-06-25 -Force full registry fetch : false
2025-06-25 -Application is null : false
2025-06-25 -Registered Applications size is zero : true
2025-06-25 -Application version is -1: true
2025-06-25 -Getting all instance registry info from the eureka server
2025-06-25 -The response status is 200
2025-06-25 -Starting heartbeat executor: renew interval is: 30
2025-06-25 -InstanceInfoReplicator onDemand update allowed rate per min is 4
2025-06-25 -Discovery Client initialized at timestamp 1750846576461 with initial instances count: 3
2025-06-25 -Registering application CARTMODULE with eureka with status UP
2025-06-25 -Saw local status change event StatusChangeEvent [timestamp=1750846576467, current=UP, previous=STARTING]
2025-06-25 -DiscoveryClient_CARTMODULE/LTIN555640.cts.com:CartModule:9926: registering service...
2025-06-25 -DiscoveryClient_CARTMODULE/LTIN555640.cts.com:CartModule:9926 - registration status: 204
2025-06-25 -Tomcat started on port 9926 (http) with context path '/'
2025-06-25 -Updating port to 9926
2025-06-25 -Started CartModuleApplication in 10.722 seconds (process running for 12.947)
2025-06-25 -Resolving eureka endpoints via configuration
2025-06-25 -Resolving eureka endpoints via configuration
2025-06-25 -Resolving eureka endpoints via configuration
2025-06-25 -Resolving eureka endpoints via configuration
2025-06-25 -Resolving eureka endpoints via configuration
2025-06-25 -Resolving eureka endpoints via configuration
2025-06-25 -Resolving eureka endpoints via configuration
2025-06-25 -Resolving eureka endpoints via configuration
2025-06-25 -Resolving eureka endpoints via configuration
2025-06-25 -Application shutdown requested.
2025-06-25 -Unregistering application CARTMODULE with eureka with status DOWN
2025-06-25 -Saw local status change event StatusChangeEvent [timestamp=1750849386481, current=DOWN, previous=UP]
2025-06-25 -DiscoveryClient_CARTMODULE/LTIN555640.cts.com:CartModule:9926: registering service...
2025-06-25 -Commencing graceful shutdown. Waiting for active requests to complete
2025-06-25 -Request execution error. endpoint=DefaultEndpoint{ serviceUrl='http://localhost:8761/eureka/} exception=I/O error on POST request for "http://localhost:8761/eureka/apps/CARTMODULE": localhost:8761 failed to respond stacktrace=org.springframework.web.client.ResourceAccessException: I/O error on POST request for "http://localhost:8761/eureka/apps/CARTMODULE": localhost:8761 failed to respond
	at org.springframework.web.client.RestTemplate.createResourceAccessException(RestTemplate.java:926)
	at org.springframework.web.client.RestTemplate.doExecute(RestTemplate.java:906)
	at org.springframework.web.client.RestTemplate.execute(RestTemplate.java:841)
	at org.springframework.web.client.RestTemplate.exchange(RestTemplate.java:702)
	at org.springframework.cloud.netflix.eureka.http.RestTemplateEurekaHttpClient.register(RestTemplateEurekaHttpClient.java:87)
	at com.netflix.discovery.shared.transport.decorator.EurekaHttpClientDecorator$1.execute(EurekaHttpClientDecorator.java:59)
	at com.netflix.discovery.shared.transport.decorator.RedirectingEurekaHttpClient.execute(RedirectingEurekaHttpClient.java:91)
	at com.netflix.discovery.shared.transport.decorator.EurekaHttpClientDecorator.register(EurekaHttpClientDecorator.java:56)
	at com.netflix.discovery.shared.transport.decorator.EurekaHttpClientDecorator$1.execute(EurekaHttpClientDecorator.java:59)
	at com.netflix.discovery.shared.transport.decorator.RetryableEurekaHttpClient.execute(RetryableEurekaHttpClient.java:120)
	at com.netflix.discovery.shared.transport.decorator.EurekaHttpClientDecorator.register(EurekaHttpClientDecorator.java:56)
	at com.netflix.discovery.shared.transport.decorator.EurekaHttpClientDecorator$1.execute(EurekaHttpClientDecorator.java:59)
	at com.netflix.discovery.shared.transport.decorator.SessionedEurekaHttpClient.execute(SessionedEurekaHttpClient.java:76)
	at com.netflix.discovery.shared.transport.decorator.EurekaHttpClientDecorator.register(EurekaHttpClientDecorator.java:56)
	at com.netflix.discovery.DiscoveryClient.register(DiscoveryClient.java:828)
	at com.netflix.discovery.InstanceInfoReplicator.run(InstanceInfoReplicator.java:125)
	at com.netflix.discovery.InstanceInfoReplicator$2.run(InstanceInfoReplicator.java:105)
	at java.base/java.util.concurrent.Executors$RunnableAdapter.call(Executors.java:572)
	at java.base/java.util.concurrent.FutureTask.run(FutureTask.java:317)
	at java.base/java.util.concurrent.ScheduledThreadPoolExecutor$ScheduledFutureTask.run(ScheduledThreadPoolExecutor.java:304)
	at java.base/java.util.concurrent.ThreadPoolExecutor.runWorker(ThreadPoolExecutor.java:1144)
	at java.base/java.util.concurrent.ThreadPoolExecutor$Worker.run(ThreadPoolExecutor.java:642)
	at java.base/java.lang.Thread.run(Thread.java:1583)
Caused by: org.apache.hc.core5.http.NoHttpResponseException: localhost:8761 failed to respond
	at org.apache.hc.core5.http.impl.io.DefaultBHttpClientConnection.receiveResponseHeader(DefaultBHttpClientConnection.java:333)
	at org.apache.hc.core5.http.impl.io.HttpRequestExecutor.execute(HttpRequestExecutor.java:196)
	at org.apache.hc.client5.http.impl.classic.InternalExecRuntime.lambda$execute$0(InternalExecRuntime.java:236)
	at org.apache.hc.client5.http.impl.io.PoolingHttpClientConnectionManager$InternalConnectionEndpoint.execute(PoolingHttpClientConnectionManager.java:791)
	at org.apache.hc.client5.http.impl.classic.InternalExecRuntime.execute(InternalExecRuntime.java:233)
	at org.apache.hc.client5.http.impl.classic.MainClientExec.execute(MainClientExec.java:120)
	at org.apache.hc.client5.http.impl.classic.ExecChainElement.execute(ExecChainElement.java:51)
	at org.apache.hc.client5.http.impl.classic.ConnectExec.execute(ConnectExec.java:198)
	at org.apache.hc.client5.http.impl.classic.ExecChainElement.execute(ExecChainElement.java:51)
	at org.apache.hc.client5.http.impl.classic.ProtocolExec.execute(ProtocolExec.java:192)
	at org.apache.hc.client5.http.impl.classic.ExecChainElement.execute(ExecChainElement.java:51)
	at org.apache.hc.client5.http.impl.classic.ContentCompressionExec.execute(ContentCompressionExec.java:150)
	at org.apache.hc.client5.http.impl.classic.ExecChainElement.execute(ExecChainElement.java:51)
	at org.apache.hc.client5.http.impl.classic.HttpRequestRetryExec.execute(HttpRequestRetryExec.java:113)
	at org.apache.hc.client5.http.impl.classic.ExecChainElement.execute(ExecChainElement.java:51)
	at org.apache.hc.client5.http.impl.classic.RedirectExec.execute(RedirectExec.java:110)
	at org.apache.hc.client5.http.impl.classic.ExecChainElement.execute(ExecChainElement.java:51)
	at org.apache.hc.client5.http.impl.classic.InternalHttpClient.doExecute(InternalHttpClient.java:183)
	at org.apache.hc.client5.http.impl.classic.CloseableHttpClient.execute(CloseableHttpClient.java:87)
	at org.apache.hc.client5.http.impl.classic.CloseableHttpClient.execute(CloseableHttpClient.java:55)
	at org.apache.hc.client5.http.classic.HttpClient.executeOpen(HttpClient.java:183)
	at org.springframework.http.client.HttpComponentsClientHttpRequest.executeInternal(HttpComponentsClientHttpRequest.java:99)
	at org.springframework.http.client.AbstractStreamingClientHttpRequest.executeInternal(AbstractStreamingClientHttpRequest.java:71)
	at org.springframework.http.client.AbstractClientHttpRequest.execute(AbstractClientHttpRequest.java:81)
	at org.springframework.http.client.InterceptingClientHttpRequest$InterceptingRequestExecution.execute(InterceptingClientHttpRequest.java:117)
	at org.springframework.cloud.netflix.eureka.http.RestTemplateTransportClientFactory.lambda$restTemplate$2(RestTemplateTransportClientFactory.java:145)
	at org.springframework.http.client.InterceptingClientHttpRequest$InterceptingRequestExecution.execute(InterceptingClientHttpRequest.java:88)
	at org.springframework.http.client.InterceptingClientHttpRequest.executeInternal(InterceptingClientHttpRequest.java:72)
	at org.springframework.http.client.AbstractBufferingClientHttpRequest.executeInternal(AbstractBufferingClientHttpRequest.java:48)
	at org.springframework.http.client.AbstractClientHttpRequest.execute(AbstractClientHttpRequest.java:81)
	at org.springframework.web.client.RestTemplate.doExecute(RestTemplate.java:900)
	... 21 more

2025-06-25 -Request execution failed with message: I/O error on POST request for "http://localhost:8761/eureka/apps/CARTMODULE": localhost:8761 failed to respond
2025-06-25 -Request execution error. endpoint=DefaultEndpoint{ serviceUrl='http://localhost:8761/eureka/}, exception=I/O error on POST request for "http://localhost:8761/eureka/apps/CARTMODULE": Connection reset stacktrace=org.springframework.web.client.ResourceAccessException: I/O error on POST request for "http://localhost:8761/eureka/apps/CARTMODULE": Connection reset
	at org.springframework.web.client.RestTemplate.createResourceAccessException(RestTemplate.java:926)
	at org.springframework.web.client.RestTemplate.doExecute(RestTemplate.java:906)
	at org.springframework.web.client.RestTemplate.execute(RestTemplate.java:841)
	at org.springframework.web.client.RestTemplate.exchange(RestTemplate.java:702)
	at org.springframework.cloud.netflix.eureka.http.RestTemplateEurekaHttpClient.register(RestTemplateEurekaHttpClient.java:87)
	at com.netflix.discovery.shared.transport.decorator.EurekaHttpClientDecorator$1.execute(EurekaHttpClientDecorator.java:59)
	at com.netflix.discovery.shared.transport.decorator.RedirectingEurekaHttpClient.executeOnNewServer(RedirectingEurekaHttpClient.java:121)
	at com.netflix.discovery.shared.transport.decorator.RedirectingEurekaHttpClient.execute(RedirectingEurekaHttpClient.java:80)
	at com.netflix.discovery.shared.transport.decorator.EurekaHttpClientDecorator.register(EurekaHttpClientDecorator.java:56)
	at com.netflix.discovery.shared.transport.decorator.EurekaHttpClientDecorator$1.execute(EurekaHttpClientDecorator.java:59)
	at com.netflix.discovery.shared.transport.decorator.RetryableEurekaHttpClient.execute(RetryableEurekaHttpClient.java:120)
	at com.netflix.discovery.shared.transport.decorator.EurekaHttpClientDecorator.register(EurekaHttpClientDecorator.java:56)
	at com.netflix.discovery.shared.transport.decorator.EurekaHttpClientDecorator$1.execute(EurekaHttpClientDecorator.java:59)
	at com.netflix.discovery.shared.transport.decorator.SessionedEurekaHttpClient.execute(SessionedEurekaHttpClient.java:76)
	at com.netflix.discovery.shared.transport.decorator.EurekaHttpClientDecorator.register(EurekaHttpClientDecorator.java:56)
	at com.netflix.discovery.DiscoveryClient.register(DiscoveryClient.java:828)
	at com.netflix.discovery.InstanceInfoReplicator.run(InstanceInfoReplicator.java:125)
	at com.netflix.discovery.InstanceInfoReplicator$2.run(InstanceInfoReplicator.java:105)
	at java.base/java.util.concurrent.Executors$RunnableAdapter.call(Executors.java:572)
	at java.base/java.util.concurrent.FutureTask.run(FutureTask.java:317)
	at java.base/java.util.concurrent.ScheduledThreadPoolExecutor$ScheduledFutureTask.run(ScheduledThreadPoolExecutor.java:304)
	at java.base/java.util.concurrent.ThreadPoolExecutor.runWorker(ThreadPoolExecutor.java:1144)
	at java.base/java.util.concurrent.ThreadPoolExecutor$Worker.run(ThreadPoolExecutor.java:642)
	at java.base/java.lang.Thread.run(Thread.java:1583)
Caused by: java.net.SocketException: Connection reset
	at java.base/sun.nio.ch.NioSocketImpl.implRead(NioSocketImpl.java:318)
	at java.base/sun.nio.ch.NioSocketImpl.read(NioSocketImpl.java:346)
	at java.base/sun.nio.ch.NioSocketImpl$1.read(NioSocketImpl.java:796)
	at java.base/java.net.Socket$SocketInputStream.read(Socket.java:1099)
	at org.apache.hc.core5.http.impl.io.SessionInputBufferImpl.fillBuffer(SessionInputBufferImpl.java:149)
	at org.apache.hc.core5.http.impl.io.SessionInputBufferImpl.readLine(SessionInputBufferImpl.java:280)
	at org.apache.hc.core5.http.impl.io.AbstractMessageParser.parse(AbstractMessageParser.java:250)
	at org.apache.hc.core5.http.impl.io.AbstractMessageParser.parse(AbstractMessageParser.java:56)
	at org.apache.hc.core5.http.impl.io.DefaultBHttpClientConnection.receiveResponseHeader(DefaultBHttpClientConnection.java:331)
	at org.apache.hc.core5.http.impl.io.HttpRequestExecutor.execute(HttpRequestExecutor.java:196)
	at org.apache.hc.client5.http.impl.classic.InternalExecRuntime.lambda$execute$0(InternalExecRuntime.java:236)
	at org.apache.hc.client5.http.impl.io.PoolingHttpClientConnectionManager$InternalConnectionEndpoint.execute(PoolingHttpClientConnectionManager.java:791)
	at org.apache.hc.client5.http.impl.classic.InternalExecRuntime.execute(InternalExecRuntime.java:233)
	at org.apache.hc.client5.http.impl.classic.MainClientExec.execute(MainClientExec.java:120)
	at org.apache.hc.client5.http.impl.classic.ExecChainElement.execute(ExecChainElement.java:51)
	at org.apache.hc.client5.http.impl.classic.ConnectExec.execute(ConnectExec.java:198)
	at org.apache.hc.client5.http.impl.classic.ExecChainElement.execute(ExecChainElement.java:51)
	at org.apache.hc.client5.http.impl.classic.ProtocolExec.execute(ProtocolExec.java:192)
	at org.apache.hc.client5.http.impl.classic.ExecChainElement.execute(ExecChainElement.java:51)
	at org.apache.hc.client5.http.impl.classic.ContentCompressionExec.execute(ContentCompressionExec.java:150)
	at org.apache.hc.client5.http.impl.classic.ExecChainElement.execute(ExecChainElement.java:51)
	at org.apache.hc.client5.http.impl.classic.HttpRequestRetryExec.execute(HttpRequestRetryExec.java:113)
	at org.apache.hc.client5.http.impl.classic.ExecChainElement.execute(ExecChainElement.java:51)
	at org.apache.hc.client5.http.impl.classic.RedirectExec.execute(RedirectExec.java:110)
	at org.apache.hc.client5.http.impl.classic.ExecChainElement.execute(ExecChainElement.java:51)
	at org.apache.hc.client5.http.impl.classic.InternalHttpClient.doExecute(InternalHttpClient.java:183)
	at org.apache.hc.client5.http.impl.classic.CloseableHttpClient.execute(CloseableHttpClient.java:87)
	at org.apache.hc.client5.http.impl.classic.CloseableHttpClient.execute(CloseableHttpClient.java:55)
	at org.apache.hc.client5.http.classic.HttpClient.executeOpen(HttpClient.java:183)
	at org.springframework.http.client.HttpComponentsClientHttpRequest.executeInternal(HttpComponentsClientHttpRequest.java:99)
	at org.springframework.http.client.AbstractStreamingClientHttpRequest.executeInternal(AbstractStreamingClientHttpRequest.java:71)
	at org.springframework.http.client.AbstractClientHttpRequest.execute(AbstractClientHttpRequest.java:81)
	at org.springframework.http.client.InterceptingClientHttpRequest$InterceptingRequestExecution.execute(InterceptingClientHttpRequest.java:117)
	at org.springframework.cloud.netflix.eureka.http.RestTemplateTransportClientFactory.lambda$restTemplate$2(RestTemplateTransportClientFactory.java:145)
	at org.springframework.http.client.InterceptingClientHttpRequest$InterceptingRequestExecution.execute(InterceptingClientHttpRequest.java:88)
	at org.springframework.http.client.InterceptingClientHttpRequest.executeInternal(InterceptingClientHttpRequest.java:72)
	at org.springframework.http.client.AbstractBufferingClientHttpRequest.executeInternal(AbstractBufferingClientHttpRequest.java:48)
	at org.springframework.http.client.AbstractClientHttpRequest.execute(AbstractClientHttpRequest.java:81)
	at org.springframework.web.client.RestTemplate.doExecute(RestTemplate.java:900)
	... 22 more

2025-06-25 -Request execution failed with message: I/O error on POST request for "http://localhost:8761/eureka/apps/CARTMODULE": Connection reset
2025-06-25 -DiscoveryClient_CARTMODULE/LTIN555640.cts.com:CartModule:9926 - registration failed Cannot execute request on any known server
com.netflix.discovery.shared.transport.TransportException: Cannot execute request on any known server
	at com.netflix.discovery.shared.transport.decorator.RetryableEurekaHttpClient.execute(RetryableEurekaHttpClient.java:112)
	at com.netflix.discovery.shared.transport.decorator.EurekaHttpClientDecorator.register(EurekaHttpClientDecorator.java:56)
	at com.netflix.discovery.shared.transport.decorator.EurekaHttpClientDecorator$1.execute(EurekaHttpClientDecorator.java:59)
	at com.netflix.discovery.shared.transport.decorator.SessionedEurekaHttpClient.execute(SessionedEurekaHttpClient.java:76)
	at com.netflix.discovery.shared.transport.decorator.EurekaHttpClientDecorator.register(EurekaHttpClientDecorator.java:56)
	at com.netflix.discovery.DiscoveryClient.register(DiscoveryClient.java:828)
	at com.netflix.discovery.InstanceInfoReplicator.run(InstanceInfoReplicator.java:125)
	at com.netflix.discovery.InstanceInfoReplicator$2.run(InstanceInfoReplicator.java:105)
	at java.base/java.util.concurrent.Executors$RunnableAdapter.call(Executors.java:572)
	at java.base/java.util.concurrent.FutureTask.run(FutureTask.java:317)
	at java.base/java.util.concurrent.ScheduledThreadPoolExecutor$ScheduledFutureTask.run(ScheduledThreadPoolExecutor.java:304)
	at java.base/java.util.concurrent.ThreadPoolExecutor.runWorker(ThreadPoolExecutor.java:1144)
	at java.base/java.util.concurrent.ThreadPoolExecutor$Worker.run(ThreadPoolExecutor.java:642)
	at java.base/java.lang.Thread.run(Thread.java:1583)
2025-06-25 -There was a problem with the instance info replicator
com.netflix.discovery.shared.transport.TransportException: Cannot execute request on any known server
	at com.netflix.discovery.shared.transport.decorator.RetryableEurekaHttpClient.execute(RetryableEurekaHttpClient.java:112)
	at com.netflix.discovery.shared.transport.decorator.EurekaHttpClientDecorator.register(EurekaHttpClientDecorator.java:56)
	at com.netflix.discovery.shared.transport.decorator.EurekaHttpClientDecorator$1.execute(EurekaHttpClientDecorator.java:59)
	at com.netflix.discovery.shared.transport.decorator.SessionedEurekaHttpClient.execute(SessionedEurekaHttpClient.java:76)
	at com.netflix.discovery.shared.transport.decorator.EurekaHttpClientDecorator.register(EurekaHttpClientDecorator.java:56)
	at com.netflix.discovery.DiscoveryClient.register(DiscoveryClient.java:828)
	at com.netflix.discovery.InstanceInfoReplicator.run(InstanceInfoReplicator.java:125)
	at com.netflix.discovery.InstanceInfoReplicator$2.run(InstanceInfoReplicator.java:105)
	at java.base/java.util.concurrent.Executors$RunnableAdapter.call(Executors.java:572)
	at java.base/java.util.concurrent.FutureTask.run(FutureTask.java:317)
	at java.base/java.util.concurrent.ScheduledThreadPoolExecutor$ScheduledFutureTask.run(ScheduledThreadPoolExecutor.java:304)
	at java.base/java.util.concurrent.ThreadPoolExecutor.runWorker(ThreadPoolExecutor.java:1144)
	at java.base/java.util.concurrent.ThreadPoolExecutor$Worker.run(ThreadPoolExecutor.java:642)
	at java.base/java.lang.Thread.run(Thread.java:1583)
2025-06-25 -Graceful shutdown complete
2025-06-25 -Closing JPA EntityManagerFactory for persistence unit 'default'
2025-06-25 -HikariPool-1 - Shutdown initiated...
2025-06-25 -HikariPool-1 - Shutdown completed.
2025-06-25 -Shutting down DiscoveryClient ...
2025-06-25 -Unregistering ...
2025-06-25 -Request execution error. endpoint=DefaultEndpoint{ serviceUrl='http://localhost:8761/eureka/}, exception=I/O error on DELETE request for "http://localhost:8761/eureka/apps/CARTMODULE/LTIN555640.cts.com:CartModule:9926": Connect to http://localhost:8761 [localhost/127.0.0.1, localhost/0:0:0:0:0:0:0:1] failed: Connection refused: getsockopt stacktrace=org.springframework.web.client.ResourceAccessException: I/O error on DELETE request for "http://localhost:8761/eureka/apps/CARTMODULE/LTIN555640.cts.com:CartModule:9926": Connect to http://localhost:8761 [localhost/127.0.0.1, localhost/0:0:0:0:0:0:0:1] failed: Connection refused: getsockopt
	at org.springframework.web.client.RestTemplate.createResourceAccessException(RestTemplate.java:926)
	at org.springframework.web.client.RestTemplate.doExecute(RestTemplate.java:906)
	at org.springframework.web.client.RestTemplate.execute(RestTemplate.java:841)
	at org.springframework.web.client.RestTemplate.exchange(RestTemplate.java:702)
	at org.springframework.cloud.netflix.eureka.http.RestTemplateEurekaHttpClient.cancel(RestTemplateEurekaHttpClient.java:100)
	at com.netflix.discovery.shared.transport.decorator.EurekaHttpClientDecorator$2.execute(EurekaHttpClientDecorator.java:74)
	at com.netflix.discovery.shared.transport.decorator.RedirectingEurekaHttpClient.executeOnNewServer(RedirectingEurekaHttpClient.java:121)
	at com.netflix.discovery.shared.transport.decorator.RedirectingEurekaHttpClient.execute(RedirectingEurekaHttpClient.java:80)
	at com.netflix.discovery.shared.transport.decorator.EurekaHttpClientDecorator.cancel(EurekaHttpClientDecorator.java:71)
	at com.netflix.discovery.shared.transport.decorator.EurekaHttpClientDecorator$2.execute(EurekaHttpClientDecorator.java:74)
	at com.netflix.discovery.shared.transport.decorator.RetryableEurekaHttpClient.execute(RetryableEurekaHttpClient.java:120)
	at com.netflix.discovery.shared.transport.decorator.EurekaHttpClientDecorator.cancel(EurekaHttpClientDecorator.java:71)
	at com.netflix.discovery.shared.transport.decorator.EurekaHttpClientDecorator$2.execute(EurekaHttpClientDecorator.java:74)
	at com.netflix.discovery.shared.transport.decorator.SessionedEurekaHttpClient.execute(SessionedEurekaHttpClient.java:76)
	at com.netflix.discovery.shared.transport.decorator.EurekaHttpClientDecorator.cancel(EurekaHttpClientDecorator.java:71)
	at com.netflix.discovery.DiscoveryClient.unregister(DiscoveryClient.java:919)
	at com.netflix.discovery.DiscoveryClient.shutdown(DiscoveryClient.java:900)
	at java.base/jdk.internal.reflect.DirectMethodHandleAccessor.invoke(DirectMethodHandleAccessor.java:103)
	at java.base/java.lang.reflect.Method.invoke(Method.java:580)
	at org.springframework.beans.factory.annotation.InitDestroyAnnotationBeanPostProcessor$LifecycleMethod.invoke(InitDestroyAnnotationBeanPostProcessor.java:457)
	at org.springframework.beans.factory.annotation.InitDestroyAnnotationBeanPostProcessor$LifecycleMetadata.invokeDestroyMethods(InitDestroyAnnotationBeanPostProcessor.java:415)
	at org.springframework.beans.factory.annotation.InitDestroyAnnotationBeanPostProcessor.postProcessBeforeDestruction(InitDestroyAnnotationBeanPostProcessor.java:239)
	at org.springframework.beans.factory.support.DisposableBeanAdapter.destroy(DisposableBeanAdapter.java:202)
	at org.springframework.beans.factory.support.DisposableBeanAdapter.run(DisposableBeanAdapter.java:195)
	at org.springframework.cloud.context.scope.GenericScope$BeanLifecycleWrapper.destroy(GenericScope.java:387)
	at org.springframework.cloud.context.scope.GenericScope.destroy(GenericScope.java:134)
	at org.springframework.beans.factory.support.DisposableBeanAdapter.destroy(DisposableBeanAdapter.java:211)
	at org.springframework.beans.factory.support.DefaultSingletonBeanRegistry.destroyBean(DefaultSingletonBeanRegistry.java:798)
	at org.springframework.beans.factory.support.DefaultSingletonBeanRegistry.destroySingleton(DefaultSingletonBeanRegistry.java:748)
	at org.springframework.beans.factory.support.DefaultListableBeanFactory.destroySingleton(DefaultListableBeanFactory.java:1474)
	at org.springframework.beans.factory.support.DefaultSingletonBeanRegistry.destroySingletons(DefaultSingletonBeanRegistry.java:707)
	at org.springframework.beans.factory.support.DefaultListableBeanFactory.destroySingletons(DefaultListableBeanFactory.java:1467)
	at org.springframework.context.support.AbstractApplicationContext.destroyBeans(AbstractApplicationContext.java:1219)
	at org.springframework.context.support.AbstractApplicationContext.doClose(AbstractApplicationContext.java:1180)
	at org.springframework.boot.web.servlet.context.ServletWebServerApplicationContext.doClose(ServletWebServerApplicationContext.java:179)
	at org.springframework.context.support.AbstractApplicationContext.close(AbstractApplicationContext.java:1126)
	at org.springframework.boot.admin.SpringApplicationAdminMXBeanRegistrar$SpringApplicationAdmin.shutdown(SpringApplicationAdminMXBeanRegistrar.java:160)
	at java.base/jdk.internal.reflect.DirectMethodHandleAccessor.invoke(DirectMethodHandleAccessor.java:103)
	at java.base/java.lang.reflect.Method.invoke(Method.java:580)
	at sun.reflect.misc.Trampoline.invoke(MethodUtil.java:64)
	at java.base/jdk.internal.reflect.DirectMethodHandleAccessor.invoke(DirectMethodHandleAccessor.java:103)
	at java.base/java.lang.reflect.Method.invoke(Method.java:580)
	at java.base/sun.reflect.misc.MethodUtil.invoke(MethodUtil.java:97)
	at java.management/com.sun.jmx.mbeanserver.ConvertingMethod.invokeWithOpenReturn(ConvertingMethod.java:193)
	at java.management/com.sun.jmx.mbeanserver.ConvertingMethod.invokeWithOpenReturn(ConvertingMethod.java:175)
	at java.management/com.sun.jmx.mbeanserver.MXBeanIntrospector.invokeM2(MXBeanIntrospector.java:115)
	at java.management/com.sun.jmx.mbeanserver.MXBeanIntrospector.invokeM2(MXBeanIntrospector.java:52)
	at java.management/com.sun.jmx.mbeanserver.MBeanIntrospector.invokeM(MBeanIntrospector.java:236)
	at java.management/com.sun.jmx.mbeanserver.PerInterface.invoke(PerInterface.java:138)
	at java.management/com.sun.jmx.mbeanserver.MBeanSupport.invoke(MBeanSupport.java:252)
	at java.management/com.sun.jmx.interceptor.DefaultMBeanServerInterceptor.invoke(DefaultMBeanServerInterceptor.java:803)
	at java.management/com.sun.jmx.mbeanserver.JmxMBeanServer.invoke(JmxMBeanServer.java:802)
	at java.management.rmi/javax.management.remote.rmi.RMIConnectionImpl.doOperation(RMIConnectionImpl.java:1472)
	at java.management.rmi/javax.management.remote.rmi.RMIConnectionImpl$PrivilegedOperation.run(RMIConnectionImpl.java:1310)
	at java.management.rmi/javax.management.remote.rmi.RMIConnectionImpl.doPrivilegedOperation(RMIConnectionImpl.java:1405)
	at java.management.rmi/javax.management.remote.rmi.RMIConnectionImpl.invoke(RMIConnectionImpl.java:829)
	at java.base/jdk.internal.reflect.DirectMethodHandleAccessor.invoke(DirectMethodHandleAccessor.java:103)
	at java.base/java.lang.reflect.Method.invoke(Method.java:580)
	at java.rmi/sun.rmi.server.UnicastServerRef.dispatch(UnicastServerRef.java:360)
	at java.rmi/sun.rmi.transport.Transport$1.run(Transport.java:200)
	at java.rmi/sun.rmi.transport.Transport$1.run(Transport.java:197)
	at java.base/java.security.AccessController.doPrivileged(AccessController.java:714)
	at java.rmi/sun.rmi.transport.Transport.serviceCall(Transport.java:196)
	at java.rmi/sun.rmi.transport.tcp.TCPTransport.handleMessages(TCPTransport.java:598)
	at java.rmi/sun.rmi.transport.tcp.TCPTransport$ConnectionHandler.run0(TCPTransport.java:844)
	at java.rmi/sun.rmi.transport.tcp.TCPTransport$ConnectionHandler.lambda$run$0(TCPTransport.java:721)
	at java.base/java.security.AccessController.doPrivileged(AccessController.java:400)
	at java.rmi/sun.rmi.transport.tcp.TCPTransport$ConnectionHandler.run(TCPTransport.java:720)
	at java.base/java.util.concurrent.ThreadPoolExecutor.runWorker(ThreadPoolExecutor.java:1144)
	at java.base/java.util.concurrent.ThreadPoolExecutor$Worker.run(ThreadPoolExecutor.java:642)
	at java.base/java.lang.Thread.run(Thread.java:1583)
Caused by: org.apache.hc.client5.http.HttpHostConnectException: Connect to http://localhost:8761 [localhost/127.0.0.1, localhost/0:0:0:0:0:0:0:1] failed: Connection refused: getsockopt
	at java.base/sun.nio.ch.Net.pollConnect(Native Method)
	at java.base/sun.nio.ch.Net.pollConnectNow(Net.java:682)
	at java.base/sun.nio.ch.NioSocketImpl.timedFinishConnect(NioSocketImpl.java:542)
	at java.base/sun.nio.ch.NioSocketImpl.connect(NioSocketImpl.java:592)
	at java.base/java.net.SocksSocketImpl.connect(SocksSocketImpl.java:327)
	at java.base/java.net.Socket.connect(Socket.java:751)
	at org.apache.hc.client5.http.impl.io.DefaultHttpClientConnectionOperator.connect(DefaultHttpClientConnectionOperator.java:216)
	at org.apache.hc.client5.http.impl.io.PoolingHttpClientConnectionManager.connect(PoolingHttpClientConnectionManager.java:490)
	at org.apache.hc.client5.http.impl.classic.InternalExecRuntime.connectEndpoint(InternalExecRuntime.java:164)
	at org.apache.hc.client5.http.impl.classic.InternalExecRuntime.connectEndpoint(InternalExecRuntime.java:174)
	at org.apache.hc.client5.http.impl.classic.ConnectExec.execute(ConnectExec.java:144)
	at org.apache.hc.client5.http.impl.classic.ExecChainElement.execute(ExecChainElement.java:51)
	at org.apache.hc.client5.http.impl.classic.ProtocolExec.execute(ProtocolExec.java:192)
	at org.apache.hc.client5.http.impl.classic.ExecChainElement.execute(ExecChainElement.java:51)
	at org.apache.hc.client5.http.impl.classic.ContentCompressionExec.execute(ContentCompressionExec.java:150)
	at org.apache.hc.client5.http.impl.classic.ExecChainElement.execute(ExecChainElement.java:51)
	at org.apache.hc.client5.http.impl.classic.HttpRequestRetryExec.execute(HttpRequestRetryExec.java:113)
	at org.apache.hc.client5.http.impl.classic.ExecChainElement.execute(ExecChainElement.java:51)
	at org.apache.hc.client5.http.impl.classic.RedirectExec.execute(RedirectExec.java:110)
	at org.apache.hc.client5.http.impl.classic.ExecChainElement.execute(ExecChainElement.java:51)
	at org.apache.hc.client5.http.impl.classic.InternalHttpClient.doExecute(InternalHttpClient.java:183)
	at org.apache.hc.client5.http.impl.classic.CloseableHttpClient.execute(CloseableHttpClient.java:87)
	at org.apache.hc.client5.http.impl.classic.CloseableHttpClient.execute(CloseableHttpClient.java:55)
	at org.apache.hc.client5.http.classic.HttpClient.executeOpen(HttpClient.java:183)
	at org.springframework.http.client.HttpComponentsClientHttpRequest.executeInternal(HttpComponentsClientHttpRequest.java:99)
	at org.springframework.http.client.AbstractStreamingClientHttpRequest.executeInternal(AbstractStreamingClientHttpRequest.java:71)
	at org.springframework.http.client.AbstractClientHttpRequest.execute(AbstractClientHttpRequest.java:81)
	at org.springframework.http.client.InterceptingClientHttpRequest$InterceptingRequestExecution.execute(InterceptingClientHttpRequest.java:117)
	at org.springframework.cloud.netflix.eureka.http.RestTemplateTransportClientFactory.lambda$restTemplate$2(RestTemplateTransportClientFactory.java:145)
	at org.springframework.http.client.InterceptingClientHttpRequest$InterceptingRequestExecution.execute(InterceptingClientHttpRequest.java:88)
	at org.springframework.http.client.InterceptingClientHttpRequest.executeInternal(InterceptingClientHttpRequest.java:72)
	at org.springframework.http.client.AbstractBufferingClientHttpRequest.executeInternal(AbstractBufferingClientHttpRequest.java:48)
	at org.springframework.http.client.AbstractClientHttpRequest.execute(AbstractClientHttpRequest.java:81)
	at org.springframework.web.client.RestTemplate.doExecute(RestTemplate.java:900)
	... 69 more

2025-06-25 -Request execution failed with message: I/O error on DELETE request for "http://localhost:8761/eureka/apps/CARTMODULE/LTIN555640.cts.com:CartModule:9926": Connect to http://localhost:8761 [localhost/127.0.0.1, localhost/0:0:0:0:0:0:0:1] failed: Connection refused: getsockopt
2025-06-25 -DiscoveryClient_CARTMODULE/LTIN555640.cts.com:CartModule:9926 - de-registration failedCannot execute request on any known server
com.netflix.discovery.shared.transport.TransportException: Cannot execute request on any known server
	at com.netflix.discovery.shared.transport.decorator.RetryableEurekaHttpClient.execute(RetryableEurekaHttpClient.java:112)
	at com.netflix.discovery.shared.transport.decorator.EurekaHttpClientDecorator.cancel(EurekaHttpClientDecorator.java:71)
	at com.netflix.discovery.shared.transport.decorator.EurekaHttpClientDecorator$2.execute(EurekaHttpClientDecorator.java:74)
	at com.netflix.discovery.shared.transport.decorator.SessionedEurekaHttpClient.execute(SessionedEurekaHttpClient.java:76)
	at com.netflix.discovery.shared.transport.decorator.EurekaHttpClientDecorator.cancel(EurekaHttpClientDecorator.java:71)
	at com.netflix.discovery.DiscoveryClient.unregister(DiscoveryClient.java:919)
	at com.netflix.discovery.DiscoveryClient.shutdown(DiscoveryClient.java:900)
	at java.base/jdk.internal.reflect.DirectMethodHandleAccessor.invoke(DirectMethodHandleAccessor.java:103)
	at java.base/java.lang.reflect.Method.invoke(Method.java:580)
	at org.springframework.beans.factory.annotation.InitDestroyAnnotationBeanPostProcessor$LifecycleMethod.invoke(InitDestroyAnnotationBeanPostProcessor.java:457)
	at org.springframework.beans.factory.annotation.InitDestroyAnnotationBeanPostProcessor$LifecycleMetadata.invokeDestroyMethods(InitDestroyAnnotationBeanPostProcessor.java:415)
	at org.springframework.beans.factory.annotation.InitDestroyAnnotationBeanPostProcessor.postProcessBeforeDestruction(InitDestroyAnnotationBeanPostProcessor.java:239)
	at org.springframework.beans.factory.support.DisposableBeanAdapter.destroy(DisposableBeanAdapter.java:202)
	at org.springframework.beans.factory.support.DisposableBeanAdapter.run(DisposableBeanAdapter.java:195)
	at org.springframework.cloud.context.scope.GenericScope$BeanLifecycleWrapper.destroy(GenericScope.java:387)
	at org.springframework.cloud.context.scope.GenericScope.destroy(GenericScope.java:134)
	at org.springframework.beans.factory.support.DisposableBeanAdapter.destroy(DisposableBeanAdapter.java:211)
	at org.springframework.beans.factory.support.DefaultSingletonBeanRegistry.destroyBean(DefaultSingletonBeanRegistry.java:798)
	at org.springframework.beans.factory.support.DefaultSingletonBeanRegistry.destroySingleton(DefaultSingletonBeanRegistry.java:748)
	at org.springframework.beans.factory.support.DefaultListableBeanFactory.destroySingleton(DefaultListableBeanFactory.java:1474)
	at org.springframework.beans.factory.support.DefaultSingletonBeanRegistry.destroySingletons(DefaultSingletonBeanRegistry.java:707)
	at org.springframework.beans.factory.support.DefaultListableBeanFactory.destroySingletons(DefaultListableBeanFactory.java:1467)
	at org.springframework.context.support.AbstractApplicationContext.destroyBeans(AbstractApplicationContext.java:1219)
	at org.springframework.context.support.AbstractApplicationContext.doClose(AbstractApplicationContext.java:1180)
	at org.springframework.boot.web.servlet.context.ServletWebServerApplicationContext.doClose(ServletWebServerApplicationContext.java:179)
	at org.springframework.context.support.AbstractApplicationContext.close(AbstractApplicationContext.java:1126)
	at org.springframework.boot.admin.SpringApplicationAdminMXBeanRegistrar$SpringApplicationAdmin.shutdown(SpringApplicationAdminMXBeanRegistrar.java:160)
	at java.base/jdk.internal.reflect.DirectMethodHandleAccessor.invoke(DirectMethodHandleAccessor.java:103)
	at java.base/java.lang.reflect.Method.invoke(Method.java:580)
	at sun.reflect.misc.Trampoline.invoke(MethodUtil.java:64)
	at java.base/jdk.internal.reflect.DirectMethodHandleAccessor.invoke(DirectMethodHandleAccessor.java:103)
	at java.base/java.lang.reflect.Method.invoke(Method.java:580)
	at java.base/sun.reflect.misc.MethodUtil.invoke(MethodUtil.java:97)
	at java.management/com.sun.jmx.mbeanserver.ConvertingMethod.invokeWithOpenReturn(ConvertingMethod.java:193)
	at java.management/com.sun.jmx.mbeanserver.ConvertingMethod.invokeWithOpenReturn(ConvertingMethod.java:175)
	at java.management/com.sun.jmx.mbeanserver.MXBeanIntrospector.invokeM2(MXBeanIntrospector.java:115)
	at java.management/com.sun.jmx.mbeanserver.MXBeanIntrospector.invokeM2(MXBeanIntrospector.java:52)
	at java.management/com.sun.jmx.mbeanserver.MBeanIntrospector.invokeM(MBeanIntrospector.java:236)
	at java.management/com.sun.jmx.mbeanserver.PerInterface.invoke(PerInterface.java:138)
	at java.management/com.sun.jmx.mbeanserver.MBeanSupport.invoke(MBeanSupport.java:252)
	at java.management/com.sun.jmx.interceptor.DefaultMBeanServerInterceptor.invoke(DefaultMBeanServerInterceptor.java:803)
	at java.management/com.sun.jmx.mbeanserver.JmxMBeanServer.invoke(JmxMBeanServer.java:802)
	at java.management.rmi/javax.management.remote.rmi.RMIConnectionImpl.doOperation(RMIConnectionImpl.java:1472)
	at java.management.rmi/javax.management.remote.rmi.RMIConnectionImpl$PrivilegedOperation.run(RMIConnectionImpl.java:1310)
	at java.management.rmi/javax.management.remote.rmi.RMIConnectionImpl.doPrivilegedOperation(RMIConnectionImpl.java:1405)
	at java.management.rmi/javax.management.remote.rmi.RMIConnectionImpl.invoke(RMIConnectionImpl.java:829)
	at java.base/jdk.internal.reflect.DirectMethodHandleAccessor.invoke(DirectMethodHandleAccessor.java:103)
	at java.base/java.lang.reflect.Method.invoke(Method.java:580)
	at java.rmi/sun.rmi.server.UnicastServerRef.dispatch(UnicastServerRef.java:360)
	at java.rmi/sun.rmi.transport.Transport$1.run(Transport.java:200)
	at java.rmi/sun.rmi.transport.Transport$1.run(Transport.java:197)
	at java.base/java.security.AccessController.doPrivileged(AccessController.java:714)
	at java.rmi/sun.rmi.transport.Transport.serviceCall(Transport.java:196)
	at java.rmi/sun.rmi.transport.tcp.TCPTransport.handleMessages(TCPTransport.java:598)
	at java.rmi/sun.rmi.transport.tcp.TCPTransport$ConnectionHandler.run0(TCPTransport.java:844)
	at java.rmi/sun.rmi.transport.tcp.TCPTransport$ConnectionHandler.lambda$run$0(TCPTransport.java:721)
	at java.base/java.security.AccessController.doPrivileged(AccessController.java:400)
	at java.rmi/sun.rmi.transport.tcp.TCPTransport$ConnectionHandler.run(TCPTransport.java:720)
	at java.base/java.util.concurrent.ThreadPoolExecutor.runWorker(ThreadPoolExecutor.java:1144)
	at java.base/java.util.concurrent.ThreadPoolExecutor$Worker.run(ThreadPoolExecutor.java:642)
	at java.base/java.lang.Thread.run(Thread.java:1583)
2025-06-25 -Completed shut down of DiscoveryClient
2025-06-25 -Starting CartModuleApplication using Java 21.0.6 with PID 22720 (C:\Users\2406757\OneDrive - Cognizant\Desktop\Ecommerce\CartModule\target\classes started by 2406757 in C:\Users\2406757\OneDrive - Cognizant\Desktop\Ecommerce\CartModule)
2025-06-25 -No active profile set, falling back to 1 default profile: "default"
2025-06-25 -Bootstrapping Spring Data JPA repositories in DEFAULT mode.
2025-06-25 -Finished Spring Data repository scanning in 379 ms. Found 2 JPA repository interfaces.
2025-06-25 -BeanFactory id=6f750af5-39c0-3634-a8b1-9aa54b363912
2025-06-25 -Tomcat initialized with port 9926 (http)
2025-06-25 -Starting service [Tomcat]
2025-06-25 -Starting Servlet engine: [Apache Tomcat/10.1.41]
2025-06-25 -Initializing Spring embedded WebApplicationContext
2025-06-25 -Root WebApplicationContext: initialization completed in 5255 ms
2025-06-25 -HHH000204: Processing PersistenceUnitInfo [name: default]
2025-06-25 -HHH000412: Hibernate ORM core version 6.6.15.Final
2025-06-25 -HHH000026: Second-level cache disabled
2025-06-25 -No LoadTimeWeaver setup: ignoring JPA class transformer
2025-06-25 -HikariPool-1 - Starting...
2025-06-25 -HikariPool-1 - Added connection com.mysql.cj.jdbc.ConnectionImpl@1b5cf611
2025-06-25 -HikariPool-1 - Start completed.
2025-06-25 -HHH10001005: Database info:
	Database JDBC URL [Connecting through datasource 'HikariDataSource (HikariPool-1)']
	Database driver: undefined/unknown
	Database version: 8.0.41
	Autocommit mode: undefined/unknown
	Isolation level: undefined/unknown
	Minimum pool size: undefined/unknown
	Maximum pool size: undefined/unknown
2025-06-25 -HHH000489: No JTA platform available (set 'hibernate.transaction.jta.platform' to enable JTA platform integration)
2025-06-25 -Initialized JPA EntityManagerFactory for persistence unit 'default'
2025-06-25 -spring.jpa.open-in-view is enabled by default. Therefore, database queries may be performed during view rendering. Explicitly configure spring.jpa.open-in-view to disable this warning
2025-06-25 -For 'user2' URL not provided. Will try picking an instance via load-balancing.
2025-06-25 -For 'Project' URL not provided. Will try picking an instance via load-balancing.
2025-06-25 -Eureka HTTP Client uses RestTemplate.
2025-06-25 -Spring Cloud LoadBalancer is currently working with the default cache. While this cache implementation is useful for development and tests, it's recommended to use Caffeine cache in production.You can switch to using Caffeine cache, by adding it and org.springframework.cache.caffeine.CaffeineCacheManager to the classpath.
2025-06-25 -Setting initial instance status as: STARTING
2025-06-25 -Initializing Eureka in region us-east-1
2025-06-25 -Resolving eureka endpoints via configuration
2025-06-25 -Disable delta property : false
2025-06-25 -Single vip registry refresh property : null
2025-06-25 -Force full registry fetch : false
2025-06-25 -Application is null : false
2025-06-25 -Registered Applications size is zero : true
2025-06-25 -Application version is -1: true
2025-06-25 -Getting all instance registry info from the eureka server
2025-06-25 -The response status is 200
2025-06-25 -Starting heartbeat executor: renew interval is: 30
2025-06-25 -InstanceInfoReplicator onDemand update allowed rate per min is 4
2025-06-25 -Discovery Client initialized at timestamp 1750849428044 with initial instances count: 0
2025-06-25 -Registering application CARTMODULE with eureka with status UP
2025-06-25 -Saw local status change event StatusChangeEvent [timestamp=1750849428054, current=UP, previous=STARTING]
2025-06-25 -DiscoveryClient_CARTMODULE/LTIN555640.cts.com:CartModule:9926: registering service...
2025-06-25 -Tomcat started on port 9926 (http) with context path '/'
2025-06-25 -Updating port to 9926
2025-06-25 -Started CartModuleApplication in 15.386 seconds (process running for 17.745)
2025-06-25 -DiscoveryClient_CARTMODULE/LTIN555640.cts.com:CartModule:9926 - registration status: 204
2025-06-25 -Disable delta property : false
2025-06-25 -Single vip registry refresh property : null
2025-06-25 -Force full registry fetch : false
2025-06-25 -Application is null : false
2025-06-25 -Registered Applications size is zero : true
2025-06-25 -Application version is -1: false
2025-06-25 -Getting all instance registry info from the eureka server
2025-06-25 -The response status is 200
2025-06-25 -Resolving eureka endpoints via configuration
2025-06-25 -Application shutdown requested.
2025-06-25 -Unregistering application CARTMODULE with eureka with status DOWN
2025-06-25 -Saw local status change event StatusChangeEvent [timestamp=1750849746360, current=DOWN, previous=UP]
2025-06-25 -DiscoveryClient_CARTMODULE/LTIN555640.cts.com:CartModule:9926: registering service...
2025-06-25 -Commencing graceful shutdown. Waiting for active requests to complete
2025-06-25 -DiscoveryClient_CARTMODULE/LTIN555640.cts.com:CartModule:9926 - registration status: 204
2025-06-25 -Graceful shutdown complete
2025-06-25 -Closing JPA EntityManagerFactory for persistence unit 'default'
2025-06-25 -HikariPool-1 - Shutdown initiated...
2025-06-25 -HikariPool-1 - Shutdown completed.
2025-06-25 -Shutting down DiscoveryClient ...
2025-06-25 -Unregistering ...
2025-06-25 -DiscoveryClient_CARTMODULE/LTIN555640.cts.com:CartModule:9926 - deregister  status: 200
2025-06-25 -Completed shut down of DiscoveryClient
2025-06-25 -Starting CartModuleApplication using Java 21.0.6 with PID 25408 (C:\Users\2406757\OneDrive - Cognizant\Desktop\Ecommerce\CartModule\target\classes started by 2406757 in C:\Users\2406757\OneDrive - Cognizant\Desktop\Ecommerce\CartModule)
2025-06-25 -No active profile set, falling back to 1 default profile: "default"
2025-06-25 -Bootstrapping Spring Data JPA repositories in DEFAULT mode.
2025-06-25 -Finished Spring Data repository scanning in 239 ms. Found 2 JPA repository interfaces.
2025-06-25 -BeanFactory id=6f750af5-39c0-3634-a8b1-9aa54b363912
2025-06-25 -Tomcat initialized with port 9926 (http)
2025-06-25 -Starting service [Tomcat]
2025-06-25 -Starting Servlet engine: [Apache Tomcat/10.1.41]
2025-06-25 -Initializing Spring embedded WebApplicationContext
2025-06-25 -Root WebApplicationContext: initialization completed in 3912 ms
2025-06-25 -HHH000204: Processing PersistenceUnitInfo [name: default]
2025-06-25 -HHH000412: Hibernate ORM core version 6.6.15.Final
2025-06-25 -HHH000026: Second-level cache disabled
2025-06-25 -No LoadTimeWeaver setup: ignoring JPA class transformer
2025-06-25 -HikariPool-1 - Starting...
2025-06-25 -HikariPool-1 - Added connection com.mysql.cj.jdbc.ConnectionImpl@4c7f2fdb
2025-06-25 -HikariPool-1 - Start completed.
2025-06-25 -HHH10001005: Database info:
	Database JDBC URL [Connecting through datasource 'HikariDataSource (HikariPool-1)']
	Database driver: undefined/unknown
	Database version: 8.0.41
	Autocommit mode: undefined/unknown
	Isolation level: undefined/unknown
	Minimum pool size: undefined/unknown
	Maximum pool size: undefined/unknown
2025-06-25 -HHH000489: No JTA platform available (set 'hibernate.transaction.jta.platform' to enable JTA platform integration)
2025-06-25 -Initialized JPA EntityManagerFactory for persistence unit 'default'
2025-06-25 -spring.jpa.open-in-view is enabled by default. Therefore, database queries may be performed during view rendering. Explicitly configure spring.jpa.open-in-view to disable this warning
2025-06-25 -For 'user2' URL not provided. Will try picking an instance via load-balancing.
2025-06-25 -For 'Project' URL not provided. Will try picking an instance via load-balancing.
2025-06-25 -Eureka HTTP Client uses RestTemplate.
2025-06-25 -Spring Cloud LoadBalancer is currently working with the default cache. While this cache implementation is useful for development and tests, it's recommended to use Caffeine cache in production.You can switch to using Caffeine cache, by adding it and org.springframework.cache.caffeine.CaffeineCacheManager to the classpath.
2025-06-25 -Setting initial instance status as: STARTING
2025-06-25 -Initializing Eureka in region us-east-1
2025-06-25 -Resolving eureka endpoints via configuration
2025-06-25 -Disable delta property : false
2025-06-25 -Single vip registry refresh property : null
2025-06-25 -Force full registry fetch : false
2025-06-25 -Application is null : false
2025-06-25 -Registered Applications size is zero : true
2025-06-25 -Application version is -1: true
2025-06-25 -Getting all instance registry info from the eureka server
2025-06-25 -The response status is 200
2025-06-25 -Starting heartbeat executor: renew interval is: 30
2025-06-25 -InstanceInfoReplicator onDemand update allowed rate per min is 4
2025-06-25 -Discovery Client initialized at timestamp 1750849773671 with initial instances count: 3
2025-06-25 -Registering application CARTMODULE with eureka with status UP
2025-06-25 -Saw local status change event StatusChangeEvent [timestamp=1750849773683, current=UP, previous=STARTING]
2025-06-25 -DiscoveryClient_CARTMODULE/LTIN555640.cts.com:CartModule:9926: registering service...
2025-06-25 -Tomcat started on port 9926 (http) with context path '/'
2025-06-25 -Updating port to 9926
2025-06-25 -Started CartModuleApplication in 11.795 seconds (process running for 14.04)
2025-06-25 -DiscoveryClient_CARTMODULE/LTIN555640.cts.com:CartModule:9926 - registration status: 204
2025-06-25 -Resolving eureka endpoints via configuration
2025-06-25 -Resolving eureka endpoints via configuration
2025-06-25 -Resolving eureka endpoints via configuration
2025-06-25 -Resolving eureka endpoints via configuration
2025-06-25 -Initializing Spring DispatcherServlet 'dispatcherServlet'
2025-06-25 -Initializing Servlet 'dispatcherServlet'
2025-06-25 -Completed initialization in 36 ms
2025-06-25 -Resolving eureka endpoints via configuration
2025-06-25 -Application shutdown requested.
2025-06-25 -Unregistering application CARTMODULE with eureka with status DOWN
2025-06-25 -Saw local status change event StatusChangeEvent [timestamp=1750851349298, current=DOWN, previous=UP]
2025-06-25 -DiscoveryClient_CARTMODULE/LTIN555640.cts.com:CartModule:9926: registering service...
2025-06-25 -Commencing graceful shutdown. Waiting for active requests to complete
2025-06-25 -Graceful shutdown complete
2025-06-25 -Request execution error. endpoint=DefaultEndpoint{ serviceUrl='http://localhost:8761/eureka/} exception=I/O error on POST request for "http://localhost:8761/eureka/apps/CARTMODULE": localhost:8761 failed to respond stacktrace=org.springframework.web.client.ResourceAccessException: I/O error on POST request for "http://localhost:8761/eureka/apps/CARTMODULE": localhost:8761 failed to respond
	at org.springframework.web.client.RestTemplate.createResourceAccessException(RestTemplate.java:926)
	at org.springframework.web.client.RestTemplate.doExecute(RestTemplate.java:906)
	at org.springframework.web.client.RestTemplate.execute(RestTemplate.java:841)
	at org.springframework.web.client.RestTemplate.exchange(RestTemplate.java:702)
	at org.springframework.cloud.netflix.eureka.http.RestTemplateEurekaHttpClient.register(RestTemplateEurekaHttpClient.java:87)
	at com.netflix.discovery.shared.transport.decorator.EurekaHttpClientDecorator$1.execute(EurekaHttpClientDecorator.java:59)
	at com.netflix.discovery.shared.transport.decorator.RedirectingEurekaHttpClient.execute(RedirectingEurekaHttpClient.java:91)
	at com.netflix.discovery.shared.transport.decorator.EurekaHttpClientDecorator.register(EurekaHttpClientDecorator.java:56)
	at com.netflix.discovery.shared.transport.decorator.EurekaHttpClientDecorator$1.execute(EurekaHttpClientDecorator.java:59)
	at com.netflix.discovery.shared.transport.decorator.RetryableEurekaHttpClient.execute(RetryableEurekaHttpClient.java:120)
	at com.netflix.discovery.shared.transport.decorator.EurekaHttpClientDecorator.register(EurekaHttpClientDecorator.java:56)
	at com.netflix.discovery.shared.transport.decorator.EurekaHttpClientDecorator$1.execute(EurekaHttpClientDecorator.java:59)
	at com.netflix.discovery.shared.transport.decorator.SessionedEurekaHttpClient.execute(SessionedEurekaHttpClient.java:76)
	at com.netflix.discovery.shared.transport.decorator.EurekaHttpClientDecorator.register(EurekaHttpClientDecorator.java:56)
	at com.netflix.discovery.DiscoveryClient.register(DiscoveryClient.java:828)
	at com.netflix.discovery.InstanceInfoReplicator.run(InstanceInfoReplicator.java:125)
	at com.netflix.discovery.InstanceInfoReplicator$2.run(InstanceInfoReplicator.java:105)
	at java.base/java.util.concurrent.Executors$RunnableAdapter.call(Executors.java:572)
	at java.base/java.util.concurrent.FutureTask.run(FutureTask.java:317)
	at java.base/java.util.concurrent.ScheduledThreadPoolExecutor$ScheduledFutureTask.run(ScheduledThreadPoolExecutor.java:304)
	at java.base/java.util.concurrent.ThreadPoolExecutor.runWorker(ThreadPoolExecutor.java:1144)
	at java.base/java.util.concurrent.ThreadPoolExecutor$Worker.run(ThreadPoolExecutor.java:642)
	at java.base/java.lang.Thread.run(Thread.java:1583)
Caused by: org.apache.hc.core5.http.NoHttpResponseException: localhost:8761 failed to respond
	at org.apache.hc.core5.http.impl.io.DefaultBHttpClientConnection.receiveResponseHeader(DefaultBHttpClientConnection.java:333)
	at org.apache.hc.core5.http.impl.io.HttpRequestExecutor.execute(HttpRequestExecutor.java:196)
	at org.apache.hc.client5.http.impl.classic.InternalExecRuntime.lambda$execute$0(InternalExecRuntime.java:236)
	at org.apache.hc.client5.http.impl.io.PoolingHttpClientConnectionManager$InternalConnectionEndpoint.execute(PoolingHttpClientConnectionManager.java:791)
	at org.apache.hc.client5.http.impl.classic.InternalExecRuntime.execute(InternalExecRuntime.java:233)
	at org.apache.hc.client5.http.impl.classic.MainClientExec.execute(MainClientExec.java:120)
	at org.apache.hc.client5.http.impl.classic.ExecChainElement.execute(ExecChainElement.java:51)
	at org.apache.hc.client5.http.impl.classic.ConnectExec.execute(ConnectExec.java:198)
	at org.apache.hc.client5.http.impl.classic.ExecChainElement.execute(ExecChainElement.java:51)
	at org.apache.hc.client5.http.impl.classic.ProtocolExec.execute(ProtocolExec.java:192)
	at org.apache.hc.client5.http.impl.classic.ExecChainElement.execute(ExecChainElement.java:51)
	at org.apache.hc.client5.http.impl.classic.ContentCompressionExec.execute(ContentCompressionExec.java:150)
	at org.apache.hc.client5.http.impl.classic.ExecChainElement.execute(ExecChainElement.java:51)
	at org.apache.hc.client5.http.impl.classic.HttpRequestRetryExec.execute(HttpRequestRetryExec.java:113)
	at org.apache.hc.client5.http.impl.classic.ExecChainElement.execute(ExecChainElement.java:51)
	at org.apache.hc.client5.http.impl.classic.RedirectExec.execute(RedirectExec.java:110)
	at org.apache.hc.client5.http.impl.classic.ExecChainElement.execute(ExecChainElement.java:51)
	at org.apache.hc.client5.http.impl.classic.InternalHttpClient.doExecute(InternalHttpClient.java:183)
	at org.apache.hc.client5.http.impl.classic.CloseableHttpClient.execute(CloseableHttpClient.java:87)
	at org.apache.hc.client5.http.impl.classic.CloseableHttpClient.execute(CloseableHttpClient.java:55)
	at org.apache.hc.client5.http.classic.HttpClient.executeOpen(HttpClient.java:183)
	at org.springframework.http.client.HttpComponentsClientHttpRequest.executeInternal(HttpComponentsClientHttpRequest.java:99)
	at org.springframework.http.client.AbstractStreamingClientHttpRequest.executeInternal(AbstractStreamingClientHttpRequest.java:71)
	at org.springframework.http.client.AbstractClientHttpRequest.execute(AbstractClientHttpRequest.java:81)
	at org.springframework.http.client.InterceptingClientHttpRequest$InterceptingRequestExecution.execute(InterceptingClientHttpRequest.java:117)
	at org.springframework.cloud.netflix.eureka.http.RestTemplateTransportClientFactory.lambda$restTemplate$2(RestTemplateTransportClientFactory.java:145)
	at org.springframework.http.client.InterceptingClientHttpRequest$InterceptingRequestExecution.execute(InterceptingClientHttpRequest.java:88)
	at org.springframework.http.client.InterceptingClientHttpRequest.executeInternal(InterceptingClientHttpRequest.java:72)
	at org.springframework.http.client.AbstractBufferingClientHttpRequest.executeInternal(AbstractBufferingClientHttpRequest.java:48)
	at org.springframework.http.client.AbstractClientHttpRequest.execute(AbstractClientHttpRequest.java:81)
	at org.springframework.web.client.RestTemplate.doExecute(RestTemplate.java:900)
	... 21 more

2025-06-25 -Request execution failed with message: I/O error on POST request for "http://localhost:8761/eureka/apps/CARTMODULE": localhost:8761 failed to respond
2025-06-25 -Closing JPA EntityManagerFactory for persistence unit 'default'
2025-06-25 -HikariPool-1 - Shutdown initiated...
2025-06-25 -HikariPool-1 - Shutdown completed.
2025-06-25 -Request execution error. endpoint=DefaultEndpoint{ serviceUrl='http://localhost:8761/eureka/}, exception=I/O error on POST request for "http://localhost:8761/eureka/apps/CARTMODULE": Connect to http://localhost:8761 [localhost/127.0.0.1, localhost/0:0:0:0:0:0:0:1] failed: Connection refused: getsockopt stacktrace=org.springframework.web.client.ResourceAccessException: I/O error on POST request for "http://localhost:8761/eureka/apps/CARTMODULE": Connect to http://localhost:8761 [localhost/127.0.0.1, localhost/0:0:0:0:0:0:0:1] failed: Connection refused: getsockopt
	at org.springframework.web.client.RestTemplate.createResourceAccessException(RestTemplate.java:926)
	at org.springframework.web.client.RestTemplate.doExecute(RestTemplate.java:906)
	at org.springframework.web.client.RestTemplate.execute(RestTemplate.java:841)
	at org.springframework.web.client.RestTemplate.exchange(RestTemplate.java:702)
	at org.springframework.cloud.netflix.eureka.http.RestTemplateEurekaHttpClient.register(RestTemplateEurekaHttpClient.java:87)
	at com.netflix.discovery.shared.transport.decorator.EurekaHttpClientDecorator$1.execute(EurekaHttpClientDecorator.java:59)
	at com.netflix.discovery.shared.transport.decorator.RedirectingEurekaHttpClient.executeOnNewServer(RedirectingEurekaHttpClient.java:121)
	at com.netflix.discovery.shared.transport.decorator.RedirectingEurekaHttpClient.execute(RedirectingEurekaHttpClient.java:80)
	at com.netflix.discovery.shared.transport.decorator.EurekaHttpClientDecorator.register(EurekaHttpClientDecorator.java:56)
	at com.netflix.discovery.shared.transport.decorator.EurekaHttpClientDecorator$1.execute(EurekaHttpClientDecorator.java:59)
	at com.netflix.discovery.shared.transport.decorator.RetryableEurekaHttpClient.execute(RetryableEurekaHttpClient.java:120)
	at com.netflix.discovery.shared.transport.decorator.EurekaHttpClientDecorator.register(EurekaHttpClientDecorator.java:56)
	at com.netflix.discovery.shared.transport.decorator.EurekaHttpClientDecorator$1.execute(EurekaHttpClientDecorator.java:59)
	at com.netflix.discovery.shared.transport.decorator.SessionedEurekaHttpClient.execute(SessionedEurekaHttpClient.java:76)
	at com.netflix.discovery.shared.transport.decorator.EurekaHttpClientDecorator.register(EurekaHttpClientDecorator.java:56)
	at com.netflix.discovery.DiscoveryClient.register(DiscoveryClient.java:828)
	at com.netflix.discovery.InstanceInfoReplicator.run(InstanceInfoReplicator.java:125)
	at com.netflix.discovery.InstanceInfoReplicator$2.run(InstanceInfoReplicator.java:105)
	at java.base/java.util.concurrent.Executors$RunnableAdapter.call(Executors.java:572)
	at java.base/java.util.concurrent.FutureTask.run(FutureTask.java:317)
	at java.base/java.util.concurrent.ScheduledThreadPoolExecutor$ScheduledFutureTask.run(ScheduledThreadPoolExecutor.java:304)
	at java.base/java.util.concurrent.ThreadPoolExecutor.runWorker(ThreadPoolExecutor.java:1144)
	at java.base/java.util.concurrent.ThreadPoolExecutor$Worker.run(ThreadPoolExecutor.java:642)
	at java.base/java.lang.Thread.run(Thread.java:1583)
Caused by: org.apache.hc.client5.http.HttpHostConnectException: Connect to http://localhost:8761 [localhost/127.0.0.1, localhost/0:0:0:0:0:0:0:1] failed: Connection refused: getsockopt
	at java.base/sun.nio.ch.Net.pollConnect(Native Method)
	at java.base/sun.nio.ch.Net.pollConnectNow(Net.java:682)
	at java.base/sun.nio.ch.NioSocketImpl.timedFinishConnect(NioSocketImpl.java:542)
	at java.base/sun.nio.ch.NioSocketImpl.connect(NioSocketImpl.java:592)
	at java.base/java.net.SocksSocketImpl.connect(SocksSocketImpl.java:327)
	at java.base/java.net.Socket.connect(Socket.java:751)
	at org.apache.hc.client5.http.impl.io.DefaultHttpClientConnectionOperator.connect(DefaultHttpClientConnectionOperator.java:216)
	at org.apache.hc.client5.http.impl.io.PoolingHttpClientConnectionManager.connect(PoolingHttpClientConnectionManager.java:490)
	at org.apache.hc.client5.http.impl.classic.InternalExecRuntime.connectEndpoint(InternalExecRuntime.java:164)
	at org.apache.hc.client5.http.impl.classic.InternalExecRuntime.connectEndpoint(InternalExecRuntime.java:174)
	at org.apache.hc.client5.http.impl.classic.ConnectExec.execute(ConnectExec.java:144)
	at org.apache.hc.client5.http.impl.classic.ExecChainElement.execute(ExecChainElement.java:51)
	at org.apache.hc.client5.http.impl.classic.ProtocolExec.execute(ProtocolExec.java:192)
	at org.apache.hc.client5.http.impl.classic.ExecChainElement.execute(ExecChainElement.java:51)
	at org.apache.hc.client5.http.impl.classic.ContentCompressionExec.execute(ContentCompressionExec.java:150)
	at org.apache.hc.client5.http.impl.classic.ExecChainElement.execute(ExecChainElement.java:51)
	at org.apache.hc.client5.http.impl.classic.HttpRequestRetryExec.execute(HttpRequestRetryExec.java:113)
	at org.apache.hc.client5.http.impl.classic.ExecChainElement.execute(ExecChainElement.java:51)
	at org.apache.hc.client5.http.impl.classic.RedirectExec.execute(RedirectExec.java:110)
	at org.apache.hc.client5.http.impl.classic.ExecChainElement.execute(ExecChainElement.java:51)
	at org.apache.hc.client5.http.impl.classic.InternalHttpClient.doExecute(InternalHttpClient.java:183)
	at org.apache.hc.client5.http.impl.classic.CloseableHttpClient.execute(CloseableHttpClient.java:87)
	at org.apache.hc.client5.http.impl.classic.CloseableHttpClient.execute(CloseableHttpClient.java:55)
	at org.apache.hc.client5.http.classic.HttpClient.executeOpen(HttpClient.java:183)
	at org.springframework.http.client.HttpComponentsClientHttpRequest.executeInternal(HttpComponentsClientHttpRequest.java:99)
	at org.springframework.http.client.AbstractStreamingClientHttpRequest.executeInternal(AbstractStreamingClientHttpRequest.java:71)
	at org.springframework.http.client.AbstractClientHttpRequest.execute(AbstractClientHttpRequest.java:81)
	at org.springframework.http.client.InterceptingClientHttpRequest$InterceptingRequestExecution.execute(InterceptingClientHttpRequest.java:117)
	at org.springframework.cloud.netflix.eureka.http.RestTemplateTransportClientFactory.lambda$restTemplate$2(RestTemplateTransportClientFactory.java:145)
	at org.springframework.http.client.InterceptingClientHttpRequest$InterceptingRequestExecution.execute(InterceptingClientHttpRequest.java:88)
	at org.springframework.http.client.InterceptingClientHttpRequest.executeInternal(InterceptingClientHttpRequest.java:72)
	at org.springframework.http.client.AbstractBufferingClientHttpRequest.executeInternal(AbstractBufferingClientHttpRequest.java:48)
	at org.springframework.http.client.AbstractClientHttpRequest.execute(AbstractClientHttpRequest.java:81)
	at org.springframework.web.client.RestTemplate.doExecute(RestTemplate.java:900)
	... 22 more

2025-06-25 -Request execution failed with message: I/O error on POST request for "http://localhost:8761/eureka/apps/CARTMODULE": Connect to http://localhost:8761 [localhost/127.0.0.1, localhost/0:0:0:0:0:0:0:1] failed: Connection refused: getsockopt
2025-06-25 -Shutting down DiscoveryClient ...
2025-06-25 -DiscoveryClient_CARTMODULE/LTIN555640.cts.com:CartModule:9926 - registration failed Cannot execute request on any known server
com.netflix.discovery.shared.transport.TransportException: Cannot execute request on any known server
	at com.netflix.discovery.shared.transport.decorator.RetryableEurekaHttpClient.execute(RetryableEurekaHttpClient.java:112)
	at com.netflix.discovery.shared.transport.decorator.EurekaHttpClientDecorator.register(EurekaHttpClientDecorator.java:56)
	at com.netflix.discovery.shared.transport.decorator.EurekaHttpClientDecorator$1.execute(EurekaHttpClientDecorator.java:59)
	at com.netflix.discovery.shared.transport.decorator.SessionedEurekaHttpClient.execute(SessionedEurekaHttpClient.java:76)
	at com.netflix.discovery.shared.transport.decorator.EurekaHttpClientDecorator.register(EurekaHttpClientDecorator.java:56)
	at com.netflix.discovery.DiscoveryClient.register(DiscoveryClient.java:828)
	at com.netflix.discovery.InstanceInfoReplicator.run(InstanceInfoReplicator.java:125)
	at com.netflix.discovery.InstanceInfoReplicator$2.run(InstanceInfoReplicator.java:105)
	at java.base/java.util.concurrent.Executors$RunnableAdapter.call(Executors.java:572)
	at java.base/java.util.concurrent.FutureTask.run(FutureTask.java:317)
	at java.base/java.util.concurrent.ScheduledThreadPoolExecutor$ScheduledFutureTask.run(ScheduledThreadPoolExecutor.java:304)
	at java.base/java.util.concurrent.ThreadPoolExecutor.runWorker(ThreadPoolExecutor.java:1144)
	at java.base/java.util.concurrent.ThreadPoolExecutor$Worker.run(ThreadPoolExecutor.java:642)
	at java.base/java.lang.Thread.run(Thread.java:1583)
2025-06-25 -There was a problem with the instance info replicator
com.netflix.discovery.shared.transport.TransportException: Cannot execute request on any known server
	at com.netflix.discovery.shared.transport.decorator.RetryableEurekaHttpClient.execute(RetryableEurekaHttpClient.java:112)
	at com.netflix.discovery.shared.transport.decorator.EurekaHttpClientDecorator.register(EurekaHttpClientDecorator.java:56)
	at com.netflix.discovery.shared.transport.decorator.EurekaHttpClientDecorator$1.execute(EurekaHttpClientDecorator.java:59)
	at com.netflix.discovery.shared.transport.decorator.SessionedEurekaHttpClient.execute(SessionedEurekaHttpClient.java:76)
	at com.netflix.discovery.shared.transport.decorator.EurekaHttpClientDecorator.register(EurekaHttpClientDecorator.java:56)
	at com.netflix.discovery.DiscoveryClient.register(DiscoveryClient.java:828)
	at com.netflix.discovery.InstanceInfoReplicator.run(InstanceInfoReplicator.java:125)
	at com.netflix.discovery.InstanceInfoReplicator$2.run(InstanceInfoReplicator.java:105)
	at java.base/java.util.concurrent.Executors$RunnableAdapter.call(Executors.java:572)
	at java.base/java.util.concurrent.FutureTask.run(FutureTask.java:317)
	at java.base/java.util.concurrent.ScheduledThreadPoolExecutor$ScheduledFutureTask.run(ScheduledThreadPoolExecutor.java:304)
	at java.base/java.util.concurrent.ThreadPoolExecutor.runWorker(ThreadPoolExecutor.java:1144)
	at java.base/java.util.concurrent.ThreadPoolExecutor$Worker.run(ThreadPoolExecutor.java:642)
	at java.base/java.lang.Thread.run(Thread.java:1583)
2025-06-25 -Unregistering ...
2025-06-25 -Request execution error. endpoint=DefaultEndpoint{ serviceUrl='http://localhost:8761/eureka/}, exception=I/O error on DELETE request for "http://localhost:8761/eureka/apps/CARTMODULE/LTIN555640.cts.com:CartModule:9926": Connect to http://localhost:8761 [localhost/127.0.0.1, localhost/0:0:0:0:0:0:0:1] failed: Connection refused: getsockopt stacktrace=org.springframework.web.client.ResourceAccessException: I/O error on DELETE request for "http://localhost:8761/eureka/apps/CARTMODULE/LTIN555640.cts.com:CartModule:9926": Connect to http://localhost:8761 [localhost/127.0.0.1, localhost/0:0:0:0:0:0:0:1] failed: Connection refused: getsockopt
	at org.springframework.web.client.RestTemplate.createResourceAccessException(RestTemplate.java:926)
	at org.springframework.web.client.RestTemplate.doExecute(RestTemplate.java:906)
	at org.springframework.web.client.RestTemplate.execute(RestTemplate.java:841)
	at org.springframework.web.client.RestTemplate.exchange(RestTemplate.java:702)
	at org.springframework.cloud.netflix.eureka.http.RestTemplateEurekaHttpClient.cancel(RestTemplateEurekaHttpClient.java:100)
	at com.netflix.discovery.shared.transport.decorator.EurekaHttpClientDecorator$2.execute(EurekaHttpClientDecorator.java:74)
	at com.netflix.discovery.shared.transport.decorator.RedirectingEurekaHttpClient.executeOnNewServer(RedirectingEurekaHttpClient.java:121)
	at com.netflix.discovery.shared.transport.decorator.RedirectingEurekaHttpClient.execute(RedirectingEurekaHttpClient.java:80)
	at com.netflix.discovery.shared.transport.decorator.EurekaHttpClientDecorator.cancel(EurekaHttpClientDecorator.java:71)
	at com.netflix.discovery.shared.transport.decorator.EurekaHttpClientDecorator$2.execute(EurekaHttpClientDecorator.java:74)
	at com.netflix.discovery.shared.transport.decorator.RetryableEurekaHttpClient.execute(RetryableEurekaHttpClient.java:120)
	at com.netflix.discovery.shared.transport.decorator.EurekaHttpClientDecorator.cancel(EurekaHttpClientDecorator.java:71)
	at com.netflix.discovery.shared.transport.decorator.EurekaHttpClientDecorator$2.execute(EurekaHttpClientDecorator.java:74)
	at com.netflix.discovery.shared.transport.decorator.SessionedEurekaHttpClient.execute(SessionedEurekaHttpClient.java:76)
	at com.netflix.discovery.shared.transport.decorator.EurekaHttpClientDecorator.cancel(EurekaHttpClientDecorator.java:71)
	at com.netflix.discovery.DiscoveryClient.unregister(DiscoveryClient.java:919)
	at com.netflix.discovery.DiscoveryClient.shutdown(DiscoveryClient.java:900)
	at java.base/jdk.internal.reflect.DirectMethodHandleAccessor.invoke(DirectMethodHandleAccessor.java:103)
	at java.base/java.lang.reflect.Method.invoke(Method.java:580)
	at org.springframework.beans.factory.annotation.InitDestroyAnnotationBeanPostProcessor$LifecycleMethod.invoke(InitDestroyAnnotationBeanPostProcessor.java:457)
	at org.springframework.beans.factory.annotation.InitDestroyAnnotationBeanPostProcessor$LifecycleMetadata.invokeDestroyMethods(InitDestroyAnnotationBeanPostProcessor.java:415)
	at org.springframework.beans.factory.annotation.InitDestroyAnnotationBeanPostProcessor.postProcessBeforeDestruction(InitDestroyAnnotationBeanPostProcessor.java:239)
	at org.springframework.beans.factory.support.DisposableBeanAdapter.destroy(DisposableBeanAdapter.java:202)
	at org.springframework.beans.factory.support.DisposableBeanAdapter.run(DisposableBeanAdapter.java:195)
	at org.springframework.cloud.context.scope.GenericScope$BeanLifecycleWrapper.destroy(GenericScope.java:387)
	at org.springframework.cloud.context.scope.GenericScope.destroy(GenericScope.java:134)
	at org.springframework.beans.factory.support.DisposableBeanAdapter.destroy(DisposableBeanAdapter.java:211)
	at org.springframework.beans.factory.support.DefaultSingletonBeanRegistry.destroyBean(DefaultSingletonBeanRegistry.java:798)
	at org.springframework.beans.factory.support.DefaultSingletonBeanRegistry.destroySingleton(DefaultSingletonBeanRegistry.java:748)
	at org.springframework.beans.factory.support.DefaultListableBeanFactory.destroySingleton(DefaultListableBeanFactory.java:1474)
	at org.springframework.beans.factory.support.DefaultSingletonBeanRegistry.destroySingletons(DefaultSingletonBeanRegistry.java:707)
	at org.springframework.beans.factory.support.DefaultListableBeanFactory.destroySingletons(DefaultListableBeanFactory.java:1467)
	at org.springframework.context.support.AbstractApplicationContext.destroyBeans(AbstractApplicationContext.java:1219)
	at org.springframework.context.support.AbstractApplicationContext.doClose(AbstractApplicationContext.java:1180)
	at org.springframework.boot.web.servlet.context.ServletWebServerApplicationContext.doClose(ServletWebServerApplicationContext.java:179)
	at org.springframework.context.support.AbstractApplicationContext.close(AbstractApplicationContext.java:1126)
	at org.springframework.boot.admin.SpringApplicationAdminMXBeanRegistrar$SpringApplicationAdmin.shutdown(SpringApplicationAdminMXBeanRegistrar.java:160)
	at java.base/jdk.internal.reflect.DirectMethodHandleAccessor.invoke(DirectMethodHandleAccessor.java:103)
	at java.base/java.lang.reflect.Method.invoke(Method.java:580)
	at sun.reflect.misc.Trampoline.invoke(MethodUtil.java:64)
	at java.base/jdk.internal.reflect.DirectMethodHandleAccessor.invoke(DirectMethodHandleAccessor.java:103)
	at java.base/java.lang.reflect.Method.invoke(Method.java:580)
	at java.base/sun.reflect.misc.MethodUtil.invoke(MethodUtil.java:97)
	at java.management/com.sun.jmx.mbeanserver.ConvertingMethod.invokeWithOpenReturn(ConvertingMethod.java:193)
	at java.management/com.sun.jmx.mbeanserver.ConvertingMethod.invokeWithOpenReturn(ConvertingMethod.java:175)
	at java.management/com.sun.jmx.mbeanserver.MXBeanIntrospector.invokeM2(MXBeanIntrospector.java:115)
	at java.management/com.sun.jmx.mbeanserver.MXBeanIntrospector.invokeM2(MXBeanIntrospector.java:52)
	at java.management/com.sun.jmx.mbeanserver.MBeanIntrospector.invokeM(MBeanIntrospector.java:236)
	at java.management/com.sun.jmx.mbeanserver.PerInterface.invoke(PerInterface.java:138)
	at java.management/com.sun.jmx.mbeanserver.MBeanSupport.invoke(MBeanSupport.java:252)
	at java.management/com.sun.jmx.interceptor.DefaultMBeanServerInterceptor.invoke(DefaultMBeanServerInterceptor.java:803)
	at java.management/com.sun.jmx.mbeanserver.JmxMBeanServer.invoke(JmxMBeanServer.java:802)
	at java.management.rmi/javax.management.remote.rmi.RMIConnectionImpl.doOperation(RMIConnectionImpl.java:1472)
	at java.management.rmi/javax.management.remote.rmi.RMIConnectionImpl$PrivilegedOperation.run(RMIConnectionImpl.java:1310)
	at java.management.rmi/javax.management.remote.rmi.RMIConnectionImpl.doPrivilegedOperation(RMIConnectionImpl.java:1405)
	at java.management.rmi/javax.management.remote.rmi.RMIConnectionImpl.invoke(RMIConnectionImpl.java:829)
	at java.base/jdk.internal.reflect.DirectMethodHandleAccessor.invoke(DirectMethodHandleAccessor.java:103)
	at java.base/java.lang.reflect.Method.invoke(Method.java:580)
	at java.rmi/sun.rmi.server.UnicastServerRef.dispatch(UnicastServerRef.java:360)
	at java.rmi/sun.rmi.transport.Transport$1.run(Transport.java:200)
	at java.rmi/sun.rmi.transport.Transport$1.run(Transport.java:197)
	at java.base/java.security.AccessController.doPrivileged(AccessController.java:714)
	at java.rmi/sun.rmi.transport.Transport.serviceCall(Transport.java:196)
	at java.rmi/sun.rmi.transport.tcp.TCPTransport.handleMessages(TCPTransport.java:598)
	at java.rmi/sun.rmi.transport.tcp.TCPTransport$ConnectionHandler.run0(TCPTransport.java:844)
	at java.rmi/sun.rmi.transport.tcp.TCPTransport$ConnectionHandler.lambda$run$0(TCPTransport.java:721)
	at java.base/java.security.AccessController.doPrivileged(AccessController.java:400)
	at java.rmi/sun.rmi.transport.tcp.TCPTransport$ConnectionHandler.run(TCPTransport.java:720)
	at java.base/java.util.concurrent.ThreadPoolExecutor.runWorker(ThreadPoolExecutor.java:1144)
	at java.base/java.util.concurrent.ThreadPoolExecutor$Worker.run(ThreadPoolExecutor.java:642)
	at java.base/java.lang.Thread.run(Thread.java:1583)
Caused by: org.apache.hc.client5.http.HttpHostConnectException: Connect to http://localhost:8761 [localhost/127.0.0.1, localhost/0:0:0:0:0:0:0:1] failed: Connection refused: getsockopt
	at java.base/sun.nio.ch.Net.pollConnect(Native Method)
	at java.base/sun.nio.ch.Net.pollConnectNow(Net.java:682)
	at java.base/sun.nio.ch.NioSocketImpl.timedFinishConnect(NioSocketImpl.java:542)
	at java.base/sun.nio.ch.NioSocketImpl.connect(NioSocketImpl.java:592)
	at java.base/java.net.SocksSocketImpl.connect(SocksSocketImpl.java:327)
	at java.base/java.net.Socket.connect(Socket.java:751)
	at org.apache.hc.client5.http.impl.io.DefaultHttpClientConnectionOperator.connect(DefaultHttpClientConnectionOperator.java:216)
	at org.apache.hc.client5.http.impl.io.PoolingHttpClientConnectionManager.connect(PoolingHttpClientConnectionManager.java:490)
	at org.apache.hc.client5.http.impl.classic.InternalExecRuntime.connectEndpoint(InternalExecRuntime.java:164)
	at org.apache.hc.client5.http.impl.classic.InternalExecRuntime.connectEndpoint(InternalExecRuntime.java:174)
	at org.apache.hc.client5.http.impl.classic.ConnectExec.execute(ConnectExec.java:144)
	at org.apache.hc.client5.http.impl.classic.ExecChainElement.execute(ExecChainElement.java:51)
	at org.apache.hc.client5.http.impl.classic.ProtocolExec.execute(ProtocolExec.java:192)
	at org.apache.hc.client5.http.impl.classic.ExecChainElement.execute(ExecChainElement.java:51)
	at org.apache.hc.client5.http.impl.classic.ContentCompressionExec.execute(ContentCompressionExec.java:150)
	at org.apache.hc.client5.http.impl.classic.ExecChainElement.execute(ExecChainElement.java:51)
	at org.apache.hc.client5.http.impl.classic.HttpRequestRetryExec.execute(HttpRequestRetryExec.java:113)
	at org.apache.hc.client5.http.impl.classic.ExecChainElement.execute(ExecChainElement.java:51)
	at org.apache.hc.client5.http.impl.classic.RedirectExec.execute(RedirectExec.java:110)
	at org.apache.hc.client5.http.impl.classic.ExecChainElement.execute(ExecChainElement.java:51)
	at org.apache.hc.client5.http.impl.classic.InternalHttpClient.doExecute(InternalHttpClient.java:183)
	at org.apache.hc.client5.http.impl.classic.CloseableHttpClient.execute(CloseableHttpClient.java:87)
	at org.apache.hc.client5.http.impl.classic.CloseableHttpClient.execute(CloseableHttpClient.java:55)
	at org.apache.hc.client5.http.classic.HttpClient.executeOpen(HttpClient.java:183)
	at org.springframework.http.client.HttpComponentsClientHttpRequest.executeInternal(HttpComponentsClientHttpRequest.java:99)
	at org.springframework.http.client.AbstractStreamingClientHttpRequest.executeInternal(AbstractStreamingClientHttpRequest.java:71)
	at org.springframework.http.client.AbstractClientHttpRequest.execute(AbstractClientHttpRequest.java:81)
	at org.springframework.http.client.InterceptingClientHttpRequest$InterceptingRequestExecution.execute(InterceptingClientHttpRequest.java:117)
	at org.springframework.cloud.netflix.eureka.http.RestTemplateTransportClientFactory.lambda$restTemplate$2(RestTemplateTransportClientFactory.java:145)
	at org.springframework.http.client.InterceptingClientHttpRequest$InterceptingRequestExecution.execute(InterceptingClientHttpRequest.java:88)
	at org.springframework.http.client.InterceptingClientHttpRequest.executeInternal(InterceptingClientHttpRequest.java:72)
	at org.springframework.http.client.AbstractBufferingClientHttpRequest.executeInternal(AbstractBufferingClientHttpRequest.java:48)
	at org.springframework.http.client.AbstractClientHttpRequest.execute(AbstractClientHttpRequest.java:81)
	at org.springframework.web.client.RestTemplate.doExecute(RestTemplate.java:900)
	... 69 more

2025-06-25 -Request execution failed with message: I/O error on DELETE request for "http://localhost:8761/eureka/apps/CARTMODULE/LTIN555640.cts.com:CartModule:9926": Connect to http://localhost:8761 [localhost/127.0.0.1, localhost/0:0:0:0:0:0:0:1] failed: Connection refused: getsockopt
2025-06-25 -DiscoveryClient_CARTMODULE/LTIN555640.cts.com:CartModule:9926 - de-registration failedCannot execute request on any known server
com.netflix.discovery.shared.transport.TransportException: Cannot execute request on any known server
	at com.netflix.discovery.shared.transport.decorator.RetryableEurekaHttpClient.execute(RetryableEurekaHttpClient.java:112)
	at com.netflix.discovery.shared.transport.decorator.EurekaHttpClientDecorator.cancel(EurekaHttpClientDecorator.java:71)
	at com.netflix.discovery.shared.transport.decorator.EurekaHttpClientDecorator$2.execute(EurekaHttpClientDecorator.java:74)
	at com.netflix.discovery.shared.transport.decorator.SessionedEurekaHttpClient.execute(SessionedEurekaHttpClient.java:76)
	at com.netflix.discovery.shared.transport.decorator.EurekaHttpClientDecorator.cancel(EurekaHttpClientDecorator.java:71)
	at com.netflix.discovery.DiscoveryClient.unregister(DiscoveryClient.java:919)
	at com.netflix.discovery.DiscoveryClient.shutdown(DiscoveryClient.java:900)
	at java.base/jdk.internal.reflect.DirectMethodHandleAccessor.invoke(DirectMethodHandleAccessor.java:103)
	at java.base/java.lang.reflect.Method.invoke(Method.java:580)
	at org.springframework.beans.factory.annotation.InitDestroyAnnotationBeanPostProcessor$LifecycleMethod.invoke(InitDestroyAnnotationBeanPostProcessor.java:457)
	at org.springframework.beans.factory.annotation.InitDestroyAnnotationBeanPostProcessor$LifecycleMetadata.invokeDestroyMethods(InitDestroyAnnotationBeanPostProcessor.java:415)
	at org.springframework.beans.factory.annotation.InitDestroyAnnotationBeanPostProcessor.postProcessBeforeDestruction(InitDestroyAnnotationBeanPostProcessor.java:239)
	at org.springframework.beans.factory.support.DisposableBeanAdapter.destroy(DisposableBeanAdapter.java:202)
	at org.springframework.beans.factory.support.DisposableBeanAdapter.run(DisposableBeanAdapter.java:195)
	at org.springframework.cloud.context.scope.GenericScope$BeanLifecycleWrapper.destroy(GenericScope.java:387)
	at org.springframework.cloud.context.scope.GenericScope.destroy(GenericScope.java:134)
	at org.springframework.beans.factory.support.DisposableBeanAdapter.destroy(DisposableBeanAdapter.java:211)
	at org.springframework.beans.factory.support.DefaultSingletonBeanRegistry.destroyBean(DefaultSingletonBeanRegistry.java:798)
	at org.springframework.beans.factory.support.DefaultSingletonBeanRegistry.destroySingleton(DefaultSingletonBeanRegistry.java:748)
	at org.springframework.beans.factory.support.DefaultListableBeanFactory.destroySingleton(DefaultListableBeanFactory.java:1474)
	at org.springframework.beans.factory.support.DefaultSingletonBeanRegistry.destroySingletons(DefaultSingletonBeanRegistry.java:707)
	at org.springframework.beans.factory.support.DefaultListableBeanFactory.destroySingletons(DefaultListableBeanFactory.java:1467)
	at org.springframework.context.support.AbstractApplicationContext.destroyBeans(AbstractApplicationContext.java:1219)
	at org.springframework.context.support.AbstractApplicationContext.doClose(AbstractApplicationContext.java:1180)
	at org.springframework.boot.web.servlet.context.ServletWebServerApplicationContext.doClose(ServletWebServerApplicationContext.java:179)
	at org.springframework.context.support.AbstractApplicationContext.close(AbstractApplicationContext.java:1126)
	at org.springframework.boot.admin.SpringApplicationAdminMXBeanRegistrar$SpringApplicationAdmin.shutdown(SpringApplicationAdminMXBeanRegistrar.java:160)
	at java.base/jdk.internal.reflect.DirectMethodHandleAccessor.invoke(DirectMethodHandleAccessor.java:103)
	at java.base/java.lang.reflect.Method.invoke(Method.java:580)
	at sun.reflect.misc.Trampoline.invoke(MethodUtil.java:64)
	at java.base/jdk.internal.reflect.DirectMethodHandleAccessor.invoke(DirectMethodHandleAccessor.java:103)
	at java.base/java.lang.reflect.Method.invoke(Method.java:580)
	at java.base/sun.reflect.misc.MethodUtil.invoke(MethodUtil.java:97)
	at java.management/com.sun.jmx.mbeanserver.ConvertingMethod.invokeWithOpenReturn(ConvertingMethod.java:193)
	at java.management/com.sun.jmx.mbeanserver.ConvertingMethod.invokeWithOpenReturn(ConvertingMethod.java:175)
	at java.management/com.sun.jmx.mbeanserver.MXBeanIntrospector.invokeM2(MXBeanIntrospector.java:115)
	at java.management/com.sun.jmx.mbeanserver.MXBeanIntrospector.invokeM2(MXBeanIntrospector.java:52)
	at java.management/com.sun.jmx.mbeanserver.MBeanIntrospector.invokeM(MBeanIntrospector.java:236)
	at java.management/com.sun.jmx.mbeanserver.PerInterface.invoke(PerInterface.java:138)
	at java.management/com.sun.jmx.mbeanserver.MBeanSupport.invoke(MBeanSupport.java:252)
	at java.management/com.sun.jmx.interceptor.DefaultMBeanServerInterceptor.invoke(DefaultMBeanServerInterceptor.java:803)
	at java.management/com.sun.jmx.mbeanserver.JmxMBeanServer.invoke(JmxMBeanServer.java:802)
	at java.management.rmi/javax.management.remote.rmi.RMIConnectionImpl.doOperation(RMIConnectionImpl.java:1472)
	at java.management.rmi/javax.management.remote.rmi.RMIConnectionImpl$PrivilegedOperation.run(RMIConnectionImpl.java:1310)
	at java.management.rmi/javax.management.remote.rmi.RMIConnectionImpl.doPrivilegedOperation(RMIConnectionImpl.java:1405)
	at java.management.rmi/javax.management.remote.rmi.RMIConnectionImpl.invoke(RMIConnectionImpl.java:829)
	at java.base/jdk.internal.reflect.DirectMethodHandleAccessor.invoke(DirectMethodHandleAccessor.java:103)
	at java.base/java.lang.reflect.Method.invoke(Method.java:580)
	at java.rmi/sun.rmi.server.UnicastServerRef.dispatch(UnicastServerRef.java:360)
	at java.rmi/sun.rmi.transport.Transport$1.run(Transport.java:200)
	at java.rmi/sun.rmi.transport.Transport$1.run(Transport.java:197)
	at java.base/java.security.AccessController.doPrivileged(AccessController.java:714)
	at java.rmi/sun.rmi.transport.Transport.serviceCall(Transport.java:196)
	at java.rmi/sun.rmi.transport.tcp.TCPTransport.handleMessages(TCPTransport.java:598)
	at java.rmi/sun.rmi.transport.tcp.TCPTransport$ConnectionHandler.run0(TCPTransport.java:844)
	at java.rmi/sun.rmi.transport.tcp.TCPTransport$ConnectionHandler.lambda$run$0(TCPTransport.java:721)
	at java.base/java.security.AccessController.doPrivileged(AccessController.java:400)
	at java.rmi/sun.rmi.transport.tcp.TCPTransport$ConnectionHandler.run(TCPTransport.java:720)
	at java.base/java.util.concurrent.ThreadPoolExecutor.runWorker(ThreadPoolExecutor.java:1144)
	at java.base/java.util.concurrent.ThreadPoolExecutor$Worker.run(ThreadPoolExecutor.java:642)
	at java.base/java.lang.Thread.run(Thread.java:1583)
2025-06-25 -Completed shut down of DiscoveryClient
2025-06-25 -Starting CartModuleApplication using Java 21.0.6 with PID 23464 (C:\Users\2406757\OneDrive - Cognizant\Desktop\Ecommerce\CartModule\target\classes started by 2406757 in C:\Users\2406757\OneDrive - Cognizant\Desktop\Ecommerce\CartModule)
2025-06-25 -No active profile set, falling back to 1 default profile: "default"
2025-06-25 -Bootstrapping Spring Data JPA repositories in DEFAULT mode.
2025-06-25 -Finished Spring Data repository scanning in 308 ms. Found 2 JPA repository interfaces.
2025-06-25 -BeanFactory id=6f750af5-39c0-3634-a8b1-9aa54b363912
2025-06-25 -Tomcat initialized with port 9926 (http)
2025-06-25 -Starting service [Tomcat]
2025-06-25 -Starting Servlet engine: [Apache Tomcat/10.1.41]
2025-06-25 -Initializing Spring embedded WebApplicationContext
2025-06-25 -Root WebApplicationContext: initialization completed in 4162 ms
2025-06-25 -HHH000204: Processing PersistenceUnitInfo [name: default]
2025-06-25 -HHH000412: Hibernate ORM core version 6.6.15.Final
2025-06-25 -HHH000026: Second-level cache disabled
2025-06-25 -No LoadTimeWeaver setup: ignoring JPA class transformer
2025-06-25 -HikariPool-1 - Starting...
2025-06-25 -HikariPool-1 - Added connection com.mysql.cj.jdbc.ConnectionImpl@729a9c3d
2025-06-25 -HikariPool-1 - Start completed.
2025-06-25 -HHH10001005: Database info:
	Database JDBC URL [Connecting through datasource 'HikariDataSource (HikariPool-1)']
	Database driver: undefined/unknown
	Database version: 8.0.41
	Autocommit mode: undefined/unknown
	Isolation level: undefined/unknown
	Minimum pool size: undefined/unknown
	Maximum pool size: undefined/unknown
2025-06-25 -HHH000489: No JTA platform available (set 'hibernate.transaction.jta.platform' to enable JTA platform integration)
2025-06-25 -Initialized JPA EntityManagerFactory for persistence unit 'default'
2025-06-25 -spring.jpa.open-in-view is enabled by default. Therefore, database queries may be performed during view rendering. Explicitly configure spring.jpa.open-in-view to disable this warning
2025-06-25 -For 'user2' URL not provided. Will try picking an instance via load-balancing.
2025-06-25 -For 'Project' URL not provided. Will try picking an instance via load-balancing.
2025-06-25 -Eureka HTTP Client uses RestTemplate.
2025-06-25 -Spring Cloud LoadBalancer is currently working with the default cache. While this cache implementation is useful for development and tests, it's recommended to use Caffeine cache in production.You can switch to using Caffeine cache, by adding it and org.springframework.cache.caffeine.CaffeineCacheManager to the classpath.
2025-06-25 -Setting initial instance status as: STARTING
2025-06-25 -Initializing Eureka in region us-east-1
2025-06-25 -Resolving eureka endpoints via configuration
2025-06-25 -Disable delta property : false
2025-06-25 -Single vip registry refresh property : null
2025-06-25 -Force full registry fetch : false
2025-06-25 -Application is null : false
2025-06-25 -Registered Applications size is zero : true
2025-06-25 -Application version is -1: true
2025-06-25 -Getting all instance registry info from the eureka server
2025-06-25 -The response status is 200
2025-06-25 -Starting heartbeat executor: renew interval is: 30
2025-06-25 -InstanceInfoReplicator onDemand update allowed rate per min is 4
2025-06-25 -Discovery Client initialized at timestamp 1750851413366 with initial instances count: 0
2025-06-25 -Registering application CARTMODULE with eureka with status UP
2025-06-25 -Saw local status change event StatusChangeEvent [timestamp=1750851413376, current=UP, previous=STARTING]
2025-06-25 -DiscoveryClient_CARTMODULE/LTIN555640.cts.com:CartModule:9926: registering service...
2025-06-25 -Tomcat started on port 9926 (http) with context path '/'
2025-06-25 -Updating port to 9926
2025-06-25 -Started CartModuleApplication in 14.383 seconds (process running for 16.359)
2025-06-25 -DiscoveryClient_CARTMODULE/LTIN555640.cts.com:CartModule:9926 - registration status: 204
2025-06-25 -Disable delta property : false
2025-06-25 -Single vip registry refresh property : null
2025-06-25 -Force full registry fetch : false
2025-06-25 -Application is null : false
2025-06-25 -Registered Applications size is zero : true
2025-06-25 -Application version is -1: false
2025-06-25 -Getting all instance registry info from the eureka server
2025-06-25 -The response status is 200
2025-06-25 -Initializing Spring DispatcherServlet 'dispatcherServlet'
2025-06-25 -Initializing Servlet 'dispatcherServlet'
2025-06-25 -Completed initialization in 2 ms
2025-06-25 -Init duration for springdoc-openapi is: 245 ms
2025-06-25 -Resolving eureka endpoints via configuration
2025-06-25 -Application shutdown requested.
2025-06-25 -Unregistering application CARTMODULE with eureka with status DOWN
2025-06-25 -Saw local status change event StatusChangeEvent [timestamp=1750851972312, current=DOWN, previous=UP]
2025-06-25 -DiscoveryClient_CARTMODULE/LTIN555640.cts.com:CartModule:9926: registering service...
2025-06-25 -DiscoveryClient_CARTMODULE/LTIN555640.cts.com:CartModule:9926 - registration status: 204
2025-06-25 -Commencing graceful shutdown. Waiting for active requests to complete
2025-06-25 -Graceful shutdown complete
2025-06-25 -Closing JPA EntityManagerFactory for persistence unit 'default'
2025-06-25 -HikariPool-1 - Shutdown initiated...
2025-06-25 -HikariPool-1 - Shutdown completed.
2025-06-25 -Shutting down DiscoveryClient ...
2025-06-25 -Unregistering ...
2025-06-25 -DiscoveryClient_CARTMODULE/LTIN555640.cts.com:CartModule:9926 - deregister  status: 200
2025-06-25 -Completed shut down of DiscoveryClient
2025-06-25 -Starting CartModuleApplication using Java 21.0.6 with PID 4436 (C:\Users\2406757\OneDrive - Cognizant\Desktop\Ecommerce\CartModule\target\classes started by 2406757 in C:\Users\2406757\OneDrive - Cognizant\Desktop\Ecommerce\CartModule)
2025-06-25 -No active profile set, falling back to 1 default profile: "default"
2025-06-25 -Bootstrapping Spring Data JPA repositories in DEFAULT mode.
2025-06-25 -Finished Spring Data repository scanning in 379 ms. Found 2 JPA repository interfaces.
2025-06-25 -BeanFactory id=6f750af5-39c0-3634-a8b1-9aa54b363912
2025-06-25 -Tomcat initialized with port 9926 (http)
2025-06-25 -Starting service [Tomcat]
2025-06-25 -Starting Servlet engine: [Apache Tomcat/10.1.41]
2025-06-25 -Initializing Spring embedded WebApplicationContext
2025-06-25 -Root WebApplicationContext: initialization completed in 4442 ms
2025-06-25 -HHH000204: Processing PersistenceUnitInfo [name: default]
2025-06-25 -HHH000412: Hibernate ORM core version 6.6.15.Final
2025-06-25 -HHH000026: Second-level cache disabled
2025-06-25 -No LoadTimeWeaver setup: ignoring JPA class transformer
2025-06-25 -HikariPool-1 - Starting...
2025-06-25 -HikariPool-1 - Added connection com.mysql.cj.jdbc.ConnectionImpl@4deca78
2025-06-25 -HikariPool-1 - Start completed.
2025-06-25 -HHH10001005: Database info:
	Database JDBC URL [Connecting through datasource 'HikariDataSource (HikariPool-1)']
	Database driver: undefined/unknown
	Database version: 8.0.41
	Autocommit mode: undefined/unknown
	Isolation level: undefined/unknown
	Minimum pool size: undefined/unknown
	Maximum pool size: undefined/unknown
2025-06-25 -HHH000489: No JTA platform available (set 'hibernate.transaction.jta.platform' to enable JTA platform integration)
2025-06-25 -Initialized JPA EntityManagerFactory for persistence unit 'default'
2025-06-25 -spring.jpa.open-in-view is enabled by default. Therefore, database queries may be performed during view rendering. Explicitly configure spring.jpa.open-in-view to disable this warning
2025-06-25 -For 'user2' URL not provided. Will try picking an instance via load-balancing.
2025-06-25 -For 'Project' URL not provided. Will try picking an instance via load-balancing.
2025-06-25 -Eureka HTTP Client uses RestTemplate.
2025-06-25 -Spring Cloud LoadBalancer is currently working with the default cache. While this cache implementation is useful for development and tests, it's recommended to use Caffeine cache in production.You can switch to using Caffeine cache, by adding it and org.springframework.cache.caffeine.CaffeineCacheManager to the classpath.
2025-06-25 -Setting initial instance status as: STARTING
2025-06-25 -Initializing Eureka in region us-east-1
2025-06-25 -Resolving eureka endpoints via configuration
2025-06-25 -Disable delta property : false
2025-06-25 -Single vip registry refresh property : null
2025-06-25 -Force full registry fetch : false
2025-06-25 -Application is null : false
2025-06-25 -Registered Applications size is zero : true
2025-06-25 -Application version is -1: true
2025-06-25 -Getting all instance registry info from the eureka server
2025-06-25 -The response status is 200
2025-06-25 -Starting heartbeat executor: renew interval is: 30
2025-06-25 -InstanceInfoReplicator onDemand update allowed rate per min is 4
2025-06-25 -Discovery Client initialized at timestamp 1750852003491 with initial instances count: 4
2025-06-25 -Registering application CARTMODULE with eureka with status UP
2025-06-25 -Saw local status change event StatusChangeEvent [timestamp=1750852003513, current=UP, previous=STARTING]
2025-06-25 -DiscoveryClient_CARTMODULE/LTIN555640.cts.com:CartModule:9926: registering service...
2025-06-25 -Tomcat started on port 9926 (http) with context path '/'
2025-06-25 -Updating port to 9926
2025-06-25 -Started CartModuleApplication in 15.826 seconds (process running for 17.655)
2025-06-25 -DiscoveryClient_CARTMODULE/LTIN555640.cts.com:CartModule:9926 - registration status: 204
2025-06-25 -Initializing Spring DispatcherServlet 'dispatcherServlet'
2025-06-25 -Initializing Servlet 'dispatcherServlet'
2025-06-25 -Completed initialization in 3 ms
2025-06-25 -Resolving eureka endpoints via configuration
2025-06-25 -Application shutdown requested.
2025-06-25 -Unregistering application CARTMODULE with eureka with status DOWN
2025-06-25 -Saw local status change event StatusChangeEvent [timestamp=1750852303045, current=DOWN, previous=UP]
2025-06-25 -DiscoveryClient_CARTMODULE/LTIN555640.cts.com:CartModule:9926: registering service...
2025-06-25 -Commencing graceful shutdown. Waiting for active requests to complete
2025-06-25 -DiscoveryClient_CARTMODULE/LTIN555640.cts.com:CartModule:9926 - registration status: 204
2025-06-25 -Graceful shutdown complete
2025-06-25 -Closing JPA EntityManagerFactory for persistence unit 'default'
2025-06-25 -HikariPool-1 - Shutdown initiated...
2025-06-25 -HikariPool-1 - Shutdown completed.
2025-06-25 -Shutting down DiscoveryClient ...
2025-06-25 -Unregistering ...
2025-06-25 -task supervisor shutting down, can't accept the task
2025-06-25 -DiscoveryClient_CARTMODULE/LTIN555640.cts.com:CartModule:9926 - deregister  status: 200
2025-06-25 -Completed shut down of DiscoveryClient
2025-06-25 -Starting CartModuleApplication using Java 21.0.6 with PID 3488 (C:\Users\2406757\OneDrive - Cognizant\Desktop\Ecommerce\CartModule\target\classes started by 2406757 in C:\Users\2406757\OneDrive - Cognizant\Desktop\Ecommerce\CartModule)
2025-06-25 -No active profile set, falling back to 1 default profile: "default"
2025-06-25 -Bootstrapping Spring Data JPA repositories in DEFAULT mode.
2025-06-25 -Finished Spring Data repository scanning in 237 ms. Found 2 JPA repository interfaces.
2025-06-25 -BeanFactory id=6f750af5-39c0-3634-a8b1-9aa54b363912
2025-06-25 -Tomcat initialized with port 9926 (http)
2025-06-25 -Starting service [Tomcat]
2025-06-25 -Starting Servlet engine: [Apache Tomcat/10.1.41]
2025-06-25 -Initializing Spring embedded WebApplicationContext
2025-06-25 -Root WebApplicationContext: initialization completed in 3543 ms
2025-06-25 -HHH000204: Processing PersistenceUnitInfo [name: default]
2025-06-25 -HHH000412: Hibernate ORM core version 6.6.15.Final
2025-06-25 -HHH000026: Second-level cache disabled
2025-06-25 -No LoadTimeWeaver setup: ignoring JPA class transformer
2025-06-25 -HikariPool-1 - Starting...
2025-06-25 -HikariPool-1 - Added connection com.mysql.cj.jdbc.ConnectionImpl@c7269ad
2025-06-25 -HikariPool-1 - Start completed.
2025-06-25 -HHH10001005: Database info:
	Database JDBC URL [Connecting through datasource 'HikariDataSource (HikariPool-1)']
	Database driver: undefined/unknown
	Database version: 8.0.41
	Autocommit mode: undefined/unknown
	Isolation level: undefined/unknown
	Minimum pool size: undefined/unknown
	Maximum pool size: undefined/unknown
2025-06-25 -HHH000489: No JTA platform available (set 'hibernate.transaction.jta.platform' to enable JTA platform integration)
2025-06-25 -Initialized JPA EntityManagerFactory for persistence unit 'default'
2025-06-25 -spring.jpa.open-in-view is enabled by default. Therefore, database queries may be performed during view rendering. Explicitly configure spring.jpa.open-in-view to disable this warning
2025-06-25 -For 'user2' URL not provided. Will try picking an instance via load-balancing.
2025-06-25 -For 'Project' URL not provided. Will try picking an instance via load-balancing.
2025-06-25 -Eureka HTTP Client uses RestTemplate.
2025-06-25 -Spring Cloud LoadBalancer is currently working with the default cache. While this cache implementation is useful for development and tests, it's recommended to use Caffeine cache in production.You can switch to using Caffeine cache, by adding it and org.springframework.cache.caffeine.CaffeineCacheManager to the classpath.
2025-06-25 -Setting initial instance status as: STARTING
2025-06-25 -Initializing Eureka in region us-east-1
2025-06-25 -Resolving eureka endpoints via configuration
2025-06-25 -Disable delta property : false
2025-06-25 -Single vip registry refresh property : null
2025-06-25 -Force full registry fetch : false
2025-06-25 -Application is null : false
2025-06-25 -Registered Applications size is zero : true
2025-06-25 -Application version is -1: true
2025-06-25 -Getting all instance registry info from the eureka server
2025-06-25 -The response status is 200
2025-06-25 -Starting heartbeat executor: renew interval is: 30
2025-06-25 -InstanceInfoReplicator onDemand update allowed rate per min is 4
2025-06-25 -Discovery Client initialized at timestamp 1750852327684 with initial instances count: 4
2025-06-25 -Registering application CARTMODULE with eureka with status UP
2025-06-25 -Saw local status change event StatusChangeEvent [timestamp=1750852327694, current=UP, previous=STARTING]
2025-06-25 -DiscoveryClient_CARTMODULE/LTIN555640.cts.com:CartModule:9926: registering service...
2025-06-25 -Tomcat started on port 9926 (http) with context path '/'
2025-06-25 -Updating port to 9926
2025-06-25 -Started CartModuleApplication in 11.599 seconds (process running for 13.558)
2025-06-25 -DiscoveryClient_CARTMODULE/LTIN555640.cts.com:CartModule:9926 - registration status: 204
2025-06-25 -Application shutdown requested.
2025-06-25 -Unregistering application CARTMODULE with eureka with status DOWN
2025-06-25 -Saw local status change event StatusChangeEvent [timestamp=1750852375739, current=DOWN, previous=UP]
2025-06-25 -DiscoveryClient_CARTMODULE/LTIN555640.cts.com:CartModule:9926: registering service...
2025-06-25 -Commencing graceful shutdown. Waiting for active requests to complete
2025-06-25 -DiscoveryClient_CARTMODULE/LTIN555640.cts.com:CartModule:9926 - registration status: 204
2025-06-25 -Graceful shutdown complete
2025-06-25 -Closing JPA EntityManagerFactory for persistence unit 'default'
2025-06-25 -HikariPool-1 - Shutdown initiated...
2025-06-25 -HikariPool-1 - Shutdown completed.
2025-06-25 -Shutting down DiscoveryClient ...
2025-06-25 -Unregistering ...
2025-06-25 -Request execution error. endpoint=DefaultEndpoint{ serviceUrl='http://localhost:8761/eureka/} exception=I/O error on DELETE request for "http://localhost:8761/eureka/apps/CARTMODULE/LTIN555640.cts.com:CartModule:9926": Connect to http://localhost:8761 [localhost/127.0.0.1, localhost/0:0:0:0:0:0:0:1] failed: Connection refused: getsockopt stacktrace=org.springframework.web.client.ResourceAccessException: I/O error on DELETE request for "http://localhost:8761/eureka/apps/CARTMODULE/LTIN555640.cts.com:CartModule:9926": Connect to http://localhost:8761 [localhost/127.0.0.1, localhost/0:0:0:0:0:0:0:1] failed: Connection refused: getsockopt
	at org.springframework.web.client.RestTemplate.createResourceAccessException(RestTemplate.java:926)
	at org.springframework.web.client.RestTemplate.doExecute(RestTemplate.java:906)
	at org.springframework.web.client.RestTemplate.execute(RestTemplate.java:841)
	at org.springframework.web.client.RestTemplate.exchange(RestTemplate.java:702)
	at org.springframework.cloud.netflix.eureka.http.RestTemplateEurekaHttpClient.cancel(RestTemplateEurekaHttpClient.java:100)
	at com.netflix.discovery.shared.transport.decorator.EurekaHttpClientDecorator$2.execute(EurekaHttpClientDecorator.java:74)
	at com.netflix.discovery.shared.transport.decorator.RedirectingEurekaHttpClient.execute(RedirectingEurekaHttpClient.java:91)
	at com.netflix.discovery.shared.transport.decorator.EurekaHttpClientDecorator.cancel(EurekaHttpClientDecorator.java:71)
	at com.netflix.discovery.shared.transport.decorator.EurekaHttpClientDecorator$2.execute(EurekaHttpClientDecorator.java:74)
	at com.netflix.discovery.shared.transport.decorator.RetryableEurekaHttpClient.execute(RetryableEurekaHttpClient.java:120)
	at com.netflix.discovery.shared.transport.decorator.EurekaHttpClientDecorator.cancel(EurekaHttpClientDecorator.java:71)
	at com.netflix.discovery.shared.transport.decorator.EurekaHttpClientDecorator$2.execute(EurekaHttpClientDecorator.java:74)
	at com.netflix.discovery.shared.transport.decorator.SessionedEurekaHttpClient.execute(SessionedEurekaHttpClient.java:76)
	at com.netflix.discovery.shared.transport.decorator.EurekaHttpClientDecorator.cancel(EurekaHttpClientDecorator.java:71)
	at com.netflix.discovery.DiscoveryClient.unregister(DiscoveryClient.java:919)
	at com.netflix.discovery.DiscoveryClient.shutdown(DiscoveryClient.java:900)
	at java.base/jdk.internal.reflect.DirectMethodHandleAccessor.invoke(DirectMethodHandleAccessor.java:103)
	at java.base/java.lang.reflect.Method.invoke(Method.java:580)
	at org.springframework.beans.factory.annotation.InitDestroyAnnotationBeanPostProcessor$LifecycleMethod.invoke(InitDestroyAnnotationBeanPostProcessor.java:457)
	at org.springframework.beans.factory.annotation.InitDestroyAnnotationBeanPostProcessor$LifecycleMetadata.invokeDestroyMethods(InitDestroyAnnotationBeanPostProcessor.java:415)
	at org.springframework.beans.factory.annotation.InitDestroyAnnotationBeanPostProcessor.postProcessBeforeDestruction(InitDestroyAnnotationBeanPostProcessor.java:239)
	at org.springframework.beans.factory.support.DisposableBeanAdapter.destroy(DisposableBeanAdapter.java:202)
	at org.springframework.beans.factory.support.DisposableBeanAdapter.run(DisposableBeanAdapter.java:195)
	at org.springframework.cloud.context.scope.GenericScope$BeanLifecycleWrapper.destroy(GenericScope.java:387)
	at org.springframework.cloud.context.scope.GenericScope.destroy(GenericScope.java:134)
	at org.springframework.beans.factory.support.DisposableBeanAdapter.destroy(DisposableBeanAdapter.java:211)
	at org.springframework.beans.factory.support.DefaultSingletonBeanRegistry.destroyBean(DefaultSingletonBeanRegistry.java:798)
	at org.springframework.beans.factory.support.DefaultSingletonBeanRegistry.destroySingleton(DefaultSingletonBeanRegistry.java:748)
	at org.springframework.beans.factory.support.DefaultListableBeanFactory.destroySingleton(DefaultListableBeanFactory.java:1474)
	at org.springframework.beans.factory.support.DefaultSingletonBeanRegistry.destroySingletons(DefaultSingletonBeanRegistry.java:707)
	at org.springframework.beans.factory.support.DefaultListableBeanFactory.destroySingletons(DefaultListableBeanFactory.java:1467)
	at org.springframework.context.support.AbstractApplicationContext.destroyBeans(AbstractApplicationContext.java:1219)
	at org.springframework.context.support.AbstractApplicationContext.doClose(AbstractApplicationContext.java:1180)
	at org.springframework.boot.web.servlet.context.ServletWebServerApplicationContext.doClose(ServletWebServerApplicationContext.java:179)
	at org.springframework.context.support.AbstractApplicationContext.close(AbstractApplicationContext.java:1126)
	at org.springframework.boot.admin.SpringApplicationAdminMXBeanRegistrar$SpringApplicationAdmin.shutdown(SpringApplicationAdminMXBeanRegistrar.java:160)
	at java.base/jdk.internal.reflect.DirectMethodHandleAccessor.invoke(DirectMethodHandleAccessor.java:103)
	at java.base/java.lang.reflect.Method.invoke(Method.java:580)
	at sun.reflect.misc.Trampoline.invoke(MethodUtil.java:64)
	at java.base/jdk.internal.reflect.DirectMethodHandleAccessor.invoke(DirectMethodHandleAccessor.java:103)
	at java.base/java.lang.reflect.Method.invoke(Method.java:580)
	at java.base/sun.reflect.misc.MethodUtil.invoke(MethodUtil.java:97)
	at java.management/com.sun.jmx.mbeanserver.ConvertingMethod.invokeWithOpenReturn(ConvertingMethod.java:193)
	at java.management/com.sun.jmx.mbeanserver.ConvertingMethod.invokeWithOpenReturn(ConvertingMethod.java:175)
	at java.management/com.sun.jmx.mbeanserver.MXBeanIntrospector.invokeM2(MXBeanIntrospector.java:115)
	at java.management/com.sun.jmx.mbeanserver.MXBeanIntrospector.invokeM2(MXBeanIntrospector.java:52)
	at java.management/com.sun.jmx.mbeanserver.MBeanIntrospector.invokeM(MBeanIntrospector.java:236)
	at java.management/com.sun.jmx.mbeanserver.PerInterface.invoke(PerInterface.java:138)
	at java.management/com.sun.jmx.mbeanserver.MBeanSupport.invoke(MBeanSupport.java:252)
	at java.management/com.sun.jmx.interceptor.DefaultMBeanServerInterceptor.invoke(DefaultMBeanServerInterceptor.java:803)
	at java.management/com.sun.jmx.mbeanserver.JmxMBeanServer.invoke(JmxMBeanServer.java:802)
	at java.management.rmi/javax.management.remote.rmi.RMIConnectionImpl.doOperation(RMIConnectionImpl.java:1472)
	at java.management.rmi/javax.management.remote.rmi.RMIConnectionImpl$PrivilegedOperation.run(RMIConnectionImpl.java:1310)
	at java.management.rmi/javax.management.remote.rmi.RMIConnectionImpl.doPrivilegedOperation(RMIConnectionImpl.java:1405)
	at java.management.rmi/javax.management.remote.rmi.RMIConnectionImpl.invoke(RMIConnectionImpl.java:829)
	at java.base/jdk.internal.reflect.DirectMethodHandleAccessor.invoke(DirectMethodHandleAccessor.java:103)
	at java.base/java.lang.reflect.Method.invoke(Method.java:580)
	at java.rmi/sun.rmi.server.UnicastServerRef.dispatch(UnicastServerRef.java:360)
	at java.rmi/sun.rmi.transport.Transport$1.run(Transport.java:200)
	at java.rmi/sun.rmi.transport.Transport$1.run(Transport.java:197)
	at java.base/java.security.AccessController.doPrivileged(AccessController.java:714)
	at java.rmi/sun.rmi.transport.Transport.serviceCall(Transport.java:196)
	at java.rmi/sun.rmi.transport.tcp.TCPTransport.handleMessages(TCPTransport.java:598)
	at java.rmi/sun.rmi.transport.tcp.TCPTransport$ConnectionHandler.run0(TCPTransport.java:844)
	at java.rmi/sun.rmi.transport.tcp.TCPTransport$ConnectionHandler.lambda$run$0(TCPTransport.java:721)
	at java.base/java.security.AccessController.doPrivileged(AccessController.java:400)
	at java.rmi/sun.rmi.transport.tcp.TCPTransport$ConnectionHandler.run(TCPTransport.java:720)
	at java.base/java.util.concurrent.ThreadPoolExecutor.runWorker(ThreadPoolExecutor.java:1144)
	at java.base/java.util.concurrent.ThreadPoolExecutor$Worker.run(ThreadPoolExecutor.java:642)
	at java.base/java.lang.Thread.run(Thread.java:1583)
Caused by: org.apache.hc.client5.http.HttpHostConnectException: Connect to http://localhost:8761 [localhost/127.0.0.1, localhost/0:0:0:0:0:0:0:1] failed: Connection refused: getsockopt
	at java.base/sun.nio.ch.Net.pollConnect(Native Method)
	at java.base/sun.nio.ch.Net.pollConnectNow(Net.java:682)
	at java.base/sun.nio.ch.NioSocketImpl.timedFinishConnect(NioSocketImpl.java:542)
	at java.base/sun.nio.ch.NioSocketImpl.connect(NioSocketImpl.java:592)
	at java.base/java.net.SocksSocketImpl.connect(SocksSocketImpl.java:327)
	at java.base/java.net.Socket.connect(Socket.java:751)
	at org.apache.hc.client5.http.impl.io.DefaultHttpClientConnectionOperator.connect(DefaultHttpClientConnectionOperator.java:216)
	at org.apache.hc.client5.http.impl.io.PoolingHttpClientConnectionManager.connect(PoolingHttpClientConnectionManager.java:490)
	at org.apache.hc.client5.http.impl.classic.InternalExecRuntime.connectEndpoint(InternalExecRuntime.java:164)
	at org.apache.hc.client5.http.impl.classic.InternalExecRuntime.connectEndpoint(InternalExecRuntime.java:174)
	at org.apache.hc.client5.http.impl.classic.ConnectExec.execute(ConnectExec.java:144)
	at org.apache.hc.client5.http.impl.classic.ExecChainElement.execute(ExecChainElement.java:51)
	at org.apache.hc.client5.http.impl.classic.ProtocolExec.execute(ProtocolExec.java:192)
	at org.apache.hc.client5.http.impl.classic.ExecChainElement.execute(ExecChainElement.java:51)
	at org.apache.hc.client5.http.impl.classic.ContentCompressionExec.execute(ContentCompressionExec.java:150)
	at org.apache.hc.client5.http.impl.classic.ExecChainElement.execute(ExecChainElement.java:51)
	at org.apache.hc.client5.http.impl.classic.HttpRequestRetryExec.execute(HttpRequestRetryExec.java:113)
	at org.apache.hc.client5.http.impl.classic.ExecChainElement.execute(ExecChainElement.java:51)
	at org.apache.hc.client5.http.impl.classic.RedirectExec.execute(RedirectExec.java:110)
	at org.apache.hc.client5.http.impl.classic.ExecChainElement.execute(ExecChainElement.java:51)
	at org.apache.hc.client5.http.impl.classic.InternalHttpClient.doExecute(InternalHttpClient.java:183)
	at org.apache.hc.client5.http.impl.classic.CloseableHttpClient.execute(CloseableHttpClient.java:87)
	at org.apache.hc.client5.http.impl.classic.CloseableHttpClient.execute(CloseableHttpClient.java:55)
	at org.apache.hc.client5.http.classic.HttpClient.executeOpen(HttpClient.java:183)
	at org.springframework.http.client.HttpComponentsClientHttpRequest.executeInternal(HttpComponentsClientHttpRequest.java:99)
	at org.springframework.http.client.AbstractStreamingClientHttpRequest.executeInternal(AbstractStreamingClientHttpRequest.java:71)
	at org.springframework.http.client.AbstractClientHttpRequest.execute(AbstractClientHttpRequest.java:81)
	at org.springframework.http.client.InterceptingClientHttpRequest$InterceptingRequestExecution.execute(InterceptingClientHttpRequest.java:117)
	at org.springframework.cloud.netflix.eureka.http.RestTemplateTransportClientFactory.lambda$restTemplate$2(RestTemplateTransportClientFactory.java:145)
	at org.springframework.http.client.InterceptingClientHttpRequest$InterceptingRequestExecution.execute(InterceptingClientHttpRequest.java:88)
	at org.springframework.http.client.InterceptingClientHttpRequest.executeInternal(InterceptingClientHttpRequest.java:72)
	at org.springframework.http.client.AbstractBufferingClientHttpRequest.executeInternal(AbstractBufferingClientHttpRequest.java:48)
	at org.springframework.http.client.AbstractClientHttpRequest.execute(AbstractClientHttpRequest.java:81)
	at org.springframework.web.client.RestTemplate.doExecute(RestTemplate.java:900)
	... 68 more

2025-06-25 -Request execution failed with message: I/O error on DELETE request for "http://localhost:8761/eureka/apps/CARTMODULE/LTIN555640.cts.com:CartModule:9926": Connect to http://localhost:8761 [localhost/127.0.0.1, localhost/0:0:0:0:0:0:0:1] failed: Connection refused: getsockopt
2025-06-25 -Request execution error. endpoint=DefaultEndpoint{ serviceUrl='http://localhost:8761/eureka/}, exception=I/O error on DELETE request for "http://localhost:8761/eureka/apps/CARTMODULE/LTIN555640.cts.com:CartModule:9926": Connect to http://localhost:8761 [localhost/127.0.0.1, localhost/0:0:0:0:0:0:0:1] failed: Connection refused: getsockopt stacktrace=org.springframework.web.client.ResourceAccessException: I/O error on DELETE request for "http://localhost:8761/eureka/apps/CARTMODULE/LTIN555640.cts.com:CartModule:9926": Connect to http://localhost:8761 [localhost/127.0.0.1, localhost/0:0:0:0:0:0:0:1] failed: Connection refused: getsockopt
	at org.springframework.web.client.RestTemplate.createResourceAccessException(RestTemplate.java:926)
	at org.springframework.web.client.RestTemplate.doExecute(RestTemplate.java:906)
	at org.springframework.web.client.RestTemplate.execute(RestTemplate.java:841)
	at org.springframework.web.client.RestTemplate.exchange(RestTemplate.java:702)
	at org.springframework.cloud.netflix.eureka.http.RestTemplateEurekaHttpClient.cancel(RestTemplateEurekaHttpClient.java:100)
	at com.netflix.discovery.shared.transport.decorator.EurekaHttpClientDecorator$2.execute(EurekaHttpClientDecorator.java:74)
	at com.netflix.discovery.shared.transport.decorator.RedirectingEurekaHttpClient.executeOnNewServer(RedirectingEurekaHttpClient.java:121)
	at com.netflix.discovery.shared.transport.decorator.RedirectingEurekaHttpClient.execute(RedirectingEurekaHttpClient.java:80)
	at com.netflix.discovery.shared.transport.decorator.EurekaHttpClientDecorator.cancel(EurekaHttpClientDecorator.java:71)
	at com.netflix.discovery.shared.transport.decorator.EurekaHttpClientDecorator$2.execute(EurekaHttpClientDecorator.java:74)
	at com.netflix.discovery.shared.transport.decorator.RetryableEurekaHttpClient.execute(RetryableEurekaHttpClient.java:120)
	at com.netflix.discovery.shared.transport.decorator.EurekaHttpClientDecorator.cancel(EurekaHttpClientDecorator.java:71)
	at com.netflix.discovery.shared.transport.decorator.EurekaHttpClientDecorator$2.execute(EurekaHttpClientDecorator.java:74)
	at com.netflix.discovery.shared.transport.decorator.SessionedEurekaHttpClient.execute(SessionedEurekaHttpClient.java:76)
	at com.netflix.discovery.shared.transport.decorator.EurekaHttpClientDecorator.cancel(EurekaHttpClientDecorator.java:71)
	at com.netflix.discovery.DiscoveryClient.unregister(DiscoveryClient.java:919)
	at com.netflix.discovery.DiscoveryClient.shutdown(DiscoveryClient.java:900)
	at java.base/jdk.internal.reflect.DirectMethodHandleAccessor.invoke(DirectMethodHandleAccessor.java:103)
	at java.base/java.lang.reflect.Method.invoke(Method.java:580)
	at org.springframework.beans.factory.annotation.InitDestroyAnnotationBeanPostProcessor$LifecycleMethod.invoke(InitDestroyAnnotationBeanPostProcessor.java:457)
	at org.springframework.beans.factory.annotation.InitDestroyAnnotationBeanPostProcessor$LifecycleMetadata.invokeDestroyMethods(InitDestroyAnnotationBeanPostProcessor.java:415)
	at org.springframework.beans.factory.annotation.InitDestroyAnnotationBeanPostProcessor.postProcessBeforeDestruction(InitDestroyAnnotationBeanPostProcessor.java:239)
	at org.springframework.beans.factory.support.DisposableBeanAdapter.destroy(DisposableBeanAdapter.java:202)
	at org.springframework.beans.factory.support.DisposableBeanAdapter.run(DisposableBeanAdapter.java:195)
	at org.springframework.cloud.context.scope.GenericScope$BeanLifecycleWrapper.destroy(GenericScope.java:387)
	at org.springframework.cloud.context.scope.GenericScope.destroy(GenericScope.java:134)
	at org.springframework.beans.factory.support.DisposableBeanAdapter.destroy(DisposableBeanAdapter.java:211)
	at org.springframework.beans.factory.support.DefaultSingletonBeanRegistry.destroyBean(DefaultSingletonBeanRegistry.java:798)
	at org.springframework.beans.factory.support.DefaultSingletonBeanRegistry.destroySingleton(DefaultSingletonBeanRegistry.java:748)
	at org.springframework.beans.factory.support.DefaultListableBeanFactory.destroySingleton(DefaultListableBeanFactory.java:1474)
	at org.springframework.beans.factory.support.DefaultSingletonBeanRegistry.destroySingletons(DefaultSingletonBeanRegistry.java:707)
	at org.springframework.beans.factory.support.DefaultListableBeanFactory.destroySingletons(DefaultListableBeanFactory.java:1467)
	at org.springframework.context.support.AbstractApplicationContext.destroyBeans(AbstractApplicationContext.java:1219)
	at org.springframework.context.support.AbstractApplicationContext.doClose(AbstractApplicationContext.java:1180)
	at org.springframework.boot.web.servlet.context.ServletWebServerApplicationContext.doClose(ServletWebServerApplicationContext.java:179)
	at org.springframework.context.support.AbstractApplicationContext.close(AbstractApplicationContext.java:1126)
	at org.springframework.boot.admin.SpringApplicationAdminMXBeanRegistrar$SpringApplicationAdmin.shutdown(SpringApplicationAdminMXBeanRegistrar.java:160)
	at java.base/jdk.internal.reflect.DirectMethodHandleAccessor.invoke(DirectMethodHandleAccessor.java:103)
	at java.base/java.lang.reflect.Method.invoke(Method.java:580)
	at sun.reflect.misc.Trampoline.invoke(MethodUtil.java:64)
	at java.base/jdk.internal.reflect.DirectMethodHandleAccessor.invoke(DirectMethodHandleAccessor.java:103)
	at java.base/java.lang.reflect.Method.invoke(Method.java:580)
	at java.base/sun.reflect.misc.MethodUtil.invoke(MethodUtil.java:97)
	at java.management/com.sun.jmx.mbeanserver.ConvertingMethod.invokeWithOpenReturn(ConvertingMethod.java:193)
	at java.management/com.sun.jmx.mbeanserver.ConvertingMethod.invokeWithOpenReturn(ConvertingMethod.java:175)
	at java.management/com.sun.jmx.mbeanserver.MXBeanIntrospector.invokeM2(MXBeanIntrospector.java:115)
	at java.management/com.sun.jmx.mbeanserver.MXBeanIntrospector.invokeM2(MXBeanIntrospector.java:52)
	at java.management/com.sun.jmx.mbeanserver.MBeanIntrospector.invokeM(MBeanIntrospector.java:236)
	at java.management/com.sun.jmx.mbeanserver.PerInterface.invoke(PerInterface.java:138)
	at java.management/com.sun.jmx.mbeanserver.MBeanSupport.invoke(MBeanSupport.java:252)
	at java.management/com.sun.jmx.interceptor.DefaultMBeanServerInterceptor.invoke(DefaultMBeanServerInterceptor.java:803)
	at java.management/com.sun.jmx.mbeanserver.JmxMBeanServer.invoke(JmxMBeanServer.java:802)
	at java.management.rmi/javax.management.remote.rmi.RMIConnectionImpl.doOperation(RMIConnectionImpl.java:1472)
	at java.management.rmi/javax.management.remote.rmi.RMIConnectionImpl$PrivilegedOperation.run(RMIConnectionImpl.java:1310)
	at java.management.rmi/javax.management.remote.rmi.RMIConnectionImpl.doPrivilegedOperation(RMIConnectionImpl.java:1405)
	at java.management.rmi/javax.management.remote.rmi.RMIConnectionImpl.invoke(RMIConnectionImpl.java:829)
	at java.base/jdk.internal.reflect.DirectMethodHandleAccessor.invoke(DirectMethodHandleAccessor.java:103)
	at java.base/java.lang.reflect.Method.invoke(Method.java:580)
	at java.rmi/sun.rmi.server.UnicastServerRef.dispatch(UnicastServerRef.java:360)
	at java.rmi/sun.rmi.transport.Transport$1.run(Transport.java:200)
	at java.rmi/sun.rmi.transport.Transport$1.run(Transport.java:197)
	at java.base/java.security.AccessController.doPrivileged(AccessController.java:714)
	at java.rmi/sun.rmi.transport.Transport.serviceCall(Transport.java:196)
	at java.rmi/sun.rmi.transport.tcp.TCPTransport.handleMessages(TCPTransport.java:598)
	at java.rmi/sun.rmi.transport.tcp.TCPTransport$ConnectionHandler.run0(TCPTransport.java:844)
	at java.rmi/sun.rmi.transport.tcp.TCPTransport$ConnectionHandler.lambda$run$0(TCPTransport.java:721)
	at java.base/java.security.AccessController.doPrivileged(AccessController.java:400)
	at java.rmi/sun.rmi.transport.tcp.TCPTransport$ConnectionHandler.run(TCPTransport.java:720)
	at java.base/java.util.concurrent.ThreadPoolExecutor.runWorker(ThreadPoolExecutor.java:1144)
	at java.base/java.util.concurrent.ThreadPoolExecutor$Worker.run(ThreadPoolExecutor.java:642)
	at java.base/java.lang.Thread.run(Thread.java:1583)
Caused by: org.apache.hc.client5.http.HttpHostConnectException: Connect to http://localhost:8761 [localhost/127.0.0.1, localhost/0:0:0:0:0:0:0:1] failed: Connection refused: getsockopt
	at java.base/sun.nio.ch.Net.pollConnect(Native Method)
	at java.base/sun.nio.ch.Net.pollConnectNow(Net.java:682)
	at java.base/sun.nio.ch.NioSocketImpl.timedFinishConnect(NioSocketImpl.java:542)
	at java.base/sun.nio.ch.NioSocketImpl.connect(NioSocketImpl.java:592)
	at java.base/java.net.SocksSocketImpl.connect(SocksSocketImpl.java:327)
	at java.base/java.net.Socket.connect(Socket.java:751)
	at org.apache.hc.client5.http.impl.io.DefaultHttpClientConnectionOperator.connect(DefaultHttpClientConnectionOperator.java:216)
	at org.apache.hc.client5.http.impl.io.PoolingHttpClientConnectionManager.connect(PoolingHttpClientConnectionManager.java:490)
	at org.apache.hc.client5.http.impl.classic.InternalExecRuntime.connectEndpoint(InternalExecRuntime.java:164)
	at org.apache.hc.client5.http.impl.classic.InternalExecRuntime.connectEndpoint(InternalExecRuntime.java:174)
	at org.apache.hc.client5.http.impl.classic.ConnectExec.execute(ConnectExec.java:144)
	at org.apache.hc.client5.http.impl.classic.ExecChainElement.execute(ExecChainElement.java:51)
	at org.apache.hc.client5.http.impl.classic.ProtocolExec.execute(ProtocolExec.java:192)
	at org.apache.hc.client5.http.impl.classic.ExecChainElement.execute(ExecChainElement.java:51)
	at org.apache.hc.client5.http.impl.classic.ContentCompressionExec.execute(ContentCompressionExec.java:150)
	at org.apache.hc.client5.http.impl.classic.ExecChainElement.execute(ExecChainElement.java:51)
	at org.apache.hc.client5.http.impl.classic.HttpRequestRetryExec.execute(HttpRequestRetryExec.java:113)
	at org.apache.hc.client5.http.impl.classic.ExecChainElement.execute(ExecChainElement.java:51)
	at org.apache.hc.client5.http.impl.classic.RedirectExec.execute(RedirectExec.java:110)
	at org.apache.hc.client5.http.impl.classic.ExecChainElement.execute(ExecChainElement.java:51)
	at org.apache.hc.client5.http.impl.classic.InternalHttpClient.doExecute(InternalHttpClient.java:183)
	at org.apache.hc.client5.http.impl.classic.CloseableHttpClient.execute(CloseableHttpClient.java:87)
	at org.apache.hc.client5.http.impl.classic.CloseableHttpClient.execute(CloseableHttpClient.java:55)
	at org.apache.hc.client5.http.classic.HttpClient.executeOpen(HttpClient.java:183)
	at org.springframework.http.client.HttpComponentsClientHttpRequest.executeInternal(HttpComponentsClientHttpRequest.java:99)
	at org.springframework.http.client.AbstractStreamingClientHttpRequest.executeInternal(AbstractStreamingClientHttpRequest.java:71)
	at org.springframework.http.client.AbstractClientHttpRequest.execute(AbstractClientHttpRequest.java:81)
	at org.springframework.http.client.InterceptingClientHttpRequest$InterceptingRequestExecution.execute(InterceptingClientHttpRequest.java:117)
	at org.springframework.cloud.netflix.eureka.http.RestTemplateTransportClientFactory.lambda$restTemplate$2(RestTemplateTransportClientFactory.java:145)
	at org.springframework.http.client.InterceptingClientHttpRequest$InterceptingRequestExecution.execute(InterceptingClientHttpRequest.java:88)
	at org.springframework.http.client.InterceptingClientHttpRequest.executeInternal(InterceptingClientHttpRequest.java:72)
	at org.springframework.http.client.AbstractBufferingClientHttpRequest.executeInternal(AbstractBufferingClientHttpRequest.java:48)
	at org.springframework.http.client.AbstractClientHttpRequest.execute(AbstractClientHttpRequest.java:81)
	at org.springframework.web.client.RestTemplate.doExecute(RestTemplate.java:900)
	... 69 more

2025-06-25 -Request execution failed with message: I/O error on DELETE request for "http://localhost:8761/eureka/apps/CARTMODULE/LTIN555640.cts.com:CartModule:9926": Connect to http://localhost:8761 [localhost/127.0.0.1, localhost/0:0:0:0:0:0:0:1] failed: Connection refused: getsockopt
2025-06-25 -DiscoveryClient_CARTMODULE/LTIN555640.cts.com:CartModule:9926 - de-registration failedCannot execute request on any known server
com.netflix.discovery.shared.transport.TransportException: Cannot execute request on any known server
	at com.netflix.discovery.shared.transport.decorator.RetryableEurekaHttpClient.execute(RetryableEurekaHttpClient.java:112)
	at com.netflix.discovery.shared.transport.decorator.EurekaHttpClientDecorator.cancel(EurekaHttpClientDecorator.java:71)
	at com.netflix.discovery.shared.transport.decorator.EurekaHttpClientDecorator$2.execute(EurekaHttpClientDecorator.java:74)
	at com.netflix.discovery.shared.transport.decorator.SessionedEurekaHttpClient.execute(SessionedEurekaHttpClient.java:76)
	at com.netflix.discovery.shared.transport.decorator.EurekaHttpClientDecorator.cancel(EurekaHttpClientDecorator.java:71)
	at com.netflix.discovery.DiscoveryClient.unregister(DiscoveryClient.java:919)
	at com.netflix.discovery.DiscoveryClient.shutdown(DiscoveryClient.java:900)
	at java.base/jdk.internal.reflect.DirectMethodHandleAccessor.invoke(DirectMethodHandleAccessor.java:103)
	at java.base/java.lang.reflect.Method.invoke(Method.java:580)
	at org.springframework.beans.factory.annotation.InitDestroyAnnotationBeanPostProcessor$LifecycleMethod.invoke(InitDestroyAnnotationBeanPostProcessor.java:457)
	at org.springframework.beans.factory.annotation.InitDestroyAnnotationBeanPostProcessor$LifecycleMetadata.invokeDestroyMethods(InitDestroyAnnotationBeanPostProcessor.java:415)
	at org.springframework.beans.factory.annotation.InitDestroyAnnotationBeanPostProcessor.postProcessBeforeDestruction(InitDestroyAnnotationBeanPostProcessor.java:239)
	at org.springframework.beans.factory.support.DisposableBeanAdapter.destroy(DisposableBeanAdapter.java:202)
	at org.springframework.beans.factory.support.DisposableBeanAdapter.run(DisposableBeanAdapter.java:195)
	at org.springframework.cloud.context.scope.GenericScope$BeanLifecycleWrapper.destroy(GenericScope.java:387)
	at org.springframework.cloud.context.scope.GenericScope.destroy(GenericScope.java:134)
	at org.springframework.beans.factory.support.DisposableBeanAdapter.destroy(DisposableBeanAdapter.java:211)
	at org.springframework.beans.factory.support.DefaultSingletonBeanRegistry.destroyBean(DefaultSingletonBeanRegistry.java:798)
	at org.springframework.beans.factory.support.DefaultSingletonBeanRegistry.destroySingleton(DefaultSingletonBeanRegistry.java:748)
	at org.springframework.beans.factory.support.DefaultListableBeanFactory.destroySingleton(DefaultListableBeanFactory.java:1474)
	at org.springframework.beans.factory.support.DefaultSingletonBeanRegistry.destroySingletons(DefaultSingletonBeanRegistry.java:707)
	at org.springframework.beans.factory.support.DefaultListableBeanFactory.destroySingletons(DefaultListableBeanFactory.java:1467)
	at org.springframework.context.support.AbstractApplicationContext.destroyBeans(AbstractApplicationContext.java:1219)
	at org.springframework.context.support.AbstractApplicationContext.doClose(AbstractApplicationContext.java:1180)
	at org.springframework.boot.web.servlet.context.ServletWebServerApplicationContext.doClose(ServletWebServerApplicationContext.java:179)
	at org.springframework.context.support.AbstractApplicationContext.close(AbstractApplicationContext.java:1126)
	at org.springframework.boot.admin.SpringApplicationAdminMXBeanRegistrar$SpringApplicationAdmin.shutdown(SpringApplicationAdminMXBeanRegistrar.java:160)
	at java.base/jdk.internal.reflect.DirectMethodHandleAccessor.invoke(DirectMethodHandleAccessor.java:103)
	at java.base/java.lang.reflect.Method.invoke(Method.java:580)
	at sun.reflect.misc.Trampoline.invoke(MethodUtil.java:64)
	at java.base/jdk.internal.reflect.DirectMethodHandleAccessor.invoke(DirectMethodHandleAccessor.java:103)
	at java.base/java.lang.reflect.Method.invoke(Method.java:580)
	at java.base/sun.reflect.misc.MethodUtil.invoke(MethodUtil.java:97)
	at java.management/com.sun.jmx.mbeanserver.ConvertingMethod.invokeWithOpenReturn(ConvertingMethod.java:193)
	at java.management/com.sun.jmx.mbeanserver.ConvertingMethod.invokeWithOpenReturn(ConvertingMethod.java:175)
	at java.management/com.sun.jmx.mbeanserver.MXBeanIntrospector.invokeM2(MXBeanIntrospector.java:115)
	at java.management/com.sun.jmx.mbeanserver.MXBeanIntrospector.invokeM2(MXBeanIntrospector.java:52)
	at java.management/com.sun.jmx.mbeanserver.MBeanIntrospector.invokeM(MBeanIntrospector.java:236)
	at java.management/com.sun.jmx.mbeanserver.PerInterface.invoke(PerInterface.java:138)
	at java.management/com.sun.jmx.mbeanserver.MBeanSupport.invoke(MBeanSupport.java:252)
	at java.management/com.sun.jmx.interceptor.DefaultMBeanServerInterceptor.invoke(DefaultMBeanServerInterceptor.java:803)
	at java.management/com.sun.jmx.mbeanserver.JmxMBeanServer.invoke(JmxMBeanServer.java:802)
	at java.management.rmi/javax.management.remote.rmi.RMIConnectionImpl.doOperation(RMIConnectionImpl.java:1472)
	at java.management.rmi/javax.management.remote.rmi.RMIConnectionImpl$PrivilegedOperation.run(RMIConnectionImpl.java:1310)
	at java.management.rmi/javax.management.remote.rmi.RMIConnectionImpl.doPrivilegedOperation(RMIConnectionImpl.java:1405)
	at java.management.rmi/javax.management.remote.rmi.RMIConnectionImpl.invoke(RMIConnectionImpl.java:829)
	at java.base/jdk.internal.reflect.DirectMethodHandleAccessor.invoke(DirectMethodHandleAccessor.java:103)
	at java.base/java.lang.reflect.Method.invoke(Method.java:580)
	at java.rmi/sun.rmi.server.UnicastServerRef.dispatch(UnicastServerRef.java:360)
	at java.rmi/sun.rmi.transport.Transport$1.run(Transport.java:200)
	at java.rmi/sun.rmi.transport.Transport$1.run(Transport.java:197)
	at java.base/java.security.AccessController.doPrivileged(AccessController.java:714)
	at java.rmi/sun.rmi.transport.Transport.serviceCall(Transport.java:196)
	at java.rmi/sun.rmi.transport.tcp.TCPTransport.handleMessages(TCPTransport.java:598)
	at java.rmi/sun.rmi.transport.tcp.TCPTransport$ConnectionHandler.run0(TCPTransport.java:844)
	at java.rmi/sun.rmi.transport.tcp.TCPTransport$ConnectionHandler.lambda$run$0(TCPTransport.java:721)
	at java.base/java.security.AccessController.doPrivileged(AccessController.java:400)
	at java.rmi/sun.rmi.transport.tcp.TCPTransport$ConnectionHandler.run(TCPTransport.java:720)
	at java.base/java.util.concurrent.ThreadPoolExecutor.runWorker(ThreadPoolExecutor.java:1144)
	at java.base/java.util.concurrent.ThreadPoolExecutor$Worker.run(ThreadPoolExecutor.java:642)
	at java.base/java.lang.Thread.run(Thread.java:1583)
2025-06-25 -Completed shut down of DiscoveryClient
2025-06-25 -Starting CartModuleApplication using Java 21.0.6 with PID 22552 (C:\Users\2406757\OneDrive - Cognizant\Desktop\Ecommerce\CartModule\target\classes started by 2406757 in C:\Users\2406757\OneDrive - Cognizant\Desktop\Ecommerce\CartModule)
2025-06-25 -No active profile set, falling back to 1 default profile: "default"
2025-06-25 -Bootstrapping Spring Data JPA repositories in DEFAULT mode.
2025-06-25 -Finished Spring Data repository scanning in 280 ms. Found 2 JPA repository interfaces.
2025-06-25 -BeanFactory id=6f750af5-39c0-3634-a8b1-9aa54b363912
2025-06-25 -Tomcat initialized with port 9926 (http)
2025-06-25 -Starting service [Tomcat]
2025-06-25 -Starting Servlet engine: [Apache Tomcat/10.1.41]
2025-06-25 -Initializing Spring embedded WebApplicationContext
2025-06-25 -Root WebApplicationContext: initialization completed in 4104 ms
2025-06-25 -HHH000204: Processing PersistenceUnitInfo [name: default]
2025-06-25 -HHH000412: Hibernate ORM core version 6.6.15.Final
2025-06-25 -HHH000026: Second-level cache disabled
2025-06-25 -No LoadTimeWeaver setup: ignoring JPA class transformer
2025-06-25 -HikariPool-1 - Starting...
2025-06-25 -HikariPool-1 - Added connection com.mysql.cj.jdbc.ConnectionImpl@729a9c3d
2025-06-25 -HikariPool-1 - Start completed.
2025-06-25 -HHH10001005: Database info:
	Database JDBC URL [Connecting through datasource 'HikariDataSource (HikariPool-1)']
	Database driver: undefined/unknown
	Database version: 8.0.41
	Autocommit mode: undefined/unknown
	Isolation level: undefined/unknown
	Minimum pool size: undefined/unknown
	Maximum pool size: undefined/unknown
2025-06-25 -HHH000489: No JTA platform available (set 'hibernate.transaction.jta.platform' to enable JTA platform integration)
2025-06-25 -Initialized JPA EntityManagerFactory for persistence unit 'default'
2025-06-25 -spring.jpa.open-in-view is enabled by default. Therefore, database queries may be performed during view rendering. Explicitly configure spring.jpa.open-in-view to disable this warning
2025-06-25 -For 'user2' URL not provided. Will try picking an instance via load-balancing.
2025-06-25 -For 'Project' URL not provided. Will try picking an instance via load-balancing.
2025-06-25 -Eureka HTTP Client uses RestTemplate.
2025-06-25 -Spring Cloud LoadBalancer is currently working with the default cache. While this cache implementation is useful for development and tests, it's recommended to use Caffeine cache in production.You can switch to using Caffeine cache, by adding it and org.springframework.cache.caffeine.CaffeineCacheManager to the classpath.
2025-06-25 -Setting initial instance status as: STARTING
2025-06-25 -Initializing Eureka in region us-east-1
2025-06-25 -Resolving eureka endpoints via configuration
2025-06-25 -Disable delta property : false
2025-06-25 -Single vip registry refresh property : null
2025-06-25 -Force full registry fetch : false
2025-06-25 -Application is null : false
2025-06-25 -Registered Applications size is zero : true
2025-06-25 -Application version is -1: true
2025-06-25 -Getting all instance registry info from the eureka server
2025-06-25 -The response status is 200
2025-06-25 -Starting heartbeat executor: renew interval is: 30
2025-06-25 -InstanceInfoReplicator onDemand update allowed rate per min is 4
2025-06-25 -Discovery Client initialized at timestamp 1750852430629 with initial instances count: 0
2025-06-25 -Registering application CARTMODULE with eureka with status UP
2025-06-25 -Saw local status change event StatusChangeEvent [timestamp=1750852430638, current=UP, previous=STARTING]
2025-06-25 -DiscoveryClient_CARTMODULE/LTIN555640.cts.com:CartModule:9926: registering service...
2025-06-25 -Tomcat started on port 9926 (http) with context path '/'
2025-06-25 -Updating port to 9926
2025-06-25 -Started CartModuleApplication in 12.813 seconds (process running for 14.719)
2025-06-25 -DiscoveryClient_CARTMODULE/LTIN555640.cts.com:CartModule:9926 - registration status: 204
2025-06-25 -Disable delta property : false
2025-06-25 -Single vip registry refresh property : null
2025-06-25 -Force full registry fetch : false
2025-06-25 -Application is null : false
2025-06-25 -Registered Applications size is zero : true
2025-06-25 -Application version is -1: false
2025-06-25 -Getting all instance registry info from the eureka server
2025-06-25 -The response status is 200
2025-06-25 -Initializing Spring DispatcherServlet 'dispatcherServlet'
2025-06-25 -Initializing Servlet 'dispatcherServlet'
2025-06-25 -Completed initialization in 3 ms
2025-06-25 -Servlet.service() for servlet [dispatcherServlet] in context with path [] threw exception
org.springframework.web.util.pattern.PatternParseException: No more pattern data allowed after {*...} or ** pattern element
	at org.springframework.web.util.pattern.InternalPathPatternParser.peekDoubleWildcard(InternalPathPatternParser.java:250)
	at org.springframework.web.util.pattern.InternalPathPatternParser.parse(InternalPathPatternParser.java:113)
	at org.springframework.web.util.pattern.PathPatternParser.parse(PathPatternParser.java:129)
	at org.springframework.web.servlet.handler.PathPatternMatchableHandlerMapping.lambda$match$0(PathPatternMatchableHandlerMapping.java:64)
	at java.base/java.util.concurrent.ConcurrentHashMap.computeIfAbsent(ConcurrentHashMap.java:1740)
	at org.springframework.web.servlet.handler.PathPatternMatchableHandlerMapping.match(PathPatternMatchableHandlerMapping.java:62)
	at org.springframework.web.servlet.handler.HandlerMappingIntrospector$LookupPathMatchableHandlerMapping.match(HandlerMappingIntrospector.java:596)
	at org.springframework.security.web.servlet.util.matcher.MvcRequestMatcher.matcher(MvcRequestMatcher.java:97)
	at org.springframework.security.config.annotation.web.AbstractRequestMatcherRegistry$DeferredRequestMatcher.matcher(AbstractRequestMatcherRegistry.java:435)
	at org.springframework.security.web.access.intercept.RequestMatcherDelegatingAuthorizationManager.check(RequestMatcherDelegatingAuthorizationManager.java:83)
	at org.springframework.security.web.access.intercept.RequestMatcherDelegatingAuthorizationManager.check(RequestMatcherDelegatingAuthorizationManager.java:50)
	at org.springframework.security.authorization.AuthorizationManager.authorize(AuthorizationManager.java:69)
	at org.springframework.security.web.access.intercept.AuthorizationFilter.doFilter(AuthorizationFilter.java:96)
	at org.springframework.security.web.FilterChainProxy$VirtualFilterChain.doFilter(FilterChainProxy.java:374)
	at org.springframework.security.web.access.ExceptionTranslationFilter.doFilter(ExceptionTranslationFilter.java:125)
	at org.springframework.security.web.access.ExceptionTranslationFilter.doFilter(ExceptionTranslationFilter.java:119)
	at org.springframework.security.web.FilterChainProxy$VirtualFilterChain.doFilter(FilterChainProxy.java:374)
	at org.springframework.security.web.session.SessionManagementFilter.doFilter(SessionManagementFilter.java:131)
	at org.springframework.security.web.session.SessionManagementFilter.doFilter(SessionManagementFilter.java:85)
	at org.springframework.security.web.FilterChainProxy$VirtualFilterChain.doFilter(FilterChainProxy.java:374)
	at org.springframework.security.web.authentication.AnonymousAuthenticationFilter.doFilter(AnonymousAuthenticationFilter.java:100)
	at org.springframework.security.web.FilterChainProxy$VirtualFilterChain.doFilter(FilterChainProxy.java:374)
	at org.springframework.security.web.servletapi.SecurityContextHolderAwareRequestFilter.doFilter(SecurityContextHolderAwareRequestFilter.java:179)
	at org.springframework.security.web.FilterChainProxy$VirtualFilterChain.doFilter(FilterChainProxy.java:374)
	at org.springframework.security.web.savedrequest.RequestCacheAwareFilter.doFilter(RequestCacheAwareFilter.java:63)
	at org.springframework.security.web.FilterChainProxy$VirtualFilterChain.doFilter(FilterChainProxy.java:374)
	at org.springframework.security.web.authentication.AuthenticationFilter.doFilterInternal(AuthenticationFilter.java:176)
	at org.springframework.web.filter.OncePerRequestFilter.doFilter(OncePerRequestFilter.java:116)
	at org.springframework.security.web.FilterChainProxy$VirtualFilterChain.doFilter(FilterChainProxy.java:374)
	at org.springframework.security.oauth2.server.resource.web.authentication.BearerTokenAuthenticationFilter.doFilterInternal(BearerTokenAuthenticationFilter.java:135)
	at org.springframework.web.filter.OncePerRequestFilter.doFilter(OncePerRequestFilter.java:116)
	at org.springframework.security.web.FilterChainProxy$VirtualFilterChain.doFilter(FilterChainProxy.java:374)
	at org.springframework.security.web.authentication.logout.LogoutFilter.doFilter(LogoutFilter.java:107)
	at org.springframework.security.web.authentication.logout.LogoutFilter.doFilter(LogoutFilter.java:93)
	at org.springframework.security.web.FilterChainProxy$VirtualFilterChain.doFilter(FilterChainProxy.java:374)
	at org.springframework.web.filter.CorsFilter.doFilterInternal(CorsFilter.java:91)
	at org.springframework.web.filter.OncePerRequestFilter.doFilter(OncePerRequestFilter.java:116)
	at org.springframework.security.web.FilterChainProxy$VirtualFilterChain.doFilter(FilterChainProxy.java:374)
	at org.springframework.security.web.header.HeaderWriterFilter.doHeadersAfter(HeaderWriterFilter.java:90)
	at org.springframework.security.web.header.HeaderWriterFilter.doFilterInternal(HeaderWriterFilter.java:75)
	at org.springframework.web.filter.OncePerRequestFilter.doFilter(OncePerRequestFilter.java:116)
	at org.springframework.security.web.FilterChainProxy$VirtualFilterChain.doFilter(FilterChainProxy.java:374)
	at org.springframework.security.web.context.SecurityContextHolderFilter.doFilter(SecurityContextHolderFilter.java:82)
	at org.springframework.security.web.context.SecurityContextHolderFilter.doFilter(SecurityContextHolderFilter.java:69)
	at org.springframework.security.web.FilterChainProxy$VirtualFilterChain.doFilter(FilterChainProxy.java:374)
	at org.springframework.security.web.context.request.async.WebAsyncManagerIntegrationFilter.doFilterInternal(WebAsyncManagerIntegrationFilter.java:62)
	at org.springframework.web.filter.OncePerRequestFilter.doFilter(OncePerRequestFilter.java:116)
	at org.springframework.security.web.FilterChainProxy$VirtualFilterChain.doFilter(FilterChainProxy.java:374)
	at org.springframework.security.web.session.DisableEncodeUrlFilter.doFilterInternal(DisableEncodeUrlFilter.java:42)
	at org.springframework.web.filter.OncePerRequestFilter.doFilter(OncePerRequestFilter.java:116)
	at org.springframework.security.web.FilterChainProxy$VirtualFilterChain.doFilter(FilterChainProxy.java:374)
	at org.springframework.security.web.FilterChainProxy.doFilterInternal(FilterChainProxy.java:233)
	at org.springframework.security.web.FilterChainProxy.doFilter(FilterChainProxy.java:191)
	at org.springframework.web.filter.CompositeFilter$VirtualFilterChain.doFilter(CompositeFilter.java:113)
	at org.springframework.web.filter.ServletRequestPathFilter.doFilter(ServletRequestPathFilter.java:52)
	at org.springframework.web.filter.CompositeFilter$VirtualFilterChain.doFilter(CompositeFilter.java:113)
	at org.springframework.web.filter.CompositeFilter.doFilter(CompositeFilter.java:74)
	at org.springframework.security.config.annotation.web.configuration.WebSecurityConfiguration$CompositeFilterChainProxy.doFilter(WebSecurityConfiguration.java:319)
	at org.springframework.web.filter.CompositeFilter$VirtualFilterChain.doFilter(CompositeFilter.java:113)
	at org.springframework.web.servlet.handler.HandlerMappingIntrospector.lambda$createCacheFilter$3(HandlerMappingIntrospector.java:243)
	at org.springframework.web.filter.CompositeFilter$VirtualFilterChain.doFilter(CompositeFilter.java:113)
	at org.springframework.web.filter.CompositeFilter.doFilter(CompositeFilter.java:74)
	at org.springframework.security.config.annotation.web.configuration.WebMvcSecurityConfiguration$CompositeFilterChainProxy.doFilter(WebMvcSecurityConfiguration.java:240)
	at org.springframework.web.filter.DelegatingFilterProxy.invokeDelegate(DelegatingFilterProxy.java:362)
	at org.springframework.web.filter.DelegatingFilterProxy.doFilter(DelegatingFilterProxy.java:278)
	at org.apache.catalina.core.ApplicationFilterChain.internalDoFilter(ApplicationFilterChain.java:164)
	at org.apache.catalina.core.ApplicationFilterChain.doFilter(ApplicationFilterChain.java:140)
	at org.springframework.web.filter.RequestContextFilter.doFilterInternal(RequestContextFilter.java:100)
	at org.springframework.web.filter.OncePerRequestFilter.doFilter(OncePerRequestFilter.java:116)
	at org.apache.catalina.core.ApplicationFilterChain.internalDoFilter(ApplicationFilterChain.java:164)
	at org.apache.catalina.core.ApplicationFilterChain.doFilter(ApplicationFilterChain.java:140)
	at org.springframework.web.filter.FormContentFilter.doFilterInternal(FormContentFilter.java:93)
	at org.springframework.web.filter.OncePerRequestFilter.doFilter(OncePerRequestFilter.java:116)
	at org.apache.catalina.core.ApplicationFilterChain.internalDoFilter(ApplicationFilterChain.java:164)
	at org.apache.catalina.core.ApplicationFilterChain.doFilter(ApplicationFilterChain.java:140)
	at org.springframework.web.filter.CharacterEncodingFilter.doFilterInternal(CharacterEncodingFilter.java:201)
	at org.springframework.web.filter.OncePerRequestFilter.doFilter(OncePerRequestFilter.java:116)
	at org.apache.catalina.core.ApplicationFilterChain.internalDoFilter(ApplicationFilterChain.java:164)
	at org.apache.catalina.core.ApplicationFilterChain.doFilter(ApplicationFilterChain.java:140)
	at org.apache.catalina.core.StandardWrapperValve.invoke(StandardWrapperValve.java:167)
	at org.apache.catalina.core.StandardContextValve.invoke(StandardContextValve.java:90)
	at org.apache.catalina.authenticator.AuthenticatorBase.invoke(AuthenticatorBase.java:483)
	at org.apache.catalina.core.StandardHostValve.invoke(StandardHostValve.java:116)
	at org.apache.catalina.valves.ErrorReportValve.invoke(ErrorReportValve.java:93)
	at org.apache.catalina.core.StandardEngineValve.invoke(StandardEngineValve.java:74)
	at org.apache.catalina.connector.CoyoteAdapter.service(CoyoteAdapter.java:344)
	at org.apache.coyote.http11.Http11Processor.service(Http11Processor.java:398)
	at org.apache.coyote.AbstractProcessorLight.process(AbstractProcessorLight.java:63)
	at org.apache.coyote.AbstractProtocol$ConnectionHandler.process(AbstractProtocol.java:903)
	at org.apache.tomcat.util.net.NioEndpoint$SocketProcessor.doRun(NioEndpoint.java:1740)
	at org.apache.tomcat.util.net.SocketProcessorBase.run(SocketProcessorBase.java:52)
	at org.apache.tomcat.util.threads.ThreadPoolExecutor.runWorker(ThreadPoolExecutor.java:1189)
	at org.apache.tomcat.util.threads.ThreadPoolExecutor$Worker.run(ThreadPoolExecutor.java:658)
	at org.apache.tomcat.util.threads.TaskThread$WrappingRunnable.run(TaskThread.java:63)
	at java.base/java.lang.Thread.run(Thread.java:1583)
2025-06-25 -Servlet.service() for servlet [dispatcherServlet] threw exception
org.springframework.web.util.pattern.PatternParseException: No more pattern data allowed after {*...} or ** pattern element
	at org.springframework.web.util.pattern.InternalPathPatternParser.peekDoubleWildcard(InternalPathPatternParser.java:250)
	at org.springframework.web.util.pattern.InternalPathPatternParser.parse(InternalPathPatternParser.java:113)
	at org.springframework.web.util.pattern.PathPatternParser.parse(PathPatternParser.java:129)
	at org.springframework.web.servlet.handler.PathPatternMatchableHandlerMapping.lambda$match$0(PathPatternMatchableHandlerMapping.java:64)
	at java.base/java.util.concurrent.ConcurrentHashMap.computeIfAbsent(ConcurrentHashMap.java:1740)
	at org.springframework.web.servlet.handler.PathPatternMatchableHandlerMapping.match(PathPatternMatchableHandlerMapping.java:62)
	at org.springframework.web.servlet.handler.HandlerMappingIntrospector$LookupPathMatchableHandlerMapping.match(HandlerMappingIntrospector.java:596)
	at org.springframework.security.web.servlet.util.matcher.MvcRequestMatcher.matcher(MvcRequestMatcher.java:97)
	at org.springframework.security.config.annotation.web.AbstractRequestMatcherRegistry$DeferredRequestMatcher.matcher(AbstractRequestMatcherRegistry.java:435)
	at org.springframework.security.web.access.intercept.RequestMatcherDelegatingAuthorizationManager.check(RequestMatcherDelegatingAuthorizationManager.java:83)
	at org.springframework.security.web.access.intercept.RequestMatcherDelegatingAuthorizationManager.check(RequestMatcherDelegatingAuthorizationManager.java:50)
	at org.springframework.security.authorization.AuthorizationManager.authorize(AuthorizationManager.java:69)
	at org.springframework.security.web.access.intercept.AuthorizationFilter.doFilter(AuthorizationFilter.java:96)
	at org.springframework.security.web.FilterChainProxy$VirtualFilterChain.doFilter(FilterChainProxy.java:374)
	at org.springframework.security.web.access.ExceptionTranslationFilter.doFilter(ExceptionTranslationFilter.java:125)
	at org.springframework.security.web.access.ExceptionTranslationFilter.doFilter(ExceptionTranslationFilter.java:119)
	at org.springframework.security.web.FilterChainProxy$VirtualFilterChain.doFilter(FilterChainProxy.java:374)
	at org.springframework.security.web.session.SessionManagementFilter.doFilter(SessionManagementFilter.java:91)
	at org.springframework.security.web.session.SessionManagementFilter.doFilter(SessionManagementFilter.java:85)
	at org.springframework.security.web.FilterChainProxy$VirtualFilterChain.doFilter(FilterChainProxy.java:374)
	at org.springframework.security.web.authentication.AnonymousAuthenticationFilter.doFilter(AnonymousAuthenticationFilter.java:100)
	at org.springframework.security.web.FilterChainProxy$VirtualFilterChain.doFilter(FilterChainProxy.java:374)
	at org.springframework.security.web.servletapi.SecurityContextHolderAwareRequestFilter.doFilter(SecurityContextHolderAwareRequestFilter.java:179)
	at org.springframework.security.web.FilterChainProxy$VirtualFilterChain.doFilter(FilterChainProxy.java:374)
	at org.springframework.security.web.savedrequest.RequestCacheAwareFilter.doFilter(RequestCacheAwareFilter.java:63)
	at org.springframework.security.web.FilterChainProxy$VirtualFilterChain.doFilter(FilterChainProxy.java:374)
	at org.springframework.web.filter.OncePerRequestFilter.doFilter(OncePerRequestFilter.java:101)
	at org.springframework.security.web.FilterChainProxy$VirtualFilterChain.doFilter(FilterChainProxy.java:374)
	at org.springframework.web.filter.OncePerRequestFilter.doFilter(OncePerRequestFilter.java:101)
	at org.springframework.security.web.FilterChainProxy$VirtualFilterChain.doFilter(FilterChainProxy.java:374)
	at org.springframework.security.web.authentication.logout.LogoutFilter.doFilter(LogoutFilter.java:107)
	at org.springframework.security.web.authentication.logout.LogoutFilter.doFilter(LogoutFilter.java:93)
	at org.springframework.security.web.FilterChainProxy$VirtualFilterChain.doFilter(FilterChainProxy.java:374)
	at org.springframework.web.filter.OncePerRequestFilter.doFilter(OncePerRequestFilter.java:101)
	at org.springframework.security.web.FilterChainProxy$VirtualFilterChain.doFilter(FilterChainProxy.java:374)
	at org.springframework.web.filter.OncePerRequestFilter.doFilter(OncePerRequestFilter.java:101)
	at org.springframework.security.web.FilterChainProxy$VirtualFilterChain.doFilter(FilterChainProxy.java:374)
	at org.springframework.security.web.context.SecurityContextHolderFilter.doFilter(SecurityContextHolderFilter.java:82)
	at org.springframework.security.web.context.SecurityContextHolderFilter.doFilter(SecurityContextHolderFilter.java:69)
	at org.springframework.security.web.FilterChainProxy$VirtualFilterChain.doFilter(FilterChainProxy.java:374)
	at org.springframework.web.filter.OncePerRequestFilter.doFilter(OncePerRequestFilter.java:101)
	at org.springframework.security.web.FilterChainProxy$VirtualFilterChain.doFilter(FilterChainProxy.java:374)
	at org.springframework.web.filter.OncePerRequestFilter.doFilter(OncePerRequestFilter.java:101)
	at org.springframework.security.web.FilterChainProxy$VirtualFilterChain.doFilter(FilterChainProxy.java:374)
	at org.springframework.security.web.FilterChainProxy.doFilterInternal(FilterChainProxy.java:233)
	at org.springframework.security.web.FilterChainProxy.doFilter(FilterChainProxy.java:191)
	at org.springframework.web.filter.CompositeFilter$VirtualFilterChain.doFilter(CompositeFilter.java:113)
	at org.springframework.web.filter.ServletRequestPathFilter.doFilter(ServletRequestPathFilter.java:52)
	at org.springframework.web.filter.CompositeFilter$VirtualFilterChain.doFilter(CompositeFilter.java:113)
	at org.springframework.web.filter.CompositeFilter.doFilter(CompositeFilter.java:74)
	at org.springframework.security.config.annotation.web.configuration.WebSecurityConfiguration$CompositeFilterChainProxy.doFilter(WebSecurityConfiguration.java:319)
	at org.springframework.web.filter.CompositeFilter$VirtualFilterChain.doFilter(CompositeFilter.java:113)
	at org.springframework.web.servlet.handler.HandlerMappingIntrospector.lambda$createCacheFilter$3(HandlerMappingIntrospector.java:243)
	at org.springframework.web.filter.CompositeFilter$VirtualFilterChain.doFilter(CompositeFilter.java:113)
	at org.springframework.web.filter.CompositeFilter.doFilter(CompositeFilter.java:74)
	at org.springframework.security.config.annotation.web.configuration.WebMvcSecurityConfiguration$CompositeFilterChainProxy.doFilter(WebMvcSecurityConfiguration.java:240)
	at org.springframework.web.filter.DelegatingFilterProxy.invokeDelegate(DelegatingFilterProxy.java:362)
	at org.springframework.web.filter.DelegatingFilterProxy.doFilter(DelegatingFilterProxy.java:278)
	at org.apache.catalina.core.ApplicationFilterChain.internalDoFilter(ApplicationFilterChain.java:164)
	at org.apache.catalina.core.ApplicationFilterChain.doFilter(ApplicationFilterChain.java:140)
	at org.springframework.web.filter.RequestContextFilter.doFilterInternal(RequestContextFilter.java:100)
	at org.springframework.web.filter.OncePerRequestFilter.doFilter(OncePerRequestFilter.java:116)
	at org.apache.catalina.core.ApplicationFilterChain.internalDoFilter(ApplicationFilterChain.java:164)
	at org.apache.catalina.core.ApplicationFilterChain.doFilter(ApplicationFilterChain.java:140)
	at org.springframework.web.filter.OncePerRequestFilter.doFilter(OncePerRequestFilter.java:101)
	at org.apache.catalina.core.ApplicationFilterChain.internalDoFilter(ApplicationFilterChain.java:164)
	at org.apache.catalina.core.ApplicationFilterChain.doFilter(ApplicationFilterChain.java:140)
	at org.springframework.web.filter.OncePerRequestFilter.doFilter(OncePerRequestFilter.java:101)
	at org.apache.catalina.core.ApplicationFilterChain.internalDoFilter(ApplicationFilterChain.java:164)
	at org.apache.catalina.core.ApplicationFilterChain.doFilter(ApplicationFilterChain.java:140)
	at org.apache.catalina.core.ApplicationDispatcher.invoke(ApplicationDispatcher.java:612)
	at org.apache.catalina.core.ApplicationDispatcher.processRequest(ApplicationDispatcher.java:396)
	at org.apache.catalina.core.ApplicationDispatcher.doForward(ApplicationDispatcher.java:323)
	at org.apache.catalina.core.ApplicationDispatcher.forward(ApplicationDispatcher.java:268)
	at org.apache.catalina.core.StandardHostValve.custom(StandardHostValve.java:377)
	at org.apache.catalina.core.StandardHostValve.status(StandardHostValve.java:209)
	at org.apache.catalina.core.StandardHostValve.throwable(StandardHostValve.java:286)
	at org.apache.catalina.core.StandardHostValve.invoke(StandardHostValve.java:150)
	at org.apache.catalina.valves.ErrorReportValve.invoke(ErrorReportValve.java:93)
	at org.apache.catalina.core.StandardEngineValve.invoke(StandardEngineValve.java:74)
	at org.apache.catalina.connector.CoyoteAdapter.service(CoyoteAdapter.java:344)
	at org.apache.coyote.http11.Http11Processor.service(Http11Processor.java:398)
	at org.apache.coyote.AbstractProcessorLight.process(AbstractProcessorLight.java:63)
	at org.apache.coyote.AbstractProtocol$ConnectionHandler.process(AbstractProtocol.java:903)
	at org.apache.tomcat.util.net.NioEndpoint$SocketProcessor.doRun(NioEndpoint.java:1740)
	at org.apache.tomcat.util.net.SocketProcessorBase.run(SocketProcessorBase.java:52)
	at org.apache.tomcat.util.threads.ThreadPoolExecutor.runWorker(ThreadPoolExecutor.java:1189)
	at org.apache.tomcat.util.threads.ThreadPoolExecutor$Worker.run(ThreadPoolExecutor.java:658)
	at org.apache.tomcat.util.threads.TaskThread$WrappingRunnable.run(TaskThread.java:63)
	at java.base/java.lang.Thread.run(Thread.java:1583)
2025-06-25 -Exception Processing [ErrorPage[errorCode=0, location=/error]]
org.springframework.web.util.pattern.PatternParseException: No more pattern data allowed after {*...} or ** pattern element
	at org.springframework.web.util.pattern.InternalPathPatternParser.peekDoubleWildcard(InternalPathPatternParser.java:250)
	at org.springframework.web.util.pattern.InternalPathPatternParser.parse(InternalPathPatternParser.java:113)
	at org.springframework.web.util.pattern.PathPatternParser.parse(PathPatternParser.java:129)
	at org.springframework.web.servlet.handler.PathPatternMatchableHandlerMapping.lambda$match$0(PathPatternMatchableHandlerMapping.java:64)
	at java.base/java.util.concurrent.ConcurrentHashMap.computeIfAbsent(ConcurrentHashMap.java:1740)
	at org.springframework.web.servlet.handler.PathPatternMatchableHandlerMapping.match(PathPatternMatchableHandlerMapping.java:62)
	at org.springframework.web.servlet.handler.HandlerMappingIntrospector$LookupPathMatchableHandlerMapping.match(HandlerMappingIntrospector.java:596)
	at org.springframework.security.web.servlet.util.matcher.MvcRequestMatcher.matcher(MvcRequestMatcher.java:97)
	at org.springframework.security.config.annotation.web.AbstractRequestMatcherRegistry$DeferredRequestMatcher.matcher(AbstractRequestMatcherRegistry.java:435)
	at org.springframework.security.web.access.intercept.RequestMatcherDelegatingAuthorizationManager.check(RequestMatcherDelegatingAuthorizationManager.java:83)
	at org.springframework.security.web.access.intercept.RequestMatcherDelegatingAuthorizationManager.check(RequestMatcherDelegatingAuthorizationManager.java:50)
	at org.springframework.security.authorization.AuthorizationManager.authorize(AuthorizationManager.java:69)
	at org.springframework.security.web.access.intercept.AuthorizationFilter.doFilter(AuthorizationFilter.java:96)
	at org.springframework.security.web.FilterChainProxy$VirtualFilterChain.doFilter(FilterChainProxy.java:374)
	at org.springframework.security.web.access.ExceptionTranslationFilter.doFilter(ExceptionTranslationFilter.java:125)
	at org.springframework.security.web.access.ExceptionTranslationFilter.doFilter(ExceptionTranslationFilter.java:119)
	at org.springframework.security.web.FilterChainProxy$VirtualFilterChain.doFilter(FilterChainProxy.java:374)
	at org.springframework.security.web.session.SessionManagementFilter.doFilter(SessionManagementFilter.java:91)
	at org.springframework.security.web.session.SessionManagementFilter.doFilter(SessionManagementFilter.java:85)
	at org.springframework.security.web.FilterChainProxy$VirtualFilterChain.doFilter(FilterChainProxy.java:374)
	at org.springframework.security.web.authentication.AnonymousAuthenticationFilter.doFilter(AnonymousAuthenticationFilter.java:100)
	at org.springframework.security.web.FilterChainProxy$VirtualFilterChain.doFilter(FilterChainProxy.java:374)
	at org.springframework.security.web.servletapi.SecurityContextHolderAwareRequestFilter.doFilter(SecurityContextHolderAwareRequestFilter.java:179)
	at org.springframework.security.web.FilterChainProxy$VirtualFilterChain.doFilter(FilterChainProxy.java:374)
	at org.springframework.security.web.savedrequest.RequestCacheAwareFilter.doFilter(RequestCacheAwareFilter.java:63)
	at org.springframework.security.web.FilterChainProxy$VirtualFilterChain.doFilter(FilterChainProxy.java:374)
	at org.springframework.web.filter.OncePerRequestFilter.doFilter(OncePerRequestFilter.java:101)
	at org.springframework.security.web.FilterChainProxy$VirtualFilterChain.doFilter(FilterChainProxy.java:374)
	at org.springframework.web.filter.OncePerRequestFilter.doFilter(OncePerRequestFilter.java:101)
	at org.springframework.security.web.FilterChainProxy$VirtualFilterChain.doFilter(FilterChainProxy.java:374)
	at org.springframework.security.web.authentication.logout.LogoutFilter.doFilter(LogoutFilter.java:107)
	at org.springframework.security.web.authentication.logout.LogoutFilter.doFilter(LogoutFilter.java:93)
	at org.springframework.security.web.FilterChainProxy$VirtualFilterChain.doFilter(FilterChainProxy.java:374)
	at org.springframework.web.filter.OncePerRequestFilter.doFilter(OncePerRequestFilter.java:101)
	at org.springframework.security.web.FilterChainProxy$VirtualFilterChain.doFilter(FilterChainProxy.java:374)
	at org.springframework.web.filter.OncePerRequestFilter.doFilter(OncePerRequestFilter.java:101)
	at org.springframework.security.web.FilterChainProxy$VirtualFilterChain.doFilter(FilterChainProxy.java:374)
	at org.springframework.security.web.context.SecurityContextHolderFilter.doFilter(SecurityContextHolderFilter.java:82)
	at org.springframework.security.web.context.SecurityContextHolderFilter.doFilter(SecurityContextHolderFilter.java:69)
	at org.springframework.security.web.FilterChainProxy$VirtualFilterChain.doFilter(FilterChainProxy.java:374)
	at org.springframework.web.filter.OncePerRequestFilter.doFilter(OncePerRequestFilter.java:101)
	at org.springframework.security.web.FilterChainProxy$VirtualFilterChain.doFilter(FilterChainProxy.java:374)
	at org.springframework.web.filter.OncePerRequestFilter.doFilter(OncePerRequestFilter.java:101)
	at org.springframework.security.web.FilterChainProxy$VirtualFilterChain.doFilter(FilterChainProxy.java:374)
	at org.springframework.security.web.FilterChainProxy.doFilterInternal(FilterChainProxy.java:233)
	at org.springframework.security.web.FilterChainProxy.doFilter(FilterChainProxy.java:191)
	at org.springframework.web.filter.CompositeFilter$VirtualFilterChain.doFilter(CompositeFilter.java:113)
	at org.springframework.web.filter.ServletRequestPathFilter.doFilter(ServletRequestPathFilter.java:52)
	at org.springframework.web.filter.CompositeFilter$VirtualFilterChain.doFilter(CompositeFilter.java:113)
	at org.springframework.web.filter.CompositeFilter.doFilter(CompositeFilter.java:74)
	at org.springframework.security.config.annotation.web.configuration.WebSecurityConfiguration$CompositeFilterChainProxy.doFilter(WebSecurityConfiguration.java:319)
	at org.springframework.web.filter.CompositeFilter$VirtualFilterChain.doFilter(CompositeFilter.java:113)
	at org.springframework.web.servlet.handler.HandlerMappingIntrospector.lambda$createCacheFilter$3(HandlerMappingIntrospector.java:243)
	at org.springframework.web.filter.CompositeFilter$VirtualFilterChain.doFilter(CompositeFilter.java:113)
	at org.springframework.web.filter.CompositeFilter.doFilter(CompositeFilter.java:74)
	at org.springframework.security.config.annotation.web.configuration.WebMvcSecurityConfiguration$CompositeFilterChainProxy.doFilter(WebMvcSecurityConfiguration.java:240)
	at org.springframework.web.filter.DelegatingFilterProxy.invokeDelegate(DelegatingFilterProxy.java:362)
	at org.springframework.web.filter.DelegatingFilterProxy.doFilter(DelegatingFilterProxy.java:278)
	at org.apache.catalina.core.ApplicationFilterChain.internalDoFilter(ApplicationFilterChain.java:164)
	at org.apache.catalina.core.ApplicationFilterChain.doFilter(ApplicationFilterChain.java:140)
	at org.springframework.web.filter.RequestContextFilter.doFilterInternal(RequestContextFilter.java:100)
	at org.springframework.web.filter.OncePerRequestFilter.doFilter(OncePerRequestFilter.java:116)
	at org.apache.catalina.core.ApplicationFilterChain.internalDoFilter(ApplicationFilterChain.java:164)
	at org.apache.catalina.core.ApplicationFilterChain.doFilter(ApplicationFilterChain.java:140)
	at org.springframework.web.filter.OncePerRequestFilter.doFilter(OncePerRequestFilter.java:101)
	at org.apache.catalina.core.ApplicationFilterChain.internalDoFilter(ApplicationFilterChain.java:164)
	at org.apache.catalina.core.ApplicationFilterChain.doFilter(ApplicationFilterChain.java:140)
	at org.springframework.web.filter.OncePerRequestFilter.doFilter(OncePerRequestFilter.java:101)
	at org.apache.catalina.core.ApplicationFilterChain.internalDoFilter(ApplicationFilterChain.java:164)
	at org.apache.catalina.core.ApplicationFilterChain.doFilter(ApplicationFilterChain.java:140)
	at org.apache.catalina.core.ApplicationDispatcher.invoke(ApplicationDispatcher.java:612)
	at org.apache.catalina.core.ApplicationDispatcher.processRequest(ApplicationDispatcher.java:396)
	at org.apache.catalina.core.ApplicationDispatcher.doForward(ApplicationDispatcher.java:323)
	at org.apache.catalina.core.ApplicationDispatcher.forward(ApplicationDispatcher.java:268)
	at org.apache.catalina.core.StandardHostValve.custom(StandardHostValve.java:377)
	at org.apache.catalina.core.StandardHostValve.status(StandardHostValve.java:209)
	at org.apache.catalina.core.StandardHostValve.throwable(StandardHostValve.java:286)
	at org.apache.catalina.core.StandardHostValve.invoke(StandardHostValve.java:150)
	at org.apache.catalina.valves.ErrorReportValve.invoke(ErrorReportValve.java:93)
	at org.apache.catalina.core.StandardEngineValve.invoke(StandardEngineValve.java:74)
	at org.apache.catalina.connector.CoyoteAdapter.service(CoyoteAdapter.java:344)
	at org.apache.coyote.http11.Http11Processor.service(Http11Processor.java:398)
	at org.apache.coyote.AbstractProcessorLight.process(AbstractProcessorLight.java:63)
	at org.apache.coyote.AbstractProtocol$ConnectionHandler.process(AbstractProtocol.java:903)
	at org.apache.tomcat.util.net.NioEndpoint$SocketProcessor.doRun(NioEndpoint.java:1740)
	at org.apache.tomcat.util.net.SocketProcessorBase.run(SocketProcessorBase.java:52)
	at org.apache.tomcat.util.threads.ThreadPoolExecutor.runWorker(ThreadPoolExecutor.java:1189)
	at org.apache.tomcat.util.threads.ThreadPoolExecutor$Worker.run(ThreadPoolExecutor.java:658)
	at org.apache.tomcat.util.threads.TaskThread$WrappingRunnable.run(TaskThread.java:63)
	at java.base/java.lang.Thread.run(Thread.java:1583)
2025-06-25 -Application shutdown requested.
2025-06-25 -Unregistering application CARTMODULE with eureka with status DOWN
2025-06-25 -Saw local status change event StatusChangeEvent [timestamp=1750852685488, current=DOWN, previous=UP]
2025-06-25 -DiscoveryClient_CARTMODULE/LTIN555640.cts.com:CartModule:9926: registering service...
2025-06-25 -Commencing graceful shutdown. Waiting for active requests to complete
2025-06-25 -DiscoveryClient_CARTMODULE/LTIN555640.cts.com:CartModule:9926 - registration status: 204
2025-06-25 -Graceful shutdown complete
2025-06-25 -Closing JPA EntityManagerFactory for persistence unit 'default'
2025-06-25 -HikariPool-1 - Shutdown initiated...
2025-06-25 -HikariPool-1 - Shutdown completed.
2025-06-25 -Shutting down DiscoveryClient ...
2025-06-25 -Unregistering ...
2025-06-25 -DiscoveryClient_CARTMODULE/LTIN555640.cts.com:CartModule:9926 - deregister  status: 200
2025-06-25 -Completed shut down of DiscoveryClient
2025-06-25 -Starting CartModuleApplication using Java 21.0.6 with PID 14740 (C:\Users\2406757\OneDrive - Cognizant\Desktop\Ecommerce\CartModule\target\classes started by 2406757 in C:\Users\2406757\OneDrive - Cognizant\Desktop\Ecommerce\CartModule)
2025-06-25 -No active profile set, falling back to 1 default profile: "default"
2025-06-25 -Bootstrapping Spring Data JPA repositories in DEFAULT mode.
2025-06-25 -Finished Spring Data repository scanning in 293 ms. Found 2 JPA repository interfaces.
2025-06-25 -BeanFactory id=6f750af5-39c0-3634-a8b1-9aa54b363912
2025-06-25 -Tomcat initialized with port 9926 (http)
2025-06-25 -Starting service [Tomcat]
2025-06-25 -Starting Servlet engine: [Apache Tomcat/10.1.41]
2025-06-25 -Initializing Spring embedded WebApplicationContext
2025-06-25 -Root WebApplicationContext: initialization completed in 3976 ms
2025-06-25 -HHH000204: Processing PersistenceUnitInfo [name: default]
2025-06-25 -HHH000412: Hibernate ORM core version 6.6.15.Final
2025-06-25 -HHH000026: Second-level cache disabled
2025-06-25 -No LoadTimeWeaver setup: ignoring JPA class transformer
2025-06-25 -HikariPool-1 - Starting...
2025-06-25 -HikariPool-1 - Added connection com.mysql.cj.jdbc.ConnectionImpl@2e64ae1a
2025-06-25 -HikariPool-1 - Start completed.
2025-06-25 -HHH10001005: Database info:
	Database JDBC URL [Connecting through datasource 'HikariDataSource (HikariPool-1)']
	Database driver: undefined/unknown
	Database version: 8.0.41
	Autocommit mode: undefined/unknown
	Isolation level: undefined/unknown
	Minimum pool size: undefined/unknown
	Maximum pool size: undefined/unknown
2025-06-25 -HHH000489: No JTA platform available (set 'hibernate.transaction.jta.platform' to enable JTA platform integration)
2025-06-25 -Initialized JPA EntityManagerFactory for persistence unit 'default'
2025-06-25 -spring.jpa.open-in-view is enabled by default. Therefore, database queries may be performed during view rendering. Explicitly configure spring.jpa.open-in-view to disable this warning
2025-06-25 -For 'user2' URL not provided. Will try picking an instance via load-balancing.
2025-06-25 -For 'Project' URL not provided. Will try picking an instance via load-balancing.
2025-06-25 -Eureka HTTP Client uses RestTemplate.
2025-06-25 -Spring Cloud LoadBalancer is currently working with the default cache. While this cache implementation is useful for development and tests, it's recommended to use Caffeine cache in production.You can switch to using Caffeine cache, by adding it and org.springframework.cache.caffeine.CaffeineCacheManager to the classpath.
2025-06-25 -Setting initial instance status as: STARTING
2025-06-25 -Initializing Eureka in region us-east-1
2025-06-25 -Resolving eureka endpoints via configuration
2025-06-25 -Disable delta property : false
2025-06-25 -Single vip registry refresh property : null
2025-06-25 -Force full registry fetch : false
2025-06-25 -Application is null : false
2025-06-25 -Registered Applications size is zero : true
2025-06-25 -Application version is -1: true
2025-06-25 -Getting all instance registry info from the eureka server
2025-06-25 -The response status is 200
2025-06-25 -Starting heartbeat executor: renew interval is: 30
2025-06-25 -InstanceInfoReplicator onDemand update allowed rate per min is 4
2025-06-25 -Discovery Client initialized at timestamp 1750852715147 with initial instances count: 3
2025-06-25 -Registering application CARTMODULE with eureka with status UP
2025-06-25 -Saw local status change event StatusChangeEvent [timestamp=1750852715155, current=UP, previous=STARTING]
2025-06-25 -DiscoveryClient_CARTMODULE/LTIN555640.cts.com:CartModule:9926: registering service...
2025-06-25 -Tomcat started on port 9926 (http) with context path '/'
2025-06-25 -Updating port to 9926
2025-06-25 -Started CartModuleApplication in 13.845 seconds (process running for 15.773)
2025-06-25 -DiscoveryClient_CARTMODULE/LTIN555640.cts.com:CartModule:9926 - registration status: 204
2025-06-25 -Initializing Spring DispatcherServlet 'dispatcherServlet'
2025-06-25 -Initializing Servlet 'dispatcherServlet'
2025-06-25 -Completed initialization in 4 ms
2025-06-25 -Request received: Creating cart for user 7
2025-06-25 -Resolving eureka endpoints via configuration
2025-06-25 -Application shutdown requested.
2025-06-25 -Unregistering application CARTMODULE with eureka with status DOWN
2025-06-25 -Saw local status change event StatusChangeEvent [timestamp=1750853273831, current=DOWN, previous=UP]
2025-06-25 -DiscoveryClient_CARTMODULE/LTIN555640.cts.com:CartModule:9926: registering service...
2025-06-25 -Commencing graceful shutdown. Waiting for active requests to complete
2025-06-25 -Graceful shutdown complete
2025-06-25 -DiscoveryClient_CARTMODULE/LTIN555640.cts.com:CartModule:9926 - registration status: 204
2025-06-25 -Closing JPA EntityManagerFactory for persistence unit 'default'
2025-06-25 -HikariPool-1 - Shutdown initiated...
2025-06-25 -HikariPool-1 - Shutdown completed.
2025-06-25 -Shutting down DiscoveryClient ...
2025-06-25 -Unregistering ...
2025-06-25 -DiscoveryClient_CARTMODULE/LTIN555640.cts.com:CartModule:9926 - deregister  status: 200
2025-06-25 -Completed shut down of DiscoveryClient
2025-06-25 -Starting CartModuleApplication using Java 21.0.6 with PID 22028 (C:\Users\2406757\OneDrive - Cognizant\Desktop\Ecommerce\CartModule\target\classes started by 2406757 in C:\Users\2406757\OneDrive - Cognizant\Desktop\Ecommerce\CartModule)
2025-06-25 -No active profile set, falling back to 1 default profile: "default"
2025-06-25 -Bootstrapping Spring Data JPA repositories in DEFAULT mode.
2025-06-25 -Finished Spring Data repository scanning in 365 ms. Found 2 JPA repository interfaces.
2025-06-25 -BeanFactory id=6f750af5-39c0-3634-a8b1-9aa54b363912
2025-06-25 -Tomcat initialized with port 9926 (http)
2025-06-25 -Starting service [Tomcat]
2025-06-25 -Starting Servlet engine: [Apache Tomcat/10.1.41]
2025-06-25 -Initializing Spring embedded WebApplicationContext
2025-06-25 -Root WebApplicationContext: initialization completed in 4775 ms
2025-06-25 -HHH000204: Processing PersistenceUnitInfo [name: default]
2025-06-25 -HHH000412: Hibernate ORM core version 6.6.15.Final
2025-06-25 -HHH000026: Second-level cache disabled
2025-06-25 -No LoadTimeWeaver setup: ignoring JPA class transformer
2025-06-25 -HikariPool-1 - Starting...
2025-06-25 -HikariPool-1 - Added connection com.mysql.cj.jdbc.ConnectionImpl@5a99543b
2025-06-25 -HikariPool-1 - Start completed.
2025-06-25 -HHH10001005: Database info:
	Database JDBC URL [Connecting through datasource 'HikariDataSource (HikariPool-1)']
	Database driver: undefined/unknown
	Database version: 8.0.41
	Autocommit mode: undefined/unknown
	Isolation level: undefined/unknown
	Minimum pool size: undefined/unknown
	Maximum pool size: undefined/unknown
2025-06-25 -HHH000489: No JTA platform available (set 'hibernate.transaction.jta.platform' to enable JTA platform integration)
2025-06-25 -Initialized JPA EntityManagerFactory for persistence unit 'default'
2025-06-25 -spring.jpa.open-in-view is enabled by default. Therefore, database queries may be performed during view rendering. Explicitly configure spring.jpa.open-in-view to disable this warning
2025-06-25 -For 'user2' URL not provided. Will try picking an instance via load-balancing.
2025-06-25 -For 'Project' URL not provided. Will try picking an instance via load-balancing.
2025-06-25 -Eureka HTTP Client uses RestTemplate.
2025-06-25 -Spring Cloud LoadBalancer is currently working with the default cache. While this cache implementation is useful for development and tests, it's recommended to use Caffeine cache in production.You can switch to using Caffeine cache, by adding it and org.springframework.cache.caffeine.CaffeineCacheManager to the classpath.
2025-06-25 -Setting initial instance status as: STARTING
2025-06-25 -Initializing Eureka in region us-east-1
2025-06-25 -Resolving eureka endpoints via configuration
2025-06-25 -Disable delta property : false
2025-06-25 -Single vip registry refresh property : null
2025-06-25 -Force full registry fetch : false
2025-06-25 -Application is null : false
2025-06-25 -Registered Applications size is zero : true
2025-06-25 -Application version is -1: true
2025-06-25 -Getting all instance registry info from the eureka server
2025-06-25 -The response status is 200
2025-06-25 -Starting heartbeat executor: renew interval is: 30
2025-06-25 -InstanceInfoReplicator onDemand update allowed rate per min is 4
2025-06-25 -Discovery Client initialized at timestamp 1750853299958 with initial instances count: 2
2025-06-25 -Registering application CARTMODULE with eureka with status UP
2025-06-25 -Saw local status change event StatusChangeEvent [timestamp=1750853299964, current=UP, previous=STARTING]
2025-06-25 -DiscoveryClient_CARTMODULE/LTIN555640.cts.com:CartModule:9926: registering service...
2025-06-25 -Tomcat started on port 9926 (http) with context path '/'
2025-06-25 -Updating port to 9926
2025-06-25 -Started CartModuleApplication in 12.169 seconds (process running for 14.639)
2025-06-25 -DiscoveryClient_CARTMODULE/LTIN555640.cts.com:CartModule:9926 - registration status: 204
2025-06-25 -Resolving eureka endpoints via configuration
2025-06-25 -Application shutdown requested.
2025-06-25 -Unregistering application CARTMODULE with eureka with status DOWN
2025-06-25 -Saw local status change event StatusChangeEvent [timestamp=1750853637695, current=DOWN, previous=UP]
2025-06-25 -DiscoveryClient_CARTMODULE/LTIN555640.cts.com:CartModule:9926: registering service...
2025-06-25 -Commencing graceful shutdown. Waiting for active requests to complete
2025-06-25 -Graceful shutdown complete
2025-06-25 -DiscoveryClient_CARTMODULE/LTIN555640.cts.com:CartModule:9926 - registration status: 204
2025-06-25 -Closing JPA EntityManagerFactory for persistence unit 'default'
2025-06-25 -HikariPool-1 - Shutdown initiated...
2025-06-25 -HikariPool-1 - Shutdown completed.
2025-06-25 -Shutting down DiscoveryClient ...
2025-06-25 -Unregistering ...
2025-06-25 -DiscoveryClient_CARTMODULE/LTIN555640.cts.com:CartModule:9926 - deregister  status: 200
2025-06-25 -Completed shut down of DiscoveryClient
2025-06-25 -Starting CartModuleApplication using Java 21.0.6 with PID 348 (C:\Users\2406757\OneDrive - Cognizant\Desktop\Ecommerce\CartModule\target\classes started by 2406757 in C:\Users\2406757\OneDrive - Cognizant\Desktop\Ecommerce\CartModule)
2025-06-25 -No active profile set, falling back to 1 default profile: "default"
2025-06-25 -Bootstrapping Spring Data JPA repositories in DEFAULT mode.
2025-06-25 -Finished Spring Data repository scanning in 428 ms. Found 2 JPA repository interfaces.
2025-06-25 -BeanFactory id=1923e096-f7ba-3fa2-b1ed-7aa618754bb3
2025-06-25 -Tomcat initialized with port 9926 (http)
2025-06-25 -Starting service [Tomcat]
2025-06-25 -Starting Servlet engine: [Apache Tomcat/10.1.41]
2025-06-25 -Initializing Spring embedded WebApplicationContext
2025-06-25 -Root WebApplicationContext: initialization completed in 5271 ms
2025-06-25 -HHH000204: Processing PersistenceUnitInfo [name: default]
2025-06-25 -HHH000412: Hibernate ORM core version 6.6.15.Final
2025-06-25 -HHH000026: Second-level cache disabled
2025-06-25 -No LoadTimeWeaver setup: ignoring JPA class transformer
2025-06-25 -HikariPool-1 - Starting...
2025-06-25 -HikariPool-1 - Added connection com.mysql.cj.jdbc.ConnectionImpl@5a99543b
2025-06-25 -HikariPool-1 - Start completed.
2025-06-25 -HHH10001005: Database info:
	Database JDBC URL [Connecting through datasource 'HikariDataSource (HikariPool-1)']
	Database driver: undefined/unknown
	Database version: 8.0.41
	Autocommit mode: undefined/unknown
	Isolation level: undefined/unknown
	Minimum pool size: undefined/unknown
	Maximum pool size: undefined/unknown
2025-06-25 -HHH000489: No JTA platform available (set 'hibernate.transaction.jta.platform' to enable JTA platform integration)
2025-06-25 -Initialized JPA EntityManagerFactory for persistence unit 'default'
2025-06-25 -spring.jpa.open-in-view is enabled by default. Therefore, database queries may be performed during view rendering. Explicitly configure spring.jpa.open-in-view to disable this warning
2025-06-25 -For 'user3' URL not provided. Will try picking an instance via load-balancing.
2025-06-25 -For 'Project' URL not provided. Will try picking an instance via load-balancing.
2025-06-25 -Eureka HTTP Client uses RestTemplate.
2025-06-25 -Spring Cloud LoadBalancer is currently working with the default cache. While this cache implementation is useful for development and tests, it's recommended to use Caffeine cache in production.You can switch to using Caffeine cache, by adding it and org.springframework.cache.caffeine.CaffeineCacheManager to the classpath.
2025-06-25 -Setting initial instance status as: STARTING
2025-06-25 -Initializing Eureka in region us-east-1
2025-06-25 -Resolving eureka endpoints via configuration
2025-06-25 -Disable delta property : false
2025-06-25 -Single vip registry refresh property : null
2025-06-25 -Force full registry fetch : false
2025-06-25 -Application is null : false
2025-06-25 -Registered Applications size is zero : true
2025-06-25 -Application version is -1: true
2025-06-25 -Getting all instance registry info from the eureka server
2025-06-25 -The response status is 200
2025-06-25 -Starting heartbeat executor: renew interval is: 30
2025-06-25 -InstanceInfoReplicator onDemand update allowed rate per min is 4
2025-06-25 -Discovery Client initialized at timestamp 1750853666479 with initial instances count: 5
2025-06-25 -Registering application CARTMODULE with eureka with status UP
2025-06-25 -Saw local status change event StatusChangeEvent [timestamp=1750853666486, current=UP, previous=STARTING]
2025-06-25 -DiscoveryClient_CARTMODULE/LTIN555640.cts.com:CartModule:9926: registering service...
2025-06-25 -Tomcat started on port 9926 (http) with context path '/'
2025-06-25 -Updating port to 9926
2025-06-25 -Started CartModuleApplication in 15.851 seconds (process running for 17.898)
2025-06-25 -DiscoveryClient_CARTMODULE/LTIN555640.cts.com:CartModule:9926 - registration status: 204
2025-06-25 -Resolving eureka endpoints via configuration
2025-06-25 -Resolving eureka endpoints via configuration
2025-06-25 -Application shutdown requested.
2025-06-25 -Unregistering application CARTMODULE with eureka with status DOWN
2025-06-25 -Saw local status change event StatusChangeEvent [timestamp=1750854526600, current=DOWN, previous=UP]
2025-06-25 -DiscoveryClient_CARTMODULE/LTIN555640.cts.com:CartModule:9926: registering service...
2025-06-25 -Commencing graceful shutdown. Waiting for active requests to complete
2025-06-25 -Graceful shutdown complete
2025-06-25 -DiscoveryClient_CARTMODULE/LTIN555640.cts.com:CartModule:9926 - registration status: 204
2025-06-25 -Closing JPA EntityManagerFactory for persistence unit 'default'
2025-06-25 -HikariPool-1 - Shutdown initiated...
2025-06-25 -HikariPool-1 - Shutdown completed.
2025-06-25 -Shutting down DiscoveryClient ...
2025-06-25 -Unregistering ...
2025-06-25 -DiscoveryClient_CARTMODULE/LTIN555640.cts.com:CartModule:9926 - deregister  status: 200
2025-06-25 -Completed shut down of DiscoveryClient
2025-06-25 -Starting CartModuleApplication using Java 21.0.6 with PID 16552 (C:\Users\2406757\OneDrive - Cognizant\Desktop\Ecommerce\CartModule\target\classes started by 2406757 in C:\Users\2406757\OneDrive - Cognizant\Desktop\Ecommerce\CartModule)
2025-06-25 -No active profile set, falling back to 1 default profile: "default"
2025-06-25 -Bootstrapping Spring Data JPA repositories in DEFAULT mode.
2025-06-25 -Finished Spring Data repository scanning in 409 ms. Found 2 JPA repository interfaces.
2025-06-25 -BeanFactory id=1923e096-f7ba-3fa2-b1ed-7aa618754bb3
2025-06-25 -Tomcat initialized with port 9926 (http)
2025-06-25 -Starting service [Tomcat]
2025-06-25 -Starting Servlet engine: [Apache Tomcat/10.1.41]
2025-06-25 -Initializing Spring embedded WebApplicationContext
2025-06-25 -Root WebApplicationContext: initialization completed in 5612 ms
2025-06-25 -HHH000204: Processing PersistenceUnitInfo [name: default]
2025-06-25 -HHH000412: Hibernate ORM core version 6.6.15.Final
2025-06-25 -HHH000026: Second-level cache disabled
2025-06-25 -No LoadTimeWeaver setup: ignoring JPA class transformer
2025-06-25 -HikariPool-1 - Starting...
2025-06-25 -HikariPool-1 - Added connection com.mysql.cj.jdbc.ConnectionImpl@4deca78
2025-06-25 -HikariPool-1 - Start completed.
2025-06-25 -HHH10001005: Database info:
	Database JDBC URL [Connecting through datasource 'HikariDataSource (HikariPool-1)']
	Database driver: undefined/unknown
	Database version: 8.0.41
	Autocommit mode: undefined/unknown
	Isolation level: undefined/unknown
	Minimum pool size: undefined/unknown
	Maximum pool size: undefined/unknown
2025-06-25 -HHH000489: No JTA platform available (set 'hibernate.transaction.jta.platform' to enable JTA platform integration)
2025-06-25 -Initialized JPA EntityManagerFactory for persistence unit 'default'
2025-06-25 -spring.jpa.open-in-view is enabled by default. Therefore, database queries may be performed during view rendering. Explicitly configure spring.jpa.open-in-view to disable this warning
2025-06-25 -For 'user3' URL not provided. Will try picking an instance via load-balancing.
2025-06-25 -For 'Project' URL not provided. Will try picking an instance via load-balancing.
2025-06-25 -Eureka HTTP Client uses RestTemplate.
2025-06-25 -Spring Cloud LoadBalancer is currently working with the default cache. While this cache implementation is useful for development and tests, it's recommended to use Caffeine cache in production.You can switch to using Caffeine cache, by adding it and org.springframework.cache.caffeine.CaffeineCacheManager to the classpath.
2025-06-25 -Setting initial instance status as: STARTING
2025-06-25 -Initializing Eureka in region us-east-1
2025-06-25 -Resolving eureka endpoints via configuration
2025-06-25 -Disable delta property : false
2025-06-25 -Single vip registry refresh property : null
2025-06-25 -Force full registry fetch : false
2025-06-25 -Application is null : false
2025-06-25 -Registered Applications size is zero : true
2025-06-25 -Application version is -1: true
2025-06-25 -Getting all instance registry info from the eureka server
2025-06-25 -The response status is 200
2025-06-25 -Starting heartbeat executor: renew interval is: 30
2025-06-25 -InstanceInfoReplicator onDemand update allowed rate per min is 4
2025-06-25 -Discovery Client initialized at timestamp 1750854562471 with initial instances count: 4
2025-06-25 -Registering application CARTMODULE with eureka with status UP
2025-06-25 -Saw local status change event StatusChangeEvent [timestamp=1750854562479, current=UP, previous=STARTING]
2025-06-25 -DiscoveryClient_CARTMODULE/LTIN555640.cts.com:CartModule:9926: registering service...
2025-06-25 -Tomcat started on port 9926 (http) with context path '/'
2025-06-25 -Updating port to 9926
2025-06-25 -Started CartModuleApplication in 16.576 seconds (process running for 18.958)
2025-06-25 -DiscoveryClient_CARTMODULE/LTIN555640.cts.com:CartModule:9926 - registration status: 204
2025-06-25 -Initializing Spring DispatcherServlet 'dispatcherServlet'
2025-06-25 -Initializing Servlet 'dispatcherServlet'
2025-06-25 -Completed initialization in 2 ms
2025-06-25 -Fetching cart items for user 7
2025-06-25 -Error checking product availability: [401] during [GET] to [http://Project/api/ecom/products/getSummaries] [ProductFC#getProductSummaries()]: []
2025-06-25 -Resolving eureka endpoints via configuration
2025-06-25 -Resolving eureka endpoints via configuration
2025-06-25 -Resolving eureka endpoints via configuration
2025-06-25 -Resolving eureka endpoints via configuration
2025-06-25 -Resolving eureka endpoints via configuration
2025-06-25 -Resolving eureka endpoints via configuration
2025-06-25 -Resolving eureka endpoints via configuration
2025-06-25 -Validating user ID 7 via User microservice
2025-06-25 -User validation failed for ID 7: [401] during [GET] to [http://user3/api/users/7/id] [UserFC#getUserId(int)]: []
2025-06-25 -Request received: Creating cart for user 8
2025-06-25 -Validating user ID 8 via User microservice
2025-06-25 -User validation failed for ID 8: [401] during [GET] to [http://user3/api/users/8/id] [UserFC#getUserId(int)]: []
2025-06-25 -Resolving eureka endpoints via configuration
2025-06-25 -Application shutdown requested.
2025-06-25 -Unregistering application CARTMODULE with eureka with status DOWN
2025-06-25 -Saw local status change event StatusChangeEvent [timestamp=1750857113158, current=DOWN, previous=UP]
2025-06-25 -DiscoveryClient_CARTMODULE/LTIN555640.cts.com:CartModule:9926: registering service...
2025-06-25 -Commencing graceful shutdown. Waiting for active requests to complete
2025-06-25 -Graceful shutdown complete
2025-06-25 -DiscoveryClient_CARTMODULE/LTIN555640.cts.com:CartModule:9926 - registration status: 204
2025-06-25 -Closing JPA EntityManagerFactory for persistence unit 'default'
2025-06-25 -HikariPool-1 - Shutdown initiated...
2025-06-25 -HikariPool-1 - Shutdown completed.
2025-06-25 -Shutting down DiscoveryClient ...
2025-06-25 -Unregistering ...
2025-06-25 -task supervisor shutting down, can't accept the task
2025-06-25 -DiscoveryClient_CARTMODULE/LTIN555640.cts.com:CartModule:9926 - deregister  status: 200
2025-06-25 -Completed shut down of DiscoveryClient
2025-06-25 -Starting CartModuleApplication using Java 21.0.6 with PID 24876 (C:\Users\2406757\OneDrive - Cognizant\Desktop\Ecommerce\CartModule\target\classes started by 2406757 in C:\Users\2406757\OneDrive - Cognizant\Desktop\Ecommerce\CartModule)
2025-06-25 -No active profile set, falling back to 1 default profile: "default"
2025-06-25 -Bootstrapping Spring Data JPA repositories in DEFAULT mode.
2025-06-25 -Finished Spring Data repository scanning in 429 ms. Found 2 JPA repository interfaces.
2025-06-25 -BeanFactory id=339da836-c8db-38cf-9f17-4bf9e4386e98
2025-06-25 -Tomcat initialized with port 9926 (http)
2025-06-25 -Starting service [Tomcat]
2025-06-25 -Starting Servlet engine: [Apache Tomcat/10.1.41]
2025-06-25 -Initializing Spring embedded WebApplicationContext
2025-06-25 -Root WebApplicationContext: initialization completed in 6162 ms
2025-06-25 -HHH000204: Processing PersistenceUnitInfo [name: default]
2025-06-25 -HHH000412: Hibernate ORM core version 6.6.15.Final
2025-06-25 -HHH000026: Second-level cache disabled
2025-06-25 -No LoadTimeWeaver setup: ignoring JPA class transformer
2025-06-25 -HikariPool-1 - Starting...
2025-06-25 -HikariPool-1 - Added connection com.mysql.cj.jdbc.ConnectionImpl@6d45dd4
2025-06-25 -HikariPool-1 - Start completed.
2025-06-25 -HHH10001005: Database info:
	Database JDBC URL [Connecting through datasource 'HikariDataSource (HikariPool-1)']
	Database driver: undefined/unknown
	Database version: 8.0.41
	Autocommit mode: undefined/unknown
	Isolation level: undefined/unknown
	Minimum pool size: undefined/unknown
	Maximum pool size: undefined/unknown
2025-06-25 -HHH000489: No JTA platform available (set 'hibernate.transaction.jta.platform' to enable JTA platform integration)
2025-06-25 -Initialized JPA EntityManagerFactory for persistence unit 'default'
2025-06-25 -spring.jpa.open-in-view is enabled by default. Therefore, database queries may be performed during view rendering. Explicitly configure spring.jpa.open-in-view to disable this warning
2025-06-25 -For 'user3' URL not provided. Will try picking an instance via load-balancing.
2025-06-25 -For 'Project' URL not provided. Will try picking an instance via load-balancing.
2025-06-25 -Eureka HTTP Client uses RestTemplate.
2025-06-25 -Spring Cloud LoadBalancer is currently working with the default cache. While this cache implementation is useful for development and tests, it's recommended to use Caffeine cache in production.You can switch to using Caffeine cache, by adding it and org.springframework.cache.caffeine.CaffeineCacheManager to the classpath.
2025-06-25 -Setting initial instance status as: STARTING
2025-06-25 -Initializing Eureka in region us-east-1
2025-06-25 -Resolving eureka endpoints via configuration
2025-06-25 -Disable delta property : false
2025-06-25 -Single vip registry refresh property : null
2025-06-25 -Force full registry fetch : false
2025-06-25 -Application is null : false
2025-06-25 -Registered Applications size is zero : true
2025-06-25 -Application version is -1: true
2025-06-25 -Getting all instance registry info from the eureka server
2025-06-25 -The response status is 200
2025-06-25 -Starting heartbeat executor: renew interval is: 30
2025-06-25 -InstanceInfoReplicator onDemand update allowed rate per min is 4
2025-06-25 -Discovery Client initialized at timestamp 1750857148569 with initial instances count: 4
2025-06-25 -Registering application CARTMODULE with eureka with status UP
2025-06-25 -Saw local status change event StatusChangeEvent [timestamp=1750857148592, current=UP, previous=STARTING]
2025-06-25 -DiscoveryClient_CARTMODULE/LTIN555640.cts.com:CartModule:9926: registering service...
2025-06-25 -Tomcat started on port 9926 (http) with context path '/'
2025-06-25 -Updating port to 9926
2025-06-25 -Started CartModuleApplication in 21.153 seconds (process running for 23.389)
2025-06-25 -DiscoveryClient_CARTMODULE/LTIN555640.cts.com:CartModule:9926 - registration status: 204
2025-06-25 -Initializing Spring DispatcherServlet 'dispatcherServlet'
2025-06-25 -Initializing Servlet 'dispatcherServlet'
2025-06-25 -Completed initialization in 3 ms
2025-06-25 -Validating user ID 8 via User microservice
2025-06-25 -User validation failed for ID 8: [401] during [GET] to [http://user3/api/users/8/id] [UserFC#getUserId(int)]: []
2025-06-25 -Validating user ID 8 via User microservice
2025-06-25 -User validation failed for ID 8: [401] during [GET] to [http://user3/api/users/8/id] [UserFC#getUserId(int)]: []
2025-06-25 -Resolving eureka endpoints via configuration
2025-06-25 -Application shutdown requested.
2025-06-25 -Unregistering application CARTMODULE with eureka with status DOWN
2025-06-25 -Saw local status change event StatusChangeEvent [timestamp=1750857500712, current=DOWN, previous=UP]
2025-06-25 -DiscoveryClient_CARTMODULE/LTIN555640.cts.com:CartModule:9926: registering service...
2025-06-25 -Commencing graceful shutdown. Waiting for active requests to complete
2025-06-25 -Graceful shutdown complete
2025-06-25 -DiscoveryClient_CARTMODULE/LTIN555640.cts.com:CartModule:9926 - registration status: 204
2025-06-25 -Closing JPA EntityManagerFactory for persistence unit 'default'
2025-06-25 -HikariPool-1 - Shutdown initiated...
2025-06-25 -HikariPool-1 - Shutdown completed.
2025-06-25 -Shutting down DiscoveryClient ...
2025-06-25 -Unregistering ...
2025-06-25 -DiscoveryClient_CARTMODULE/LTIN555640.cts.com:CartModule:9926 - deregister  status: 200
2025-06-25 -Completed shut down of DiscoveryClient
2025-06-25 -Starting CartModuleApplication using Java 21.0.6 with PID 14640 (C:\Users\2406757\OneDrive - Cognizant\Desktop\Ecommerce\CartModule\target\classes started by 2406757 in C:\Users\2406757\OneDrive - Cognizant\Desktop\Ecommerce\CartModule)
2025-06-25 -No active profile set, falling back to 1 default profile: "default"
2025-06-25 -Bootstrapping Spring Data JPA repositories in DEFAULT mode.
2025-06-25 -Finished Spring Data repository scanning in 251 ms. Found 2 JPA repository interfaces.
2025-06-25 -BeanFactory id=339da836-c8db-38cf-9f17-4bf9e4386e98
2025-06-25 -Tomcat initialized with port 9926 (http)
2025-06-25 -Starting service [Tomcat]
2025-06-25 -Starting Servlet engine: [Apache Tomcat/10.1.41]
2025-06-25 -Initializing Spring embedded WebApplicationContext
2025-06-25 -Root WebApplicationContext: initialization completed in 3893 ms
2025-06-25 -HHH000204: Processing PersistenceUnitInfo [name: default]
2025-06-25 -HHH000412: Hibernate ORM core version 6.6.15.Final
2025-06-25 -HHH000026: Second-level cache disabled
2025-06-25 -No LoadTimeWeaver setup: ignoring JPA class transformer
2025-06-25 -HikariPool-1 - Starting...
2025-06-25 -HikariPool-1 - Added connection com.mysql.cj.jdbc.ConnectionImpl@f9cd1e6
2025-06-25 -HikariPool-1 - Start completed.
2025-06-25 -HHH10001005: Database info:
	Database JDBC URL [Connecting through datasource 'HikariDataSource (HikariPool-1)']
	Database driver: undefined/unknown
	Database version: 8.0.41
	Autocommit mode: undefined/unknown
	Isolation level: undefined/unknown
	Minimum pool size: undefined/unknown
	Maximum pool size: undefined/unknown
2025-06-25 -HHH000489: No JTA platform available (set 'hibernate.transaction.jta.platform' to enable JTA platform integration)
2025-06-25 -Initialized JPA EntityManagerFactory for persistence unit 'default'
2025-06-25 -spring.jpa.open-in-view is enabled by default. Therefore, database queries may be performed during view rendering. Explicitly configure spring.jpa.open-in-view to disable this warning
2025-06-25 -For 'user3' URL not provided. Will try picking an instance via load-balancing.
2025-06-25 -For 'Project' URL not provided. Will try picking an instance via load-balancing.
2025-06-25 -Eureka HTTP Client uses RestTemplate.
2025-06-25 -Spring Cloud LoadBalancer is currently working with the default cache. While this cache implementation is useful for development and tests, it's recommended to use Caffeine cache in production.You can switch to using Caffeine cache, by adding it and org.springframework.cache.caffeine.CaffeineCacheManager to the classpath.
2025-06-25 -Setting initial instance status as: STARTING
2025-06-25 -Initializing Eureka in region us-east-1
2025-06-25 -Resolving eureka endpoints via configuration
2025-06-25 -Disable delta property : false
2025-06-25 -Single vip registry refresh property : null
2025-06-25 -Force full registry fetch : false
2025-06-25 -Application is null : false
2025-06-25 -Registered Applications size is zero : true
2025-06-25 -Application version is -1: true
2025-06-25 -Getting all instance registry info from the eureka server
2025-06-25 -The response status is 200
2025-06-25 -Starting heartbeat executor: renew interval is: 30
2025-06-25 -InstanceInfoReplicator onDemand update allowed rate per min is 4
2025-06-25 -Discovery Client initialized at timestamp 1750857530404 with initial instances count: 4
2025-06-25 -Registering application CARTMODULE with eureka with status UP
2025-06-25 -Saw local status change event StatusChangeEvent [timestamp=1750857530411, current=UP, previous=STARTING]
2025-06-25 -DiscoveryClient_CARTMODULE/LTIN555640.cts.com:CartModule:9926: registering service...
2025-06-25 -Tomcat started on port 9926 (http) with context path '/'
2025-06-25 -Updating port to 9926
2025-06-25 -Started CartModuleApplication in 13.058 seconds (process running for 15.538)
2025-06-25 -DiscoveryClient_CARTMODULE/LTIN555640.cts.com:CartModule:9926 - registration status: 204
2025-06-25 -Initializing Spring DispatcherServlet 'dispatcherServlet'
2025-06-25 -Initializing Servlet 'dispatcherServlet'
2025-06-25 -Completed initialization in 2 ms
2025-06-25 -Validating user ID 8 via User microservice
2025-06-25 -User validation failed for ID 8: [500] during [GET] to [http://user3/api/users/8/id] [UserFC#getUserId(int)]: [An internal server error occurred.]
2025-06-25 -Resolving eureka endpoints via configuration
2025-06-25 -Application shutdown requested.
2025-06-25 -Unregistering application CARTMODULE with eureka with status DOWN
2025-06-25 -Saw local status change event StatusChangeEvent [timestamp=1750857845337, current=DOWN, previous=UP]
2025-06-25 -DiscoveryClient_CARTMODULE/LTIN555640.cts.com:CartModule:9926: registering service...
2025-06-25 -Commencing graceful shutdown. Waiting for active requests to complete
2025-06-25 -DiscoveryClient_CARTMODULE/LTIN555640.cts.com:CartModule:9926 - registration status: 204
2025-06-25 -Graceful shutdown complete
2025-06-25 -Closing JPA EntityManagerFactory for persistence unit 'default'
2025-06-25 -HikariPool-1 - Shutdown initiated...
2025-06-25 -HikariPool-1 - Shutdown completed.
2025-06-25 -Shutting down DiscoveryClient ...
2025-06-25 -Unregistering ...
2025-06-25 -DiscoveryClient_CARTMODULE/LTIN555640.cts.com:CartModule:9926 - deregister  status: 200
2025-06-25 -Completed shut down of DiscoveryClient
2025-06-25 -Starting CartModuleApplication using Java 21.0.6 with PID 18628 (C:\Users\2406757\OneDrive - Cognizant\Desktop\Ecommerce\CartModule\target\classes started by 2406757 in C:\Users\2406757\OneDrive - Cognizant\Desktop\Ecommerce\CartModule)
2025-06-25 -No active profile set, falling back to 1 default profile: "default"
2025-06-25 -Bootstrapping Spring Data JPA repositories in DEFAULT mode.
2025-06-25 -Finished Spring Data repository scanning in 336 ms. Found 2 JPA repository interfaces.
2025-06-25 -BeanFactory id=339da836-c8db-38cf-9f17-4bf9e4386e98
2025-06-25 -Tomcat initialized with port 9926 (http)
2025-06-25 -Starting service [Tomcat]
2025-06-25 -Starting Servlet engine: [Apache Tomcat/10.1.41]
2025-06-25 -Initializing Spring embedded WebApplicationContext
2025-06-25 -Root WebApplicationContext: initialization completed in 3444 ms
2025-06-25 -HHH000204: Processing PersistenceUnitInfo [name: default]
2025-06-25 -HHH000412: Hibernate ORM core version 6.6.15.Final
2025-06-25 -HHH000026: Second-level cache disabled
2025-06-25 -No LoadTimeWeaver setup: ignoring JPA class transformer
2025-06-25 -HikariPool-1 - Starting...
2025-06-25 -HikariPool-1 - Added connection com.mysql.cj.jdbc.ConnectionImpl@4c7f2fdb
2025-06-25 -HikariPool-1 - Start completed.
2025-06-25 -HHH10001005: Database info:
	Database JDBC URL [Connecting through datasource 'HikariDataSource (HikariPool-1)']
	Database driver: undefined/unknown
	Database version: 8.0.41
	Autocommit mode: undefined/unknown
	Isolation level: undefined/unknown
	Minimum pool size: undefined/unknown
	Maximum pool size: undefined/unknown
2025-06-25 -HHH000489: No JTA platform available (set 'hibernate.transaction.jta.platform' to enable JTA platform integration)
2025-06-25 -Initialized JPA EntityManagerFactory for persistence unit 'default'
2025-06-25 -spring.jpa.open-in-view is enabled by default. Therefore, database queries may be performed during view rendering. Explicitly configure spring.jpa.open-in-view to disable this warning
2025-06-25 -For 'user3' URL not provided. Will try picking an instance via load-balancing.
2025-06-25 -For 'Project' URL not provided. Will try picking an instance via load-balancing.
2025-06-25 -Eureka HTTP Client uses RestTemplate.
2025-06-25 -Spring Cloud LoadBalancer is currently working with the default cache. While this cache implementation is useful for development and tests, it's recommended to use Caffeine cache in production.You can switch to using Caffeine cache, by adding it and org.springframework.cache.caffeine.CaffeineCacheManager to the classpath.
2025-06-25 -Setting initial instance status as: STARTING
2025-06-25 -Initializing Eureka in region us-east-1
2025-06-25 -Resolving eureka endpoints via configuration
2025-06-25 -Disable delta property : false
2025-06-25 -Single vip registry refresh property : null
2025-06-25 -Force full registry fetch : false
2025-06-25 -Application is null : false
2025-06-25 -Registered Applications size is zero : true
2025-06-25 -Application version is -1: true
2025-06-25 -Getting all instance registry info from the eureka server
2025-06-25 -The response status is 200
2025-06-25 -Starting heartbeat executor: renew interval is: 30
2025-06-25 -InstanceInfoReplicator onDemand update allowed rate per min is 4
2025-06-25 -Discovery Client initialized at timestamp 1750857868997 with initial instances count: 5
2025-06-25 -Registering application CARTMODULE with eureka with status UP
2025-06-25 -Saw local status change event StatusChangeEvent [timestamp=1750857869011, current=UP, previous=STARTING]
2025-06-25 -DiscoveryClient_CARTMODULE/LTIN555640.cts.com:CartModule:9926: registering service...
2025-06-25 -Tomcat started on port 9926 (http) with context path '/'
2025-06-25 -Updating port to 9926
2025-06-25 -Started CartModuleApplication in 12.026 seconds (process running for 13.42)
2025-06-25 -DiscoveryClient_CARTMODULE/LTIN555640.cts.com:CartModule:9926 - registration status: 204
2025-06-25 -Initializing Spring DispatcherServlet 'dispatcherServlet'
2025-06-25 -Initializing Servlet 'dispatcherServlet'
2025-06-25 -Completed initialization in 2 ms
2025-06-25 -Validating user ID 8 via User microservice
2025-06-25 -User validation failed for ID 8: [500] during [GET] to [http://user3/api/users/8/id] [UserFC#getUserId(int)]: [An internal server error occurred.]
2025-06-25 -Validating user ID 8 via User microservice
2025-06-25 -User validation failed for ID 8: [500] during [GET] to [http://user3/api/users/8/id] [UserFC#getUserId(int)]: [An internal server error occurred.]
2025-06-25 -Resolving eureka endpoints via configuration
2025-06-25 -Resolving eureka endpoints via configuration
2025-06-25 -Application shutdown requested.
2025-06-25 -Unregistering application CARTMODULE with eureka with status DOWN
2025-06-25 -Saw local status change event StatusChangeEvent [timestamp=1750858503314, current=DOWN, previous=UP]
2025-06-25 -DiscoveryClient_CARTMODULE/LTIN555640.cts.com:CartModule:9926: registering service...
2025-06-25 -Commencing graceful shutdown. Waiting for active requests to complete
2025-06-25 -DiscoveryClient_CARTMODULE/LTIN555640.cts.com:CartModule:9926 - registration status: 204
2025-06-25 -Graceful shutdown complete
2025-06-25 -Closing JPA EntityManagerFactory for persistence unit 'default'
2025-06-25 -HikariPool-1 - Shutdown initiated...
2025-06-25 -HikariPool-1 - Shutdown completed.
2025-06-25 -Shutting down DiscoveryClient ...
2025-06-25 -Unregistering ...
2025-06-25 -DiscoveryClient_CARTMODULE/LTIN555640.cts.com:CartModule:9926 - deregister  status: 200
2025-06-25 -Completed shut down of DiscoveryClient
2025-06-25 -Starting CartModuleApplication using Java 21.0.6 with PID 21564 (C:\Users\2406757\OneDrive - Cognizant\Desktop\Ecommerce\CartModule\target\classes started by 2406757 in C:\Users\2406757\OneDrive - Cognizant\Desktop\Ecommerce\CartModule)
2025-06-25 -No active profile set, falling back to 1 default profile: "default"
2025-06-25 -Bootstrapping Spring Data JPA repositories in DEFAULT mode.
2025-06-25 -Finished Spring Data repository scanning in 256 ms. Found 2 JPA repository interfaces.
2025-06-25 -BeanFactory id=339da836-c8db-38cf-9f17-4bf9e4386e98
2025-06-25 -Tomcat initialized with port 9926 (http)
2025-06-25 -Starting service [Tomcat]
2025-06-25 -Starting Servlet engine: [Apache Tomcat/10.1.41]
2025-06-25 -Initializing Spring embedded WebApplicationContext
2025-06-25 -Root WebApplicationContext: initialization completed in 3371 ms
2025-06-25 -HHH000204: Processing PersistenceUnitInfo [name: default]
2025-06-25 -HHH000412: Hibernate ORM core version 6.6.15.Final
2025-06-25 -HHH000026: Second-level cache disabled
2025-06-25 -No LoadTimeWeaver setup: ignoring JPA class transformer
2025-06-25 -HikariPool-1 - Starting...
2025-06-25 -HikariPool-1 - Added connection com.mysql.cj.jdbc.ConnectionImpl@7f8f5d37
2025-06-25 -HikariPool-1 - Start completed.
2025-06-25 -HHH10001005: Database info:
	Database JDBC URL [Connecting through datasource 'HikariDataSource (HikariPool-1)']
	Database driver: undefined/unknown
	Database version: 8.0.41
	Autocommit mode: undefined/unknown
	Isolation level: undefined/unknown
	Minimum pool size: undefined/unknown
	Maximum pool size: undefined/unknown
2025-06-25 -HHH000489: No JTA platform available (set 'hibernate.transaction.jta.platform' to enable JTA platform integration)
2025-06-25 -Initialized JPA EntityManagerFactory for persistence unit 'default'
2025-06-25 -spring.jpa.open-in-view is enabled by default. Therefore, database queries may be performed during view rendering. Explicitly configure spring.jpa.open-in-view to disable this warning
2025-06-25 -For 'user3' URL not provided. Will try picking an instance via load-balancing.
2025-06-25 -For 'Project' URL not provided. Will try picking an instance via load-balancing.
2025-06-25 -Eureka HTTP Client uses RestTemplate.
2025-06-25 -Spring Cloud LoadBalancer is currently working with the default cache. While this cache implementation is useful for development and tests, it's recommended to use Caffeine cache in production.You can switch to using Caffeine cache, by adding it and org.springframework.cache.caffeine.CaffeineCacheManager to the classpath.
2025-06-25 -Setting initial instance status as: STARTING
2025-06-25 -Initializing Eureka in region us-east-1
2025-06-25 -Resolving eureka endpoints via configuration
2025-06-25 -Disable delta property : false
2025-06-25 -Single vip registry refresh property : null
2025-06-25 -Force full registry fetch : false
2025-06-25 -Application is null : false
2025-06-25 -Registered Applications size is zero : true
2025-06-25 -Application version is -1: true
2025-06-25 -Getting all instance registry info from the eureka server
2025-06-25 -The response status is 200
2025-06-25 -Starting heartbeat executor: renew interval is: 30
2025-06-25 -InstanceInfoReplicator onDemand update allowed rate per min is 4
2025-06-25 -Discovery Client initialized at timestamp 1750858527026 with initial instances count: 5
2025-06-25 -Registering application CARTMODULE with eureka with status UP
2025-06-25 -Saw local status change event StatusChangeEvent [timestamp=1750858527034, current=UP, previous=STARTING]
2025-06-25 -DiscoveryClient_CARTMODULE/LTIN555640.cts.com:CartModule:9926: registering service...
2025-06-25 -Tomcat started on port 9926 (http) with context path '/'
2025-06-25 -Updating port to 9926
2025-06-25 -Started CartModuleApplication in 12.199 seconds (process running for 14.164)
2025-06-25 -DiscoveryClient_CARTMODULE/LTIN555640.cts.com:CartModule:9926 - registration status: 204
2025-06-25 -Initializing Spring DispatcherServlet 'dispatcherServlet'
2025-06-25 -Initializing Servlet 'dispatcherServlet'
2025-06-25 -Completed initialization in 2 ms
2025-06-25 -Validating user ID 8 via User microservice
2025-06-25 -Checking product ID 4 via Product microservice
2025-06-25 -Application shutdown requested.
2025-06-25 -Unregistering application CARTMODULE with eureka with status DOWN
2025-06-25 -Saw local status change event StatusChangeEvent [timestamp=1750858789201, current=DOWN, previous=UP]
2025-06-25 -DiscoveryClient_CARTMODULE/LTIN555640.cts.com:CartModule:9926: registering service...
2025-06-25 -Commencing graceful shutdown. Waiting for active requests to complete
2025-06-25 -Graceful shutdown complete
2025-06-25 -DiscoveryClient_CARTMODULE/LTIN555640.cts.com:CartModule:9926 - registration status: 204
2025-06-25 -Closing JPA EntityManagerFactory for persistence unit 'default'
2025-06-25 -HikariPool-1 - Shutdown initiated...
2025-06-25 -HikariPool-1 - Shutdown completed.
2025-06-25 -Shutting down DiscoveryClient ...
2025-06-25 -Unregistering ...
2025-06-25 -DiscoveryClient_CARTMODULE/LTIN555640.cts.com:CartModule:9926 - deregister  status: 200
2025-06-25 -Completed shut down of DiscoveryClient
2025-06-25 -Starting CartModuleApplication using Java 21.0.6 with PID 8824 (C:\Users\2406757\OneDrive - Cognizant\Desktop\Ecommerce\CartModule\target\classes started by 2406757 in C:\Users\2406757\OneDrive - Cognizant\Desktop\Ecommerce\CartModule)
2025-06-25 -No active profile set, falling back to 1 default profile: "default"
2025-06-25 -Bootstrapping Spring Data JPA repositories in DEFAULT mode.
2025-06-25 -Finished Spring Data repository scanning in 144 ms. Found 2 JPA repository interfaces.
2025-06-25 -BeanFactory id=339da836-c8db-38cf-9f17-4bf9e4386e98
2025-06-25 -Tomcat initialized with port 9926 (http)
2025-06-25 -Starting service [Tomcat]
2025-06-25 -Starting Servlet engine: [Apache Tomcat/10.1.41]
2025-06-25 -Initializing Spring embedded WebApplicationContext
2025-06-25 -Root WebApplicationContext: initialization completed in 1892 ms
2025-06-25 -HHH000204: Processing PersistenceUnitInfo [name: default]
2025-06-25 -HHH000412: Hibernate ORM core version 6.6.15.Final
2025-06-25 -HHH000026: Second-level cache disabled
2025-06-25 -No LoadTimeWeaver setup: ignoring JPA class transformer
2025-06-25 -HikariPool-1 - Starting...
2025-06-25 -HikariPool-1 - Added connection com.mysql.cj.jdbc.ConnectionImpl@4e933cf1
2025-06-25 -HikariPool-1 - Start completed.
2025-06-25 -HHH10001005: Database info:
	Database JDBC URL [Connecting through datasource 'HikariDataSource (HikariPool-1)']
	Database driver: undefined/unknown
	Database version: 8.0.41
	Autocommit mode: undefined/unknown
	Isolation level: undefined/unknown
	Minimum pool size: undefined/unknown
	Maximum pool size: undefined/unknown
2025-06-25 -HHH000489: No JTA platform available (set 'hibernate.transaction.jta.platform' to enable JTA platform integration)
2025-06-25 -Initialized JPA EntityManagerFactory for persistence unit 'default'
2025-06-25 -spring.jpa.open-in-view is enabled by default. Therefore, database queries may be performed during view rendering. Explicitly configure spring.jpa.open-in-view to disable this warning
2025-06-25 -For 'user3' URL not provided. Will try picking an instance via load-balancing.
2025-06-25 -For 'Project' URL not provided. Will try picking an instance via load-balancing.
2025-06-25 -Eureka HTTP Client uses RestTemplate.
2025-06-25 -Spring Cloud LoadBalancer is currently working with the default cache. While this cache implementation is useful for development and tests, it's recommended to use Caffeine cache in production.You can switch to using Caffeine cache, by adding it and org.springframework.cache.caffeine.CaffeineCacheManager to the classpath.
2025-06-25 -Setting initial instance status as: STARTING
2025-06-25 -Initializing Eureka in region us-east-1
2025-06-25 -Resolving eureka endpoints via configuration
2025-06-25 -Disable delta property : false
2025-06-25 -Single vip registry refresh property : null
2025-06-25 -Force full registry fetch : false
2025-06-25 -Application is null : false
2025-06-25 -Registered Applications size is zero : true
2025-06-25 -Application version is -1: true
2025-06-25 -Getting all instance registry info from the eureka server
2025-06-25 -The response status is 200
2025-06-25 -Starting heartbeat executor: renew interval is: 30
2025-06-25 -InstanceInfoReplicator onDemand update allowed rate per min is 4
2025-06-25 -Discovery Client initialized at timestamp 1750858807365 with initial instances count: 4
2025-06-25 -Registering application CARTMODULE with eureka with status UP
2025-06-25 -Saw local status change event StatusChangeEvent [timestamp=1750858807379, current=UP, previous=STARTING]
2025-06-25 -DiscoveryClient_CARTMODULE/LTIN555640.cts.com:CartModule:9926: registering service...
2025-06-25 -Tomcat started on port 9926 (http) with context path '/'
2025-06-25 -Updating port to 9926
2025-06-25 -Started CartModuleApplication in 8.377 seconds (process running for 9.193)
2025-06-25 -DiscoveryClient_CARTMODULE/LTIN555640.cts.com:CartModule:9926 - registration status: 204
2025-06-25 -Initializing Spring DispatcherServlet 'dispatcherServlet'
2025-06-25 -Initializing Servlet 'dispatcherServlet'
2025-06-25 -Completed initialization in 3 ms
2025-06-25 -Validating user ID 8 via User microservice
2025-06-25 -Checking product ID 4 via Product microservice
2025-06-25 -Validating user ID 8 via User microservice
2025-06-25 -Checking product ID 4 via Product microservice
2025-06-25 -Validating user ID 8 via User microservice
2025-06-25 -Checking product ID 4 via Product microservice
2025-06-25 -Validating user ID 8 via User microservice
2025-06-25 -Checking product ID 4 via Product microservice
2025-06-25 -Validating user ID 8 via User microservice
2025-06-25 -Checking product ID 4 via Product microservice
2025-06-25 -Resolving eureka endpoints via configuration
2025-06-25 -Validating user ID 8 via User microservice
2025-06-25 -Checking product ID 4 via Product microservice
2025-06-25 -Checking stock for product ID 4
2025-06-25 -Resolving eureka endpoints via configuration
2025-06-25 -Init duration for springdoc-openapi is: 650 ms
2025-06-25 -Resolving eureka endpoints via configuration
2025-06-25 -Validating user ID 8 via User microservice
2025-06-25 -Request received: Increase quantity of product 3 by 2 for user 8
2025-06-25 -Validating user ID 8 via User microservice
2025-06-25 -Request received: Increase quantity of product 4 by 2 for user 8
2025-06-25 -Updated quantity for product 4 in cart. New quantity: 4
2025-06-25 -Validating user ID 8 via User microservice
2025-06-25 -Request received: Decrease quantity of product 101 by 1 for user 8
2025-06-25 -Validating user ID 8 via User microservice
2025-06-25 -Request received: Decrease quantity of product 4 by 1 for user 8
2025-06-25 -Updated quantity for product 4 in cart. New quantity: 3
2025-06-25 -Validating user ID 8 via User microservice
2025-06-25 -Request received: Decrease quantity of product 4 by 1 for user 8
2025-06-25 -Updated quantity for product 4 in cart. New quantity: 2
2025-06-25 -Validating user ID 8 via User microservice
2025-06-25 -Resolving eureka endpoints via configuration
2025-06-25 -Validating user ID 8 via User microservice
2025-06-25 -Checking product ID 4 via Product microservice
2025-06-25 -Checking stock for product ID 4
2025-06-25 -Validating user ID 8 via User microservice
2025-06-25 -Checking product ID 3 via Product microservice
2025-06-25 -Checking stock for product ID 3
2025-06-25 -Fetching cart items for user 8
2025-06-25 -Resolving eureka endpoints via configuration
2025-06-25 -Application shutdown requested.
2025-06-25 -Unregistering application CARTMODULE with eureka with status DOWN
2025-06-25 -Saw local status change event StatusChangeEvent [timestamp=1750860604394, current=DOWN, previous=UP]
2025-06-25 -DiscoveryClient_CARTMODULE/LTIN555640.cts.com:CartModule:9926: registering service...
2025-06-25 -Commencing graceful shutdown. Waiting for active requests to complete
2025-06-25 -Graceful shutdown complete
2025-06-25 -DiscoveryClient_CARTMODULE/LTIN555640.cts.com:CartModule:9926 - registration status: 204
2025-06-25 -Closing JPA EntityManagerFactory for persistence unit 'default'
2025-06-25 -HikariPool-1 - Shutdown initiated...
2025-06-25 -HikariPool-1 - Shutdown completed.
2025-06-25 -Shutting down DiscoveryClient ...
2025-06-25 -Resolving eureka endpoints via configuration
2025-06-25 -Unregistering ...
2025-06-25 -DiscoveryClient_CARTMODULE/LTIN555640.cts.com:CartModule:9926 - deregister  status: 200
2025-06-25 -Completed shut down of DiscoveryClient
2025-06-25 -Starting CartModuleApplication using Java 21.0.6 with PID 11604 (C:\Users\2406757\OneDrive - Cognizant\Desktop\Ecommerce\CartModule\target\classes started by 2406757 in C:\Users\2406757\OneDrive - Cognizant\Desktop\Ecommerce\CartModule)
2025-06-25 -No active profile set, falling back to 1 default profile: "default"
2025-06-25 -Bootstrapping Spring Data JPA repositories in DEFAULT mode.
2025-06-25 -Finished Spring Data repository scanning in 185 ms. Found 2 JPA repository interfaces.
2025-06-25 -BeanFactory id=339da836-c8db-38cf-9f17-4bf9e4386e98
2025-06-25 -Tomcat initialized with port 9926 (http)
2025-06-25 -Starting service [Tomcat]
2025-06-25 -Starting Servlet engine: [Apache Tomcat/10.1.41]
2025-06-25 -Initializing Spring embedded WebApplicationContext
2025-06-25 -Root WebApplicationContext: initialization completed in 3902 ms
2025-06-25 -HHH000204: Processing PersistenceUnitInfo [name: default]
2025-06-25 -HHH000412: Hibernate ORM core version 6.6.15.Final
2025-06-25 -HHH000026: Second-level cache disabled
2025-06-25 -No LoadTimeWeaver setup: ignoring JPA class transformer
2025-06-25 -HikariPool-1 - Starting...
2025-06-25 -HikariPool-1 - Added connection com.mysql.cj.jdbc.ConnectionImpl@47f39279
2025-06-25 -HikariPool-1 - Start completed.
2025-06-25 -HHH10001005: Database info:
	Database JDBC URL [Connecting through datasource 'HikariDataSource (HikariPool-1)']
	Database driver: undefined/unknown
	Database version: 8.0.41
	Autocommit mode: undefined/unknown
	Isolation level: undefined/unknown
	Minimum pool size: undefined/unknown
	Maximum pool size: undefined/unknown
2025-06-25 -HHH000489: No JTA platform available (set 'hibernate.transaction.jta.platform' to enable JTA platform integration)
2025-06-25 -Initialized JPA EntityManagerFactory for persistence unit 'default'
2025-06-25 -spring.jpa.open-in-view is enabled by default. Therefore, database queries may be performed during view rendering. Explicitly configure spring.jpa.open-in-view to disable this warning
2025-06-25 -For 'user3' URL not provided. Will try picking an instance via load-balancing.
2025-06-25 -For 'Project' URL not provided. Will try picking an instance via load-balancing.
2025-06-25 -Eureka HTTP Client uses RestTemplate.
2025-06-25 -Spring Cloud LoadBalancer is currently working with the default cache. While this cache implementation is useful for development and tests, it's recommended to use Caffeine cache in production.You can switch to using Caffeine cache, by adding it and org.springframework.cache.caffeine.CaffeineCacheManager to the classpath.
2025-06-25 -Setting initial instance status as: STARTING
2025-06-25 -Initializing Eureka in region us-east-1
2025-06-25 -Resolving eureka endpoints via configuration
2025-06-25 -Disable delta property : false
2025-06-25 -Single vip registry refresh property : null
2025-06-25 -Force full registry fetch : false
2025-06-25 -Application is null : false
2025-06-25 -Registered Applications size is zero : true
2025-06-25 -Application version is -1: true
2025-06-25 -Getting all instance registry info from the eureka server
2025-06-25 -The response status is 200
2025-06-25 -Starting heartbeat executor: renew interval is: 30
2025-06-25 -InstanceInfoReplicator onDemand update allowed rate per min is 4
2025-06-25 -Discovery Client initialized at timestamp 1750860629254 with initial instances count: 5
2025-06-25 -Registering application CARTMODULE with eureka with status UP
2025-06-25 -Saw local status change event StatusChangeEvent [timestamp=1750860629266, current=UP, previous=STARTING]
2025-06-25 -DiscoveryClient_CARTMODULE/LTIN555640.cts.com:CartModule:9926: registering service...
2025-06-25 -Tomcat started on port 9926 (http) with context path '/'
2025-06-25 -Updating port to 9926
2025-06-25 -Started CartModuleApplication in 12.939 seconds (process running for 14.802)
2025-06-25 -DiscoveryClient_CARTMODULE/LTIN555640.cts.com:CartModule:9926 - registration status: 204
2025-06-25 -Initializing Spring DispatcherServlet 'dispatcherServlet'
2025-06-25 -Initializing Servlet 'dispatcherServlet'
2025-06-25 -Completed initialization in 2 ms
2025-06-25 -Request received: Clearing cart for user 8
2025-06-25 -Clearing 2 items from cart for user 8
2025-06-25 -Application shutdown requested.
2025-06-25 -Unregistering application CARTMODULE with eureka with status DOWN
2025-06-25 -Saw local status change event StatusChangeEvent [timestamp=1750860839020, current=DOWN, previous=UP]
2025-06-25 -DiscoveryClient_CARTMODULE/LTIN555640.cts.com:CartModule:9926: registering service...
2025-06-25 -Commencing graceful shutdown. Waiting for active requests to complete
2025-06-25 -Graceful shutdown complete
2025-06-25 -Request execution error. endpoint=DefaultEndpoint{ serviceUrl='http://localhost:8761/eureka/} exception=I/O error on POST request for "http://localhost:8761/eureka/apps/CARTMODULE": Connect to http://localhost:8761 [localhost/127.0.0.1, localhost/0:0:0:0:0:0:0:1] failed: Connection refused: getsockopt stacktrace=org.springframework.web.client.ResourceAccessException: I/O error on POST request for "http://localhost:8761/eureka/apps/CARTMODULE": Connect to http://localhost:8761 [localhost/127.0.0.1, localhost/0:0:0:0:0:0:0:1] failed: Connection refused: getsockopt
	at org.springframework.web.client.RestTemplate.createResourceAccessException(RestTemplate.java:926)
	at org.springframework.web.client.RestTemplate.doExecute(RestTemplate.java:906)
	at org.springframework.web.client.RestTemplate.execute(RestTemplate.java:841)
	at org.springframework.web.client.RestTemplate.exchange(RestTemplate.java:702)
	at org.springframework.cloud.netflix.eureka.http.RestTemplateEurekaHttpClient.register(RestTemplateEurekaHttpClient.java:87)
	at com.netflix.discovery.shared.transport.decorator.EurekaHttpClientDecorator$1.execute(EurekaHttpClientDecorator.java:59)
	at com.netflix.discovery.shared.transport.decorator.RedirectingEurekaHttpClient.execute(RedirectingEurekaHttpClient.java:91)
	at com.netflix.discovery.shared.transport.decorator.EurekaHttpClientDecorator.register(EurekaHttpClientDecorator.java:56)
	at com.netflix.discovery.shared.transport.decorator.EurekaHttpClientDecorator$1.execute(EurekaHttpClientDecorator.java:59)
	at com.netflix.discovery.shared.transport.decorator.RetryableEurekaHttpClient.execute(RetryableEurekaHttpClient.java:120)
	at com.netflix.discovery.shared.transport.decorator.EurekaHttpClientDecorator.register(EurekaHttpClientDecorator.java:56)
	at com.netflix.discovery.shared.transport.decorator.EurekaHttpClientDecorator$1.execute(EurekaHttpClientDecorator.java:59)
	at com.netflix.discovery.shared.transport.decorator.SessionedEurekaHttpClient.execute(SessionedEurekaHttpClient.java:76)
	at com.netflix.discovery.shared.transport.decorator.EurekaHttpClientDecorator.register(EurekaHttpClientDecorator.java:56)
	at com.netflix.discovery.DiscoveryClient.register(DiscoveryClient.java:828)
	at com.netflix.discovery.InstanceInfoReplicator.run(InstanceInfoReplicator.java:125)
	at com.netflix.discovery.InstanceInfoReplicator$2.run(InstanceInfoReplicator.java:105)
	at java.base/java.util.concurrent.Executors$RunnableAdapter.call(Executors.java:572)
	at java.base/java.util.concurrent.FutureTask.run(FutureTask.java:317)
	at java.base/java.util.concurrent.ScheduledThreadPoolExecutor$ScheduledFutureTask.run(ScheduledThreadPoolExecutor.java:304)
	at java.base/java.util.concurrent.ThreadPoolExecutor.runWorker(ThreadPoolExecutor.java:1144)
	at java.base/java.util.concurrent.ThreadPoolExecutor$Worker.run(ThreadPoolExecutor.java:642)
	at java.base/java.lang.Thread.run(Thread.java:1583)
Caused by: org.apache.hc.client5.http.HttpHostConnectException: Connect to http://localhost:8761 [localhost/127.0.0.1, localhost/0:0:0:0:0:0:0:1] failed: Connection refused: getsockopt
	at java.base/sun.nio.ch.Net.pollConnect(Native Method)
	at java.base/sun.nio.ch.Net.pollConnectNow(Net.java:682)
	at java.base/sun.nio.ch.NioSocketImpl.timedFinishConnect(NioSocketImpl.java:542)
	at java.base/sun.nio.ch.NioSocketImpl.connect(NioSocketImpl.java:592)
	at java.base/java.net.SocksSocketImpl.connect(SocksSocketImpl.java:327)
	at java.base/java.net.Socket.connect(Socket.java:751)
	at org.apache.hc.client5.http.impl.io.DefaultHttpClientConnectionOperator.connect(DefaultHttpClientConnectionOperator.java:216)
	at org.apache.hc.client5.http.impl.io.PoolingHttpClientConnectionManager.connect(PoolingHttpClientConnectionManager.java:490)
	at org.apache.hc.client5.http.impl.classic.InternalExecRuntime.connectEndpoint(InternalExecRuntime.java:164)
	at org.apache.hc.client5.http.impl.classic.InternalExecRuntime.connectEndpoint(InternalExecRuntime.java:174)
	at org.apache.hc.client5.http.impl.classic.ConnectExec.execute(ConnectExec.java:144)
	at org.apache.hc.client5.http.impl.classic.ExecChainElement.execute(ExecChainElement.java:51)
	at org.apache.hc.client5.http.impl.classic.ProtocolExec.execute(ProtocolExec.java:192)
	at org.apache.hc.client5.http.impl.classic.ExecChainElement.execute(ExecChainElement.java:51)
	at org.apache.hc.client5.http.impl.classic.ContentCompressionExec.execute(ContentCompressionExec.java:150)
	at org.apache.hc.client5.http.impl.classic.ExecChainElement.execute(ExecChainElement.java:51)
	at org.apache.hc.client5.http.impl.classic.HttpRequestRetryExec.execute(HttpRequestRetryExec.java:113)
	at org.apache.hc.client5.http.impl.classic.ExecChainElement.execute(ExecChainElement.java:51)
	at org.apache.hc.client5.http.impl.classic.RedirectExec.execute(RedirectExec.java:110)
	at org.apache.hc.client5.http.impl.classic.ExecChainElement.execute(ExecChainElement.java:51)
	at org.apache.hc.client5.http.impl.classic.InternalHttpClient.doExecute(InternalHttpClient.java:183)
	at org.apache.hc.client5.http.impl.classic.CloseableHttpClient.execute(CloseableHttpClient.java:87)
	at org.apache.hc.client5.http.impl.classic.CloseableHttpClient.execute(CloseableHttpClient.java:55)
	at org.apache.hc.client5.http.classic.HttpClient.executeOpen(HttpClient.java:183)
	at org.springframework.http.client.HttpComponentsClientHttpRequest.executeInternal(HttpComponentsClientHttpRequest.java:99)
	at org.springframework.http.client.AbstractStreamingClientHttpRequest.executeInternal(AbstractStreamingClientHttpRequest.java:71)
	at org.springframework.http.client.AbstractClientHttpRequest.execute(AbstractClientHttpRequest.java:81)
	at org.springframework.http.client.InterceptingClientHttpRequest$InterceptingRequestExecution.execute(InterceptingClientHttpRequest.java:117)
	at org.springframework.cloud.netflix.eureka.http.RestTemplateTransportClientFactory.lambda$restTemplate$2(RestTemplateTransportClientFactory.java:145)
	at org.springframework.http.client.InterceptingClientHttpRequest$InterceptingRequestExecution.execute(InterceptingClientHttpRequest.java:88)
	at org.springframework.http.client.InterceptingClientHttpRequest.executeInternal(InterceptingClientHttpRequest.java:72)
	at org.springframework.http.client.AbstractBufferingClientHttpRequest.executeInternal(AbstractBufferingClientHttpRequest.java:48)
	at org.springframework.http.client.AbstractClientHttpRequest.execute(AbstractClientHttpRequest.java:81)
	at org.springframework.web.client.RestTemplate.doExecute(RestTemplate.java:900)
	... 21 more

2025-06-25 -Request execution failed with message: I/O error on POST request for "http://localhost:8761/eureka/apps/CARTMODULE": Connect to http://localhost:8761 [localhost/127.0.0.1, localhost/0:0:0:0:0:0:0:1] failed: Connection refused: getsockopt
2025-06-25 -Closing JPA EntityManagerFactory for persistence unit 'default'
2025-06-25 -Request execution error. endpoint=DefaultEndpoint{ serviceUrl='http://localhost:8761/eureka/}, exception=I/O error on POST request for "http://localhost:8761/eureka/apps/CARTMODULE": Connect to http://localhost:8761 [localhost/127.0.0.1, localhost/0:0:0:0:0:0:0:1] failed: Connection refused: getsockopt stacktrace=org.springframework.web.client.ResourceAccessException: I/O error on POST request for "http://localhost:8761/eureka/apps/CARTMODULE": Connect to http://localhost:8761 [localhost/127.0.0.1, localhost/0:0:0:0:0:0:0:1] failed: Connection refused: getsockopt
	at org.springframework.web.client.RestTemplate.createResourceAccessException(RestTemplate.java:926)
	at org.springframework.web.client.RestTemplate.doExecute(RestTemplate.java:906)
	at org.springframework.web.client.RestTemplate.execute(RestTemplate.java:841)
	at org.springframework.web.client.RestTemplate.exchange(RestTemplate.java:702)
	at org.springframework.cloud.netflix.eureka.http.RestTemplateEurekaHttpClient.register(RestTemplateEurekaHttpClient.java:87)
	at com.netflix.discovery.shared.transport.decorator.EurekaHttpClientDecorator$1.execute(EurekaHttpClientDecorator.java:59)
	at com.netflix.discovery.shared.transport.decorator.RedirectingEurekaHttpClient.executeOnNewServer(RedirectingEurekaHttpClient.java:121)
	at com.netflix.discovery.shared.transport.decorator.RedirectingEurekaHttpClient.execute(RedirectingEurekaHttpClient.java:80)
	at com.netflix.discovery.shared.transport.decorator.EurekaHttpClientDecorator.register(EurekaHttpClientDecorator.java:56)
	at com.netflix.discovery.shared.transport.decorator.EurekaHttpClientDecorator$1.execute(EurekaHttpClientDecorator.java:59)
	at com.netflix.discovery.shared.transport.decorator.RetryableEurekaHttpClient.execute(RetryableEurekaHttpClient.java:120)
	at com.netflix.discovery.shared.transport.decorator.EurekaHttpClientDecorator.register(EurekaHttpClientDecorator.java:56)
	at com.netflix.discovery.shared.transport.decorator.EurekaHttpClientDecorator$1.execute(EurekaHttpClientDecorator.java:59)
	at com.netflix.discovery.shared.transport.decorator.SessionedEurekaHttpClient.execute(SessionedEurekaHttpClient.java:76)
	at com.netflix.discovery.shared.transport.decorator.EurekaHttpClientDecorator.register(EurekaHttpClientDecorator.java:56)
	at com.netflix.discovery.DiscoveryClient.register(DiscoveryClient.java:828)
	at com.netflix.discovery.InstanceInfoReplicator.run(InstanceInfoReplicator.java:125)
	at com.netflix.discovery.InstanceInfoReplicator$2.run(InstanceInfoReplicator.java:105)
	at java.base/java.util.concurrent.Executors$RunnableAdapter.call(Executors.java:572)
	at java.base/java.util.concurrent.FutureTask.run(FutureTask.java:317)
	at java.base/java.util.concurrent.ScheduledThreadPoolExecutor$ScheduledFutureTask.run(ScheduledThreadPoolExecutor.java:304)
	at java.base/java.util.concurrent.ThreadPoolExecutor.runWorker(ThreadPoolExecutor.java:1144)
	at java.base/java.util.concurrent.ThreadPoolExecutor$Worker.run(ThreadPoolExecutor.java:642)
	at java.base/java.lang.Thread.run(Thread.java:1583)
Caused by: org.apache.hc.client5.http.HttpHostConnectException: Connect to http://localhost:8761 [localhost/127.0.0.1, localhost/0:0:0:0:0:0:0:1] failed: Connection refused: getsockopt
	at java.base/sun.nio.ch.Net.pollConnect(Native Method)
	at java.base/sun.nio.ch.Net.pollConnectNow(Net.java:682)
	at java.base/sun.nio.ch.NioSocketImpl.timedFinishConnect(NioSocketImpl.java:542)
	at java.base/sun.nio.ch.NioSocketImpl.connect(NioSocketImpl.java:592)
	at java.base/java.net.SocksSocketImpl.connect(SocksSocketImpl.java:327)
	at java.base/java.net.Socket.connect(Socket.java:751)
	at org.apache.hc.client5.http.impl.io.DefaultHttpClientConnectionOperator.connect(DefaultHttpClientConnectionOperator.java:216)
	at org.apache.hc.client5.http.impl.io.PoolingHttpClientConnectionManager.connect(PoolingHttpClientConnectionManager.java:490)
	at org.apache.hc.client5.http.impl.classic.InternalExecRuntime.connectEndpoint(InternalExecRuntime.java:164)
	at org.apache.hc.client5.http.impl.classic.InternalExecRuntime.connectEndpoint(InternalExecRuntime.java:174)
	at org.apache.hc.client5.http.impl.classic.ConnectExec.execute(ConnectExec.java:144)
	at org.apache.hc.client5.http.impl.classic.ExecChainElement.execute(ExecChainElement.java:51)
	at org.apache.hc.client5.http.impl.classic.ProtocolExec.execute(ProtocolExec.java:192)
	at org.apache.hc.client5.http.impl.classic.ExecChainElement.execute(ExecChainElement.java:51)
	at org.apache.hc.client5.http.impl.classic.ContentCompressionExec.execute(ContentCompressionExec.java:150)
	at org.apache.hc.client5.http.impl.classic.ExecChainElement.execute(ExecChainElement.java:51)
	at org.apache.hc.client5.http.impl.classic.HttpRequestRetryExec.execute(HttpRequestRetryExec.java:113)
	at org.apache.hc.client5.http.impl.classic.ExecChainElement.execute(ExecChainElement.java:51)
	at org.apache.hc.client5.http.impl.classic.RedirectExec.execute(RedirectExec.java:110)
	at org.apache.hc.client5.http.impl.classic.ExecChainElement.execute(ExecChainElement.java:51)
	at org.apache.hc.client5.http.impl.classic.InternalHttpClient.doExecute(InternalHttpClient.java:183)
	at org.apache.hc.client5.http.impl.classic.CloseableHttpClient.execute(CloseableHttpClient.java:87)
	at org.apache.hc.client5.http.impl.classic.CloseableHttpClient.execute(CloseableHttpClient.java:55)
	at org.apache.hc.client5.http.classic.HttpClient.executeOpen(HttpClient.java:183)
	at org.springframework.http.client.HttpComponentsClientHttpRequest.executeInternal(HttpComponentsClientHttpRequest.java:99)
	at org.springframework.http.client.AbstractStreamingClientHttpRequest.executeInternal(AbstractStreamingClientHttpRequest.java:71)
	at org.springframework.http.client.AbstractClientHttpRequest.execute(AbstractClientHttpRequest.java:81)
	at org.springframework.http.client.InterceptingClientHttpRequest$InterceptingRequestExecution.execute(InterceptingClientHttpRequest.java:117)
	at org.springframework.cloud.netflix.eureka.http.RestTemplateTransportClientFactory.lambda$restTemplate$2(RestTemplateTransportClientFactory.java:145)
	at org.springframework.http.client.InterceptingClientHttpRequest$InterceptingRequestExecution.execute(InterceptingClientHttpRequest.java:88)
	at org.springframework.http.client.InterceptingClientHttpRequest.executeInternal(InterceptingClientHttpRequest.java:72)
	at org.springframework.http.client.AbstractBufferingClientHttpRequest.executeInternal(AbstractBufferingClientHttpRequest.java:48)
	at org.springframework.http.client.AbstractClientHttpRequest.execute(AbstractClientHttpRequest.java:81)
	at org.springframework.web.client.RestTemplate.doExecute(RestTemplate.java:900)
	... 22 more

2025-06-25 -Request execution failed with message: I/O error on POST request for "http://localhost:8761/eureka/apps/CARTMODULE": Connect to http://localhost:8761 [localhost/127.0.0.1, localhost/0:0:0:0:0:0:0:1] failed: Connection refused: getsockopt
2025-06-25 -HikariPool-1 - Shutdown initiated...
2025-06-25 -DiscoveryClient_CARTMODULE/LTIN555640.cts.com:CartModule:9926 - registration failed Cannot execute request on any known server
com.netflix.discovery.shared.transport.TransportException: Cannot execute request on any known server
	at com.netflix.discovery.shared.transport.decorator.RetryableEurekaHttpClient.execute(RetryableEurekaHttpClient.java:112)
	at com.netflix.discovery.shared.transport.decorator.EurekaHttpClientDecorator.register(EurekaHttpClientDecorator.java:56)
	at com.netflix.discovery.shared.transport.decorator.EurekaHttpClientDecorator$1.execute(EurekaHttpClientDecorator.java:59)
	at com.netflix.discovery.shared.transport.decorator.SessionedEurekaHttpClient.execute(SessionedEurekaHttpClient.java:76)
	at com.netflix.discovery.shared.transport.decorator.EurekaHttpClientDecorator.register(EurekaHttpClientDecorator.java:56)
	at com.netflix.discovery.DiscoveryClient.register(DiscoveryClient.java:828)
	at com.netflix.discovery.InstanceInfoReplicator.run(InstanceInfoReplicator.java:125)
	at com.netflix.discovery.InstanceInfoReplicator$2.run(InstanceInfoReplicator.java:105)
	at java.base/java.util.concurrent.Executors$RunnableAdapter.call(Executors.java:572)
	at java.base/java.util.concurrent.FutureTask.run(FutureTask.java:317)
	at java.base/java.util.concurrent.ScheduledThreadPoolExecutor$ScheduledFutureTask.run(ScheduledThreadPoolExecutor.java:304)
	at java.base/java.util.concurrent.ThreadPoolExecutor.runWorker(ThreadPoolExecutor.java:1144)
	at java.base/java.util.concurrent.ThreadPoolExecutor$Worker.run(ThreadPoolExecutor.java:642)
	at java.base/java.lang.Thread.run(Thread.java:1583)
2025-06-25 -There was a problem with the instance info replicator
com.netflix.discovery.shared.transport.TransportException: Cannot execute request on any known server
	at com.netflix.discovery.shared.transport.decorator.RetryableEurekaHttpClient.execute(RetryableEurekaHttpClient.java:112)
	at com.netflix.discovery.shared.transport.decorator.EurekaHttpClientDecorator.register(EurekaHttpClientDecorator.java:56)
	at com.netflix.discovery.shared.transport.decorator.EurekaHttpClientDecorator$1.execute(EurekaHttpClientDecorator.java:59)
	at com.netflix.discovery.shared.transport.decorator.SessionedEurekaHttpClient.execute(SessionedEurekaHttpClient.java:76)
	at com.netflix.discovery.shared.transport.decorator.EurekaHttpClientDecorator.register(EurekaHttpClientDecorator.java:56)
	at com.netflix.discovery.DiscoveryClient.register(DiscoveryClient.java:828)
	at com.netflix.discovery.InstanceInfoReplicator.run(InstanceInfoReplicator.java:125)
	at com.netflix.discovery.InstanceInfoReplicator$2.run(InstanceInfoReplicator.java:105)
	at java.base/java.util.concurrent.Executors$RunnableAdapter.call(Executors.java:572)
	at java.base/java.util.concurrent.FutureTask.run(FutureTask.java:317)
	at java.base/java.util.concurrent.ScheduledThreadPoolExecutor$ScheduledFutureTask.run(ScheduledThreadPoolExecutor.java:304)
	at java.base/java.util.concurrent.ThreadPoolExecutor.runWorker(ThreadPoolExecutor.java:1144)
	at java.base/java.util.concurrent.ThreadPoolExecutor$Worker.run(ThreadPoolExecutor.java:642)
	at java.base/java.lang.Thread.run(Thread.java:1583)
2025-06-25 -HikariPool-1 - Shutdown completed.
2025-06-25 -Shutting down DiscoveryClient ...
2025-06-25 -Request execution error. endpoint=DefaultEndpoint{ serviceUrl='http://localhost:8761/eureka/} exception=I/O error on GET request for "http://localhost:8761/eureka/apps/delta": Connect to http://localhost:8761 [localhost/127.0.0.1, localhost/0:0:0:0:0:0:0:1] failed: Connection refused: getsockopt stacktrace=org.springframework.web.client.ResourceAccessException: I/O error on GET request for "http://localhost:8761/eureka/apps/delta": Connect to http://localhost:8761 [localhost/127.0.0.1, localhost/0:0:0:0:0:0:0:1] failed: Connection refused: getsockopt
	at org.springframework.web.client.RestTemplate.createResourceAccessException(RestTemplate.java:926)
	at org.springframework.web.client.RestTemplate.doExecute(RestTemplate.java:906)
	at org.springframework.web.client.RestTemplate.execute(RestTemplate.java:841)
	at org.springframework.web.client.RestTemplate.exchange(RestTemplate.java:702)
	at org.springframework.cloud.netflix.eureka.http.RestTemplateEurekaHttpClient.getApplicationsInternal(RestTemplateEurekaHttpClient.java:174)
	at org.springframework.cloud.netflix.eureka.http.RestTemplateEurekaHttpClient.getDelta(RestTemplateEurekaHttpClient.java:186)
	at com.netflix.discovery.shared.transport.decorator.EurekaHttpClientDecorator$7.execute(EurekaHttpClientDecorator.java:152)
	at com.netflix.discovery.shared.transport.decorator.RedirectingEurekaHttpClient.execute(RedirectingEurekaHttpClient.java:91)
	at com.netflix.discovery.shared.transport.decorator.EurekaHttpClientDecorator.getDelta(EurekaHttpClientDecorator.java:149)
	at com.netflix.discovery.shared.transport.decorator.EurekaHttpClientDecorator$7.execute(EurekaHttpClientDecorator.java:152)
	at com.netflix.discovery.shared.transport.decorator.RetryableEurekaHttpClient.execute(RetryableEurekaHttpClient.java:120)
	at com.netflix.discovery.shared.transport.decorator.EurekaHttpClientDecorator.getDelta(EurekaHttpClientDecorator.java:149)
	at com.netflix.discovery.shared.transport.decorator.EurekaHttpClientDecorator$7.execute(EurekaHttpClientDecorator.java:152)
	at com.netflix.discovery.shared.transport.decorator.SessionedEurekaHttpClient.execute(SessionedEurekaHttpClient.java:76)
	at com.netflix.discovery.shared.transport.decorator.EurekaHttpClientDecorator.getDelta(EurekaHttpClientDecorator.java:149)
	at com.netflix.discovery.DiscoveryClient.getAndUpdateDelta(DiscoveryClient.java:1080)
	at com.netflix.discovery.DiscoveryClient.fetchRegistry(DiscoveryClient.java:963)
	at com.netflix.discovery.DiscoveryClient.refreshRegistry(DiscoveryClient.java:1473)
	at com.netflix.discovery.DiscoveryClient$CacheRefreshThread.run(DiscoveryClient.java:1441)
	at java.base/java.util.concurrent.Executors$RunnableAdapter.call(Executors.java:572)
	at java.base/java.util.concurrent.FutureTask.run(FutureTask.java:317)
	at java.base/java.util.concurrent.ThreadPoolExecutor.runWorker(ThreadPoolExecutor.java:1144)
	at java.base/java.util.concurrent.ThreadPoolExecutor$Worker.run(ThreadPoolExecutor.java:642)
	at java.base/java.lang.Thread.run(Thread.java:1583)
Caused by: org.apache.hc.client5.http.HttpHostConnectException: Connect to http://localhost:8761 [localhost/127.0.0.1, localhost/0:0:0:0:0:0:0:1] failed: Connection refused: getsockopt
	at java.base/sun.nio.ch.Net.pollConnect(Native Method)
	at java.base/sun.nio.ch.Net.pollConnectNow(Net.java:682)
	at java.base/sun.nio.ch.NioSocketImpl.timedFinishConnect(NioSocketImpl.java:542)
	at java.base/sun.nio.ch.NioSocketImpl.connect(NioSocketImpl.java:592)
	at java.base/java.net.SocksSocketImpl.connect(SocksSocketImpl.java:327)
	at java.base/java.net.Socket.connect(Socket.java:751)
	at org.apache.hc.client5.http.impl.io.DefaultHttpClientConnectionOperator.connect(DefaultHttpClientConnectionOperator.java:216)
	at org.apache.hc.client5.http.impl.io.PoolingHttpClientConnectionManager.connect(PoolingHttpClientConnectionManager.java:490)
	at org.apache.hc.client5.http.impl.classic.InternalExecRuntime.connectEndpoint(InternalExecRuntime.java:164)
	at org.apache.hc.client5.http.impl.classic.InternalExecRuntime.connectEndpoint(InternalExecRuntime.java:174)
	at org.apache.hc.client5.http.impl.classic.ConnectExec.execute(ConnectExec.java:144)
	at org.apache.hc.client5.http.impl.classic.ExecChainElement.execute(ExecChainElement.java:51)
	at org.apache.hc.client5.http.impl.classic.ProtocolExec.execute(ProtocolExec.java:192)
	at org.apache.hc.client5.http.impl.classic.ExecChainElement.execute(ExecChainElement.java:51)
	at org.apache.hc.client5.http.impl.classic.ContentCompressionExec.execute(ContentCompressionExec.java:150)
	at org.apache.hc.client5.http.impl.classic.ExecChainElement.execute(ExecChainElement.java:51)
	at org.apache.hc.client5.http.impl.classic.HttpRequestRetryExec.execute(HttpRequestRetryExec.java:113)
	at org.apache.hc.client5.http.impl.classic.ExecChainElement.execute(ExecChainElement.java:51)
	at org.apache.hc.client5.http.impl.classic.RedirectExec.execute(RedirectExec.java:110)
	at org.apache.hc.client5.http.impl.classic.ExecChainElement.execute(ExecChainElement.java:51)
	at org.apache.hc.client5.http.impl.classic.InternalHttpClient.doExecute(InternalHttpClient.java:183)
	at org.apache.hc.client5.http.impl.classic.CloseableHttpClient.execute(CloseableHttpClient.java:87)
	at org.apache.hc.client5.http.impl.classic.CloseableHttpClient.execute(CloseableHttpClient.java:55)
	at org.apache.hc.client5.http.classic.HttpClient.executeOpen(HttpClient.java:183)
	at org.springframework.http.client.HttpComponentsClientHttpRequest.executeInternal(HttpComponentsClientHttpRequest.java:99)
	at org.springframework.http.client.AbstractStreamingClientHttpRequest.executeInternal(AbstractStreamingClientHttpRequest.java:71)
	at org.springframework.http.client.AbstractClientHttpRequest.execute(AbstractClientHttpRequest.java:81)
	at org.springframework.http.client.InterceptingClientHttpRequest$InterceptingRequestExecution.execute(InterceptingClientHttpRequest.java:117)
	at org.springframework.cloud.netflix.eureka.http.RestTemplateTransportClientFactory.lambda$restTemplate$2(RestTemplateTransportClientFactory.java:145)
	at org.springframework.http.client.InterceptingClientHttpRequest$InterceptingRequestExecution.execute(InterceptingClientHttpRequest.java:88)
	at org.springframework.http.client.InterceptingClientHttpRequest.executeInternal(InterceptingClientHttpRequest.java:72)
	at org.springframework.http.client.AbstractBufferingClientHttpRequest.executeInternal(AbstractBufferingClientHttpRequest.java:48)
	at org.springframework.http.client.AbstractClientHttpRequest.execute(AbstractClientHttpRequest.java:81)
	at org.springframework.web.client.RestTemplate.doExecute(RestTemplate.java:900)
	... 22 more

2025-06-25 -Request execution failed with message: I/O error on GET request for "http://localhost:8761/eureka/apps/delta": Connect to http://localhost:8761 [localhost/127.0.0.1, localhost/0:0:0:0:0:0:0:1] failed: Connection refused: getsockopt
2025-06-25 -Request execution error. endpoint=DefaultEndpoint{ serviceUrl='http://localhost:8761/eureka/}, exception=I/O error on PUT request for "http://localhost:8761/eureka/apps/CARTMODULE/LTIN555640.cts.com:CartModule:9926": Connect to http://localhost:8761 [localhost/127.0.0.1, localhost/0:0:0:0:0:0:0:1] failed: Connection refused: getsockopt stacktrace=org.springframework.web.client.ResourceAccessException: I/O error on PUT request for "http://localhost:8761/eureka/apps/CARTMODULE/LTIN555640.cts.com:CartModule:9926": Connect to http://localhost:8761 [localhost/127.0.0.1, localhost/0:0:0:0:0:0:0:1] failed: Connection refused: getsockopt
	at org.springframework.web.client.RestTemplate.createResourceAccessException(RestTemplate.java:926)
	at org.springframework.web.client.RestTemplate.doExecute(RestTemplate.java:906)
	at org.springframework.web.client.RestTemplate.execute(RestTemplate.java:841)
	at org.springframework.web.client.RestTemplate.exchange(RestTemplate.java:702)
	at org.springframework.cloud.netflix.eureka.http.RestTemplateEurekaHttpClient.sendHeartBeat(RestTemplateEurekaHttpClient.java:119)
	at com.netflix.discovery.shared.transport.decorator.EurekaHttpClientDecorator$3.execute(EurekaHttpClientDecorator.java:92)
	at com.netflix.discovery.shared.transport.decorator.RedirectingEurekaHttpClient.executeOnNewServer(RedirectingEurekaHttpClient.java:121)
	at com.netflix.discovery.shared.transport.decorator.RedirectingEurekaHttpClient.execute(RedirectingEurekaHttpClient.java:80)
	at com.netflix.discovery.shared.transport.decorator.EurekaHttpClientDecorator.sendHeartBeat(EurekaHttpClientDecorator.java:89)
	at com.netflix.discovery.shared.transport.decorator.EurekaHttpClientDecorator$3.execute(EurekaHttpClientDecorator.java:92)
	at com.netflix.discovery.shared.transport.decorator.RetryableEurekaHttpClient.execute(RetryableEurekaHttpClient.java:120)
	at com.netflix.discovery.shared.transport.decorator.EurekaHttpClientDecorator.sendHeartBeat(EurekaHttpClientDecorator.java:89)
	at com.netflix.discovery.shared.transport.decorator.EurekaHttpClientDecorator$3.execute(EurekaHttpClientDecorator.java:92)
	at com.netflix.discovery.shared.transport.decorator.SessionedEurekaHttpClient.execute(SessionedEurekaHttpClient.java:76)
	at com.netflix.discovery.shared.transport.decorator.EurekaHttpClientDecorator.sendHeartBeat(EurekaHttpClientDecorator.java:89)
	at com.netflix.discovery.DiscoveryClient.renew(DiscoveryClient.java:845)
	at com.netflix.discovery.DiscoveryClient$HeartbeatThread.run(DiscoveryClient.java:1402)
	at java.base/java.util.concurrent.Executors$RunnableAdapter.call(Executors.java:572)
	at java.base/java.util.concurrent.FutureTask.run(FutureTask.java:317)
	at java.base/java.util.concurrent.ThreadPoolExecutor.runWorker(ThreadPoolExecutor.java:1144)
	at java.base/java.util.concurrent.ThreadPoolExecutor$Worker.run(ThreadPoolExecutor.java:642)
	at java.base/java.lang.Thread.run(Thread.java:1583)
Caused by: org.apache.hc.client5.http.HttpHostConnectException: Connect to http://localhost:8761 [localhost/127.0.0.1, localhost/0:0:0:0:0:0:0:1] failed: Connection refused: getsockopt
	at java.base/sun.nio.ch.Net.pollConnect(Native Method)
	at java.base/sun.nio.ch.Net.pollConnectNow(Net.java:682)
	at java.base/sun.nio.ch.NioSocketImpl.timedFinishConnect(NioSocketImpl.java:542)
	at java.base/sun.nio.ch.NioSocketImpl.connect(NioSocketImpl.java:592)
	at java.base/java.net.SocksSocketImpl.connect(SocksSocketImpl.java:327)
	at java.base/java.net.Socket.connect(Socket.java:751)
	at org.apache.hc.client5.http.impl.io.DefaultHttpClientConnectionOperator.connect(DefaultHttpClientConnectionOperator.java:216)
	at org.apache.hc.client5.http.impl.io.PoolingHttpClientConnectionManager.connect(PoolingHttpClientConnectionManager.java:490)
	at org.apache.hc.client5.http.impl.classic.InternalExecRuntime.connectEndpoint(InternalExecRuntime.java:164)
	at org.apache.hc.client5.http.impl.classic.InternalExecRuntime.connectEndpoint(InternalExecRuntime.java:174)
	at org.apache.hc.client5.http.impl.classic.ConnectExec.execute(ConnectExec.java:144)
	at org.apache.hc.client5.http.impl.classic.ExecChainElement.execute(ExecChainElement.java:51)
	at org.apache.hc.client5.http.impl.classic.ProtocolExec.execute(ProtocolExec.java:192)
	at org.apache.hc.client5.http.impl.classic.ExecChainElement.execute(ExecChainElement.java:51)
	at org.apache.hc.client5.http.impl.classic.ContentCompressionExec.execute(ContentCompressionExec.java:150)
	at org.apache.hc.client5.http.impl.classic.ExecChainElement.execute(ExecChainElement.java:51)
	at org.apache.hc.client5.http.impl.classic.HttpRequestRetryExec.execute(HttpRequestRetryExec.java:113)
	at org.apache.hc.client5.http.impl.classic.ExecChainElement.execute(ExecChainElement.java:51)
	at org.apache.hc.client5.http.impl.classic.RedirectExec.execute(RedirectExec.java:110)
	at org.apache.hc.client5.http.impl.classic.ExecChainElement.execute(ExecChainElement.java:51)
	at org.apache.hc.client5.http.impl.classic.InternalHttpClient.doExecute(InternalHttpClient.java:183)
	at org.apache.hc.client5.http.impl.classic.CloseableHttpClient.execute(CloseableHttpClient.java:87)
	at org.apache.hc.client5.http.impl.classic.CloseableHttpClient.execute(CloseableHttpClient.java:55)
	at org.apache.hc.client5.http.classic.HttpClient.executeOpen(HttpClient.java:183)
	at org.springframework.http.client.HttpComponentsClientHttpRequest.executeInternal(HttpComponentsClientHttpRequest.java:99)
	at org.springframework.http.client.AbstractStreamingClientHttpRequest.executeInternal(AbstractStreamingClientHttpRequest.java:71)
	at org.springframework.http.client.AbstractClientHttpRequest.execute(AbstractClientHttpRequest.java:81)
	at org.springframework.http.client.InterceptingClientHttpRequest$InterceptingRequestExecution.execute(InterceptingClientHttpRequest.java:117)
	at org.springframework.cloud.netflix.eureka.http.RestTemplateTransportClientFactory.lambda$restTemplate$2(RestTemplateTransportClientFactory.java:145)
	at org.springframework.http.client.InterceptingClientHttpRequest$InterceptingRequestExecution.execute(InterceptingClientHttpRequest.java:88)
	at org.springframework.http.client.InterceptingClientHttpRequest.executeInternal(InterceptingClientHttpRequest.java:72)
	at org.springframework.http.client.AbstractBufferingClientHttpRequest.executeInternal(AbstractBufferingClientHttpRequest.java:48)
	at org.springframework.http.client.AbstractClientHttpRequest.execute(AbstractClientHttpRequest.java:81)
	at org.springframework.web.client.RestTemplate.doExecute(RestTemplate.java:900)
	... 20 more

2025-06-25 -Request execution failed with message: I/O error on PUT request for "http://localhost:8761/eureka/apps/CARTMODULE/LTIN555640.cts.com:CartModule:9926": Connect to http://localhost:8761 [localhost/127.0.0.1, localhost/0:0:0:0:0:0:0:1] failed: Connection refused: getsockopt
2025-06-25 -DiscoveryClient_CARTMODULE/LTIN555640.cts.com:CartModule:9926 - was unable to send heartbeat!
com.netflix.discovery.shared.transport.TransportException: Cannot execute request on any known server
	at com.netflix.discovery.shared.transport.decorator.RetryableEurekaHttpClient.execute(RetryableEurekaHttpClient.java:112)
	at com.netflix.discovery.shared.transport.decorator.EurekaHttpClientDecorator.sendHeartBeat(EurekaHttpClientDecorator.java:89)
	at com.netflix.discovery.shared.transport.decorator.EurekaHttpClientDecorator$3.execute(EurekaHttpClientDecorator.java:92)
	at com.netflix.discovery.shared.transport.decorator.SessionedEurekaHttpClient.execute(SessionedEurekaHttpClient.java:76)
	at com.netflix.discovery.shared.transport.decorator.EurekaHttpClientDecorator.sendHeartBeat(EurekaHttpClientDecorator.java:89)
	at com.netflix.discovery.DiscoveryClient.renew(DiscoveryClient.java:845)
	at com.netflix.discovery.DiscoveryClient$HeartbeatThread.run(DiscoveryClient.java:1402)
	at java.base/java.util.concurrent.Executors$RunnableAdapter.call(Executors.java:572)
	at java.base/java.util.concurrent.FutureTask.run(FutureTask.java:317)
	at java.base/java.util.concurrent.ThreadPoolExecutor.runWorker(ThreadPoolExecutor.java:1144)
	at java.base/java.util.concurrent.ThreadPoolExecutor$Worker.run(ThreadPoolExecutor.java:642)
	at java.base/java.lang.Thread.run(Thread.java:1583)
2025-06-25 -Request execution error. endpoint=DefaultEndpoint{ serviceUrl='http://localhost:8761/eureka/}, exception=I/O error on GET request for "http://localhost:8761/eureka/apps/delta": Connect to http://localhost:8761 [localhost/127.0.0.1, localhost/0:0:0:0:0:0:0:1] failed: Connection refused: getsockopt stacktrace=org.springframework.web.client.ResourceAccessException: I/O error on GET request for "http://localhost:8761/eureka/apps/delta": Connect to http://localhost:8761 [localhost/127.0.0.1, localhost/0:0:0:0:0:0:0:1] failed: Connection refused: getsockopt
	at org.springframework.web.client.RestTemplate.createResourceAccessException(RestTemplate.java:926)
	at org.springframework.web.client.RestTemplate.doExecute(RestTemplate.java:906)
	at org.springframework.web.client.RestTemplate.execute(RestTemplate.java:841)
	at org.springframework.web.client.RestTemplate.exchange(RestTemplate.java:702)
	at org.springframework.cloud.netflix.eureka.http.RestTemplateEurekaHttpClient.getApplicationsInternal(RestTemplateEurekaHttpClient.java:174)
	at org.springframework.cloud.netflix.eureka.http.RestTemplateEurekaHttpClient.getDelta(RestTemplateEurekaHttpClient.java:186)
	at com.netflix.discovery.shared.transport.decorator.EurekaHttpClientDecorator$7.execute(EurekaHttpClientDecorator.java:152)
	at com.netflix.discovery.shared.transport.decorator.RedirectingEurekaHttpClient.executeOnNewServer(RedirectingEurekaHttpClient.java:121)
	at com.netflix.discovery.shared.transport.decorator.RedirectingEurekaHttpClient.execute(RedirectingEurekaHttpClient.java:80)
	at com.netflix.discovery.shared.transport.decorator.EurekaHttpClientDecorator.getDelta(EurekaHttpClientDecorator.java:149)
	at com.netflix.discovery.shared.transport.decorator.EurekaHttpClientDecorator$7.execute(EurekaHttpClientDecorator.java:152)
	at com.netflix.discovery.shared.transport.decorator.RetryableEurekaHttpClient.execute(RetryableEurekaHttpClient.java:120)
	at com.netflix.discovery.shared.transport.decorator.EurekaHttpClientDecorator.getDelta(EurekaHttpClientDecorator.java:149)
	at com.netflix.discovery.shared.transport.decorator.EurekaHttpClientDecorator$7.execute(EurekaHttpClientDecorator.java:152)
	at com.netflix.discovery.shared.transport.decorator.SessionedEurekaHttpClient.execute(SessionedEurekaHttpClient.java:76)
	at com.netflix.discovery.shared.transport.decorator.EurekaHttpClientDecorator.getDelta(EurekaHttpClientDecorator.java:149)
	at com.netflix.discovery.DiscoveryClient.getAndUpdateDelta(DiscoveryClient.java:1080)
	at com.netflix.discovery.DiscoveryClient.fetchRegistry(DiscoveryClient.java:963)
	at com.netflix.discovery.DiscoveryClient.refreshRegistry(DiscoveryClient.java:1473)
	at com.netflix.discovery.DiscoveryClient$CacheRefreshThread.run(DiscoveryClient.java:1441)
	at java.base/java.util.concurrent.Executors$RunnableAdapter.call(Executors.java:572)
	at java.base/java.util.concurrent.FutureTask.run(FutureTask.java:317)
	at java.base/java.util.concurrent.ThreadPoolExecutor.runWorker(ThreadPoolExecutor.java:1144)
	at java.base/java.util.concurrent.ThreadPoolExecutor$Worker.run(ThreadPoolExecutor.java:642)
	at java.base/java.lang.Thread.run(Thread.java:1583)
Caused by: org.apache.hc.client5.http.HttpHostConnectException: Connect to http://localhost:8761 [localhost/127.0.0.1, localhost/0:0:0:0:0:0:0:1] failed: Connection refused: getsockopt
	at java.base/sun.nio.ch.Net.pollConnect(Native Method)
	at java.base/sun.nio.ch.Net.pollConnectNow(Net.java:682)
	at java.base/sun.nio.ch.NioSocketImpl.timedFinishConnect(NioSocketImpl.java:542)
	at java.base/sun.nio.ch.NioSocketImpl.connect(NioSocketImpl.java:592)
	at java.base/java.net.SocksSocketImpl.connect(SocksSocketImpl.java:327)
	at java.base/java.net.Socket.connect(Socket.java:751)
	at org.apache.hc.client5.http.impl.io.DefaultHttpClientConnectionOperator.connect(DefaultHttpClientConnectionOperator.java:216)
	at org.apache.hc.client5.http.impl.io.PoolingHttpClientConnectionManager.connect(PoolingHttpClientConnectionManager.java:490)
	at org.apache.hc.client5.http.impl.classic.InternalExecRuntime.connectEndpoint(InternalExecRuntime.java:164)
	at org.apache.hc.client5.http.impl.classic.InternalExecRuntime.connectEndpoint(InternalExecRuntime.java:174)
	at org.apache.hc.client5.http.impl.classic.ConnectExec.execute(ConnectExec.java:144)
	at org.apache.hc.client5.http.impl.classic.ExecChainElement.execute(ExecChainElement.java:51)
	at org.apache.hc.client5.http.impl.classic.ProtocolExec.execute(ProtocolExec.java:192)
	at org.apache.hc.client5.http.impl.classic.ExecChainElement.execute(ExecChainElement.java:51)
	at org.apache.hc.client5.http.impl.classic.ContentCompressionExec.execute(ContentCompressionExec.java:150)
	at org.apache.hc.client5.http.impl.classic.ExecChainElement.execute(ExecChainElement.java:51)
	at org.apache.hc.client5.http.impl.classic.HttpRequestRetryExec.execute(HttpRequestRetryExec.java:113)
	at org.apache.hc.client5.http.impl.classic.ExecChainElement.execute(ExecChainElement.java:51)
	at org.apache.hc.client5.http.impl.classic.RedirectExec.execute(RedirectExec.java:110)
	at org.apache.hc.client5.http.impl.classic.ExecChainElement.execute(ExecChainElement.java:51)
	at org.apache.hc.client5.http.impl.classic.InternalHttpClient.doExecute(InternalHttpClient.java:183)
	at org.apache.hc.client5.http.impl.classic.CloseableHttpClient.execute(CloseableHttpClient.java:87)
	at org.apache.hc.client5.http.impl.classic.CloseableHttpClient.execute(CloseableHttpClient.java:55)
	at org.apache.hc.client5.http.classic.HttpClient.executeOpen(HttpClient.java:183)
	at org.springframework.http.client.HttpComponentsClientHttpRequest.executeInternal(HttpComponentsClientHttpRequest.java:99)
	at org.springframework.http.client.AbstractStreamingClientHttpRequest.executeInternal(AbstractStreamingClientHttpRequest.java:71)
	at org.springframework.http.client.AbstractClientHttpRequest.execute(AbstractClientHttpRequest.java:81)
	at org.springframework.http.client.InterceptingClientHttpRequest$InterceptingRequestExecution.execute(InterceptingClientHttpRequest.java:117)
	at org.springframework.cloud.netflix.eureka.http.RestTemplateTransportClientFactory.lambda$restTemplate$2(RestTemplateTransportClientFactory.java:145)
	at org.springframework.http.client.InterceptingClientHttpRequest$InterceptingRequestExecution.execute(InterceptingClientHttpRequest.java:88)
	at org.springframework.http.client.InterceptingClientHttpRequest.executeInternal(InterceptingClientHttpRequest.java:72)
	at org.springframework.http.client.AbstractBufferingClientHttpRequest.executeInternal(AbstractBufferingClientHttpRequest.java:48)
	at org.springframework.http.client.AbstractClientHttpRequest.execute(AbstractClientHttpRequest.java:81)
	at org.springframework.web.client.RestTemplate.doExecute(RestTemplate.java:900)
	... 23 more

2025-06-25 -Request execution failed with message: I/O error on GET request for "http://localhost:8761/eureka/apps/delta": Connect to http://localhost:8761 [localhost/127.0.0.1, localhost/0:0:0:0:0:0:0:1] failed: Connection refused: getsockopt
2025-06-25 -DiscoveryClient_CARTMODULE/LTIN555640.cts.com:CartModule:9926 - was unable to refresh its cache! This periodic background refresh will be retried in 30 seconds. status = Cannot execute request on any known server stacktrace = com.netflix.discovery.shared.transport.TransportException: Cannot execute request on any known server
	at com.netflix.discovery.shared.transport.decorator.RetryableEurekaHttpClient.execute(RetryableEurekaHttpClient.java:112)
	at com.netflix.discovery.shared.transport.decorator.EurekaHttpClientDecorator.getDelta(EurekaHttpClientDecorator.java:149)
	at com.netflix.discovery.shared.transport.decorator.EurekaHttpClientDecorator$7.execute(EurekaHttpClientDecorator.java:152)
	at com.netflix.discovery.shared.transport.decorator.SessionedEurekaHttpClient.execute(SessionedEurekaHttpClient.java:76)
	at com.netflix.discovery.shared.transport.decorator.EurekaHttpClientDecorator.getDelta(EurekaHttpClientDecorator.java:149)
	at com.netflix.discovery.DiscoveryClient.getAndUpdateDelta(DiscoveryClient.java:1080)
	at com.netflix.discovery.DiscoveryClient.fetchRegistry(DiscoveryClient.java:963)
	at com.netflix.discovery.DiscoveryClient.refreshRegistry(DiscoveryClient.java:1473)
	at com.netflix.discovery.DiscoveryClient$CacheRefreshThread.run(DiscoveryClient.java:1441)
	at java.base/java.util.concurrent.Executors$RunnableAdapter.call(Executors.java:572)
	at java.base/java.util.concurrent.FutureTask.run(FutureTask.java:317)
	at java.base/java.util.concurrent.ThreadPoolExecutor.runWorker(ThreadPoolExecutor.java:1144)
	at java.base/java.util.concurrent.ThreadPoolExecutor$Worker.run(ThreadPoolExecutor.java:642)
	at java.base/java.lang.Thread.run(Thread.java:1583)

2025-06-25 -Unregistering ...
2025-06-25 -Request execution error. endpoint=DefaultEndpoint{ serviceUrl='http://localhost:8761/eureka/}, exception=I/O error on DELETE request for "http://localhost:8761/eureka/apps/CARTMODULE/LTIN555640.cts.com:CartModule:9926": Connect to http://localhost:8761 [localhost/127.0.0.1, localhost/0:0:0:0:0:0:0:1] failed: Connection refused: getsockopt stacktrace=org.springframework.web.client.ResourceAccessException: I/O error on DELETE request for "http://localhost:8761/eureka/apps/CARTMODULE/LTIN555640.cts.com:CartModule:9926": Connect to http://localhost:8761 [localhost/127.0.0.1, localhost/0:0:0:0:0:0:0:1] failed: Connection refused: getsockopt
	at org.springframework.web.client.RestTemplate.createResourceAccessException(RestTemplate.java:926)
	at org.springframework.web.client.RestTemplate.doExecute(RestTemplate.java:906)
	at org.springframework.web.client.RestTemplate.execute(RestTemplate.java:841)
	at org.springframework.web.client.RestTemplate.exchange(RestTemplate.java:702)
	at org.springframework.cloud.netflix.eureka.http.RestTemplateEurekaHttpClient.cancel(RestTemplateEurekaHttpClient.java:100)
	at com.netflix.discovery.shared.transport.decorator.EurekaHttpClientDecorator$2.execute(EurekaHttpClientDecorator.java:74)
	at com.netflix.discovery.shared.transport.decorator.RedirectingEurekaHttpClient.executeOnNewServer(RedirectingEurekaHttpClient.java:121)
	at com.netflix.discovery.shared.transport.decorator.RedirectingEurekaHttpClient.execute(RedirectingEurekaHttpClient.java:80)
	at com.netflix.discovery.shared.transport.decorator.EurekaHttpClientDecorator.cancel(EurekaHttpClientDecorator.java:71)
	at com.netflix.discovery.shared.transport.decorator.EurekaHttpClientDecorator$2.execute(EurekaHttpClientDecorator.java:74)
	at com.netflix.discovery.shared.transport.decorator.RetryableEurekaHttpClient.execute(RetryableEurekaHttpClient.java:120)
	at com.netflix.discovery.shared.transport.decorator.EurekaHttpClientDecorator.cancel(EurekaHttpClientDecorator.java:71)
	at com.netflix.discovery.shared.transport.decorator.EurekaHttpClientDecorator$2.execute(EurekaHttpClientDecorator.java:74)
	at com.netflix.discovery.shared.transport.decorator.SessionedEurekaHttpClient.execute(SessionedEurekaHttpClient.java:76)
	at com.netflix.discovery.shared.transport.decorator.EurekaHttpClientDecorator.cancel(EurekaHttpClientDecorator.java:71)
	at com.netflix.discovery.DiscoveryClient.unregister(DiscoveryClient.java:919)
	at com.netflix.discovery.DiscoveryClient.shutdown(DiscoveryClient.java:900)
	at java.base/jdk.internal.reflect.DirectMethodHandleAccessor.invoke(DirectMethodHandleAccessor.java:103)
	at java.base/java.lang.reflect.Method.invoke(Method.java:580)
	at org.springframework.beans.factory.annotation.InitDestroyAnnotationBeanPostProcessor$LifecycleMethod.invoke(InitDestroyAnnotationBeanPostProcessor.java:457)
	at org.springframework.beans.factory.annotation.InitDestroyAnnotationBeanPostProcessor$LifecycleMetadata.invokeDestroyMethods(InitDestroyAnnotationBeanPostProcessor.java:415)
	at org.springframework.beans.factory.annotation.InitDestroyAnnotationBeanPostProcessor.postProcessBeforeDestruction(InitDestroyAnnotationBeanPostProcessor.java:239)
	at org.springframework.beans.factory.support.DisposableBeanAdapter.destroy(DisposableBeanAdapter.java:202)
	at org.springframework.beans.factory.support.DisposableBeanAdapter.run(DisposableBeanAdapter.java:195)
	at org.springframework.cloud.context.scope.GenericScope$BeanLifecycleWrapper.destroy(GenericScope.java:387)
	at org.springframework.cloud.context.scope.GenericScope.destroy(GenericScope.java:134)
	at org.springframework.beans.factory.support.DisposableBeanAdapter.destroy(DisposableBeanAdapter.java:211)
	at org.springframework.beans.factory.support.DefaultSingletonBeanRegistry.destroyBean(DefaultSingletonBeanRegistry.java:798)
	at org.springframework.beans.factory.support.DefaultSingletonBeanRegistry.destroySingleton(DefaultSingletonBeanRegistry.java:748)
	at org.springframework.beans.factory.support.DefaultListableBeanFactory.destroySingleton(DefaultListableBeanFactory.java:1474)
	at org.springframework.beans.factory.support.DefaultSingletonBeanRegistry.destroySingletons(DefaultSingletonBeanRegistry.java:707)
	at org.springframework.beans.factory.support.DefaultListableBeanFactory.destroySingletons(DefaultListableBeanFactory.java:1467)
	at org.springframework.context.support.AbstractApplicationContext.destroyBeans(AbstractApplicationContext.java:1219)
	at org.springframework.context.support.AbstractApplicationContext.doClose(AbstractApplicationContext.java:1180)
	at org.springframework.boot.web.servlet.context.ServletWebServerApplicationContext.doClose(ServletWebServerApplicationContext.java:179)
	at org.springframework.context.support.AbstractApplicationContext.close(AbstractApplicationContext.java:1126)
	at org.springframework.boot.admin.SpringApplicationAdminMXBeanRegistrar$SpringApplicationAdmin.shutdown(SpringApplicationAdminMXBeanRegistrar.java:160)
	at java.base/jdk.internal.reflect.DirectMethodHandleAccessor.invoke(DirectMethodHandleAccessor.java:103)
	at java.base/java.lang.reflect.Method.invoke(Method.java:580)
	at sun.reflect.misc.Trampoline.invoke(MethodUtil.java:64)
	at java.base/jdk.internal.reflect.DirectMethodHandleAccessor.invoke(DirectMethodHandleAccessor.java:103)
	at java.base/java.lang.reflect.Method.invoke(Method.java:580)
	at java.base/sun.reflect.misc.MethodUtil.invoke(MethodUtil.java:97)
	at java.management/com.sun.jmx.mbeanserver.ConvertingMethod.invokeWithOpenReturn(ConvertingMethod.java:193)
	at java.management/com.sun.jmx.mbeanserver.ConvertingMethod.invokeWithOpenReturn(ConvertingMethod.java:175)
	at java.management/com.sun.jmx.mbeanserver.MXBeanIntrospector.invokeM2(MXBeanIntrospector.java:115)
	at java.management/com.sun.jmx.mbeanserver.MXBeanIntrospector.invokeM2(MXBeanIntrospector.java:52)
	at java.management/com.sun.jmx.mbeanserver.MBeanIntrospector.invokeM(MBeanIntrospector.java:236)
	at java.management/com.sun.jmx.mbeanserver.PerInterface.invoke(PerInterface.java:138)
	at java.management/com.sun.jmx.mbeanserver.MBeanSupport.invoke(MBeanSupport.java:252)
	at java.management/com.sun.jmx.interceptor.DefaultMBeanServerInterceptor.invoke(DefaultMBeanServerInterceptor.java:803)
	at java.management/com.sun.jmx.mbeanserver.JmxMBeanServer.invoke(JmxMBeanServer.java:802)
	at java.management.rmi/javax.management.remote.rmi.RMIConnectionImpl.doOperation(RMIConnectionImpl.java:1472)
	at java.management.rmi/javax.management.remote.rmi.RMIConnectionImpl$PrivilegedOperation.run(RMIConnectionImpl.java:1310)
	at java.management.rmi/javax.management.remote.rmi.RMIConnectionImpl.doPrivilegedOperation(RMIConnectionImpl.java:1405)
	at java.management.rmi/javax.management.remote.rmi.RMIConnectionImpl.invoke(RMIConnectionImpl.java:829)
	at java.base/jdk.internal.reflect.DirectMethodHandleAccessor.invoke(DirectMethodHandleAccessor.java:103)
	at java.base/java.lang.reflect.Method.invoke(Method.java:580)
	at java.rmi/sun.rmi.server.UnicastServerRef.dispatch(UnicastServerRef.java:360)
	at java.rmi/sun.rmi.transport.Transport$1.run(Transport.java:200)
	at java.rmi/sun.rmi.transport.Transport$1.run(Transport.java:197)
	at java.base/java.security.AccessController.doPrivileged(AccessController.java:714)
	at java.rmi/sun.rmi.transport.Transport.serviceCall(Transport.java:196)
	at java.rmi/sun.rmi.transport.tcp.TCPTransport.handleMessages(TCPTransport.java:598)
	at java.rmi/sun.rmi.transport.tcp.TCPTransport$ConnectionHandler.run0(TCPTransport.java:844)
	at java.rmi/sun.rmi.transport.tcp.TCPTransport$ConnectionHandler.lambda$run$0(TCPTransport.java:721)
	at java.base/java.security.AccessController.doPrivileged(AccessController.java:400)
	at java.rmi/sun.rmi.transport.tcp.TCPTransport$ConnectionHandler.run(TCPTransport.java:720)
	at java.base/java.util.concurrent.ThreadPoolExecutor.runWorker(ThreadPoolExecutor.java:1144)
	at java.base/java.util.concurrent.ThreadPoolExecutor$Worker.run(ThreadPoolExecutor.java:642)
	at java.base/java.lang.Thread.run(Thread.java:1583)
Caused by: org.apache.hc.client5.http.HttpHostConnectException: Connect to http://localhost:8761 [localhost/127.0.0.1, localhost/0:0:0:0:0:0:0:1] failed: Connection refused: getsockopt
	at java.base/sun.nio.ch.Net.pollConnect(Native Method)
	at java.base/sun.nio.ch.Net.pollConnectNow(Net.java:682)
	at java.base/sun.nio.ch.NioSocketImpl.timedFinishConnect(NioSocketImpl.java:542)
	at java.base/sun.nio.ch.NioSocketImpl.connect(NioSocketImpl.java:592)
	at java.base/java.net.SocksSocketImpl.connect(SocksSocketImpl.java:327)
	at java.base/java.net.Socket.connect(Socket.java:751)
	at org.apache.hc.client5.http.impl.io.DefaultHttpClientConnectionOperator.connect(DefaultHttpClientConnectionOperator.java:216)
	at org.apache.hc.client5.http.impl.io.PoolingHttpClientConnectionManager.connect(PoolingHttpClientConnectionManager.java:490)
	at org.apache.hc.client5.http.impl.classic.InternalExecRuntime.connectEndpoint(InternalExecRuntime.java:164)
	at org.apache.hc.client5.http.impl.classic.InternalExecRuntime.connectEndpoint(InternalExecRuntime.java:174)
	at org.apache.hc.client5.http.impl.classic.ConnectExec.execute(ConnectExec.java:144)
	at org.apache.hc.client5.http.impl.classic.ExecChainElement.execute(ExecChainElement.java:51)
	at org.apache.hc.client5.http.impl.classic.ProtocolExec.execute(ProtocolExec.java:192)
	at org.apache.hc.client5.http.impl.classic.ExecChainElement.execute(ExecChainElement.java:51)
	at org.apache.hc.client5.http.impl.classic.ContentCompressionExec.execute(ContentCompressionExec.java:150)
	at org.apache.hc.client5.http.impl.classic.ExecChainElement.execute(ExecChainElement.java:51)
	at org.apache.hc.client5.http.impl.classic.HttpRequestRetryExec.execute(HttpRequestRetryExec.java:113)
	at org.apache.hc.client5.http.impl.classic.ExecChainElement.execute(ExecChainElement.java:51)
	at org.apache.hc.client5.http.impl.classic.RedirectExec.execute(RedirectExec.java:110)
	at org.apache.hc.client5.http.impl.classic.ExecChainElement.execute(ExecChainElement.java:51)
	at org.apache.hc.client5.http.impl.classic.InternalHttpClient.doExecute(InternalHttpClient.java:183)
	at org.apache.hc.client5.http.impl.classic.CloseableHttpClient.execute(CloseableHttpClient.java:87)
	at org.apache.hc.client5.http.impl.classic.CloseableHttpClient.execute(CloseableHttpClient.java:55)
	at org.apache.hc.client5.http.classic.HttpClient.executeOpen(HttpClient.java:183)
	at org.springframework.http.client.HttpComponentsClientHttpRequest.executeInternal(HttpComponentsClientHttpRequest.java:99)
	at org.springframework.http.client.AbstractStreamingClientHttpRequest.executeInternal(AbstractStreamingClientHttpRequest.java:71)
	at org.springframework.http.client.AbstractClientHttpRequest.execute(AbstractClientHttpRequest.java:81)
	at org.springframework.http.client.InterceptingClientHttpRequest$InterceptingRequestExecution.execute(InterceptingClientHttpRequest.java:117)
	at org.springframework.cloud.netflix.eureka.http.RestTemplateTransportClientFactory.lambda$restTemplate$2(RestTemplateTransportClientFactory.java:145)
	at org.springframework.http.client.InterceptingClientHttpRequest$InterceptingRequestExecution.execute(InterceptingClientHttpRequest.java:88)
	at org.springframework.http.client.InterceptingClientHttpRequest.executeInternal(InterceptingClientHttpRequest.java:72)
	at org.springframework.http.client.AbstractBufferingClientHttpRequest.executeInternal(AbstractBufferingClientHttpRequest.java:48)
	at org.springframework.http.client.AbstractClientHttpRequest.execute(AbstractClientHttpRequest.java:81)
	at org.springframework.web.client.RestTemplate.doExecute(RestTemplate.java:900)
	... 69 more

2025-06-25 -Request execution failed with message: I/O error on DELETE request for "http://localhost:8761/eureka/apps/CARTMODULE/LTIN555640.cts.com:CartModule:9926": Connect to http://localhost:8761 [localhost/127.0.0.1, localhost/0:0:0:0:0:0:0:1] failed: Connection refused: getsockopt
2025-06-25 -DiscoveryClient_CARTMODULE/LTIN555640.cts.com:CartModule:9926 - de-registration failedCannot execute request on any known server
com.netflix.discovery.shared.transport.TransportException: Cannot execute request on any known server
	at com.netflix.discovery.shared.transport.decorator.RetryableEurekaHttpClient.execute(RetryableEurekaHttpClient.java:112)
	at com.netflix.discovery.shared.transport.decorator.EurekaHttpClientDecorator.cancel(EurekaHttpClientDecorator.java:71)
	at com.netflix.discovery.shared.transport.decorator.EurekaHttpClientDecorator$2.execute(EurekaHttpClientDecorator.java:74)
	at com.netflix.discovery.shared.transport.decorator.SessionedEurekaHttpClient.execute(SessionedEurekaHttpClient.java:76)
	at com.netflix.discovery.shared.transport.decorator.EurekaHttpClientDecorator.cancel(EurekaHttpClientDecorator.java:71)
	at com.netflix.discovery.DiscoveryClient.unregister(DiscoveryClient.java:919)
	at com.netflix.discovery.DiscoveryClient.shutdown(DiscoveryClient.java:900)
	at java.base/jdk.internal.reflect.DirectMethodHandleAccessor.invoke(DirectMethodHandleAccessor.java:103)
	at java.base/java.lang.reflect.Method.invoke(Method.java:580)
	at org.springframework.beans.factory.annotation.InitDestroyAnnotationBeanPostProcessor$LifecycleMethod.invoke(InitDestroyAnnotationBeanPostProcessor.java:457)
	at org.springframework.beans.factory.annotation.InitDestroyAnnotationBeanPostProcessor$LifecycleMetadata.invokeDestroyMethods(InitDestroyAnnotationBeanPostProcessor.java:415)
	at org.springframework.beans.factory.annotation.InitDestroyAnnotationBeanPostProcessor.postProcessBeforeDestruction(InitDestroyAnnotationBeanPostProcessor.java:239)
	at org.springframework.beans.factory.support.DisposableBeanAdapter.destroy(DisposableBeanAdapter.java:202)
	at org.springframework.beans.factory.support.DisposableBeanAdapter.run(DisposableBeanAdapter.java:195)
	at org.springframework.cloud.context.scope.GenericScope$BeanLifecycleWrapper.destroy(GenericScope.java:387)
	at org.springframework.cloud.context.scope.GenericScope.destroy(GenericScope.java:134)
	at org.springframework.beans.factory.support.DisposableBeanAdapter.destroy(DisposableBeanAdapter.java:211)
	at org.springframework.beans.factory.support.DefaultSingletonBeanRegistry.destroyBean(DefaultSingletonBeanRegistry.java:798)
	at org.springframework.beans.factory.support.DefaultSingletonBeanRegistry.destroySingleton(DefaultSingletonBeanRegistry.java:748)
	at org.springframework.beans.factory.support.DefaultListableBeanFactory.destroySingleton(DefaultListableBeanFactory.java:1474)
	at org.springframework.beans.factory.support.DefaultSingletonBeanRegistry.destroySingletons(DefaultSingletonBeanRegistry.java:707)
	at org.springframework.beans.factory.support.DefaultListableBeanFactory.destroySingletons(DefaultListableBeanFactory.java:1467)
	at org.springframework.context.support.AbstractApplicationContext.destroyBeans(AbstractApplicationContext.java:1219)
	at org.springframework.context.support.AbstractApplicationContext.doClose(AbstractApplicationContext.java:1180)
	at org.springframework.boot.web.servlet.context.ServletWebServerApplicationContext.doClose(ServletWebServerApplicationContext.java:179)
	at org.springframework.context.support.AbstractApplicationContext.close(AbstractApplicationContext.java:1126)
	at org.springframework.boot.admin.SpringApplicationAdminMXBeanRegistrar$SpringApplicationAdmin.shutdown(SpringApplicationAdminMXBeanRegistrar.java:160)
	at java.base/jdk.internal.reflect.DirectMethodHandleAccessor.invoke(DirectMethodHandleAccessor.java:103)
	at java.base/java.lang.reflect.Method.invoke(Method.java:580)
	at sun.reflect.misc.Trampoline.invoke(MethodUtil.java:64)
	at java.base/jdk.internal.reflect.DirectMethodHandleAccessor.invoke(DirectMethodHandleAccessor.java:103)
	at java.base/java.lang.reflect.Method.invoke(Method.java:580)
	at java.base/sun.reflect.misc.MethodUtil.invoke(MethodUtil.java:97)
	at java.management/com.sun.jmx.mbeanserver.ConvertingMethod.invokeWithOpenReturn(ConvertingMethod.java:193)
	at java.management/com.sun.jmx.mbeanserver.ConvertingMethod.invokeWithOpenReturn(ConvertingMethod.java:175)
	at java.management/com.sun.jmx.mbeanserver.MXBeanIntrospector.invokeM2(MXBeanIntrospector.java:115)
	at java.management/com.sun.jmx.mbeanserver.MXBeanIntrospector.invokeM2(MXBeanIntrospector.java:52)
	at java.management/com.sun.jmx.mbeanserver.MBeanIntrospector.invokeM(MBeanIntrospector.java:236)
	at java.management/com.sun.jmx.mbeanserver.PerInterface.invoke(PerInterface.java:138)
	at java.management/com.sun.jmx.mbeanserver.MBeanSupport.invoke(MBeanSupport.java:252)
	at java.management/com.sun.jmx.interceptor.DefaultMBeanServerInterceptor.invoke(DefaultMBeanServerInterceptor.java:803)
	at java.management/com.sun.jmx.mbeanserver.JmxMBeanServer.invoke(JmxMBeanServer.java:802)
	at java.management.rmi/javax.management.remote.rmi.RMIConnectionImpl.doOperation(RMIConnectionImpl.java:1472)
	at java.management.rmi/javax.management.remote.rmi.RMIConnectionImpl$PrivilegedOperation.run(RMIConnectionImpl.java:1310)
	at java.management.rmi/javax.management.remote.rmi.RMIConnectionImpl.doPrivilegedOperation(RMIConnectionImpl.java:1405)
	at java.management.rmi/javax.management.remote.rmi.RMIConnectionImpl.invoke(RMIConnectionImpl.java:829)
	at java.base/jdk.internal.reflect.DirectMethodHandleAccessor.invoke(DirectMethodHandleAccessor.java:103)
	at java.base/java.lang.reflect.Method.invoke(Method.java:580)
	at java.rmi/sun.rmi.server.UnicastServerRef.dispatch(UnicastServerRef.java:360)
	at java.rmi/sun.rmi.transport.Transport$1.run(Transport.java:200)
	at java.rmi/sun.rmi.transport.Transport$1.run(Transport.java:197)
	at java.base/java.security.AccessController.doPrivileged(AccessController.java:714)
	at java.rmi/sun.rmi.transport.Transport.serviceCall(Transport.java:196)
	at java.rmi/sun.rmi.transport.tcp.TCPTransport.handleMessages(TCPTransport.java:598)
	at java.rmi/sun.rmi.transport.tcp.TCPTransport$ConnectionHandler.run0(TCPTransport.java:844)
	at java.rmi/sun.rmi.transport.tcp.TCPTransport$ConnectionHandler.lambda$run$0(TCPTransport.java:721)
	at java.base/java.security.AccessController.doPrivileged(AccessController.java:400)
	at java.rmi/sun.rmi.transport.tcp.TCPTransport$ConnectionHandler.run(TCPTransport.java:720)
	at java.base/java.util.concurrent.ThreadPoolExecutor.runWorker(ThreadPoolExecutor.java:1144)
	at java.base/java.util.concurrent.ThreadPoolExecutor$Worker.run(ThreadPoolExecutor.java:642)
	at java.base/java.lang.Thread.run(Thread.java:1583)
2025-06-25 -Completed shut down of DiscoveryClient
